style,artist,title,matched,video_id,youtube_url,video_title,source,score,searched_at
Abstract,Wedding Acid Group,City Gate Funk,yes,eZG6HOEq43k,https://music.youtube.com/watch?v=eZG6HOEq43k,Wedding Acid Group -- City Gate Funk,ytmusic,100.0,2026-09-04T01:11:52
Abstract,Wedding Acid Group,Colombo Acid,yes,aE7SDnVv5CI,https://music.youtube.com/watch?v=aE7SDnVv5CI,Wedding Acid Group -- Colombo Acid,ytmusic,100.0,2026-09-04T01:11:48
Abstract,Wedding Acid Group,Dog Park Memories,yes,dlitH46rTdg,https://music.youtube.com/watch?v=dlitH46rTdg,Wedding Acid Group  -- Dog Park Memories,ytmusic,100.0,2026-09-04T01:11:51
Abstract,Wedding Acid Group,Lost Memory FM,yes,d_9LzXchABY,https://music.youtube.com/watch?v=d_9LzXchABY,Wedding Acid Group -- Lost Memory Fm,ytmusic,100.0,2026-09-04T01:11:49
Abstract,Wedding Acid Group,Low Moisture Acid,yes,BJvwYpfu4U8,https://music.youtube.com/watch?v=BJvwYpfu4U8,Wedding Acid Group - Low Moisture Acid [USR027],ytmusic,100.0,2026-09-04T01:11:48
Abstract,Wedding Acid Group,Optimistic Acid,yes,1VXR1VyI3eU,https://music.youtube.com/watch?v=1VXR1VyI3eU,Wedding Acid Group -- Optimistic Acid,ytmusic,100.0,2026-09-04T01:11:50
Abstract,Wedding Acid Group,Sunday Circles,yes,TenxTel3_9Y,https://music.youtube.com/watch?v=TenxTel3_9Y,Wedding Acid Group -- Sunday Circles,ytmusic,100.0,2026-09-04T01:11:51
Abstract,Wedding Acid Group,Toy Story,yes,dr4b-a0zt8E,https://music.youtube.com/watch?v=dr4b-a0zt8E,Wedding Acid Group -- Toy Story,ytmusic,100.0,2026-09-04T01:11:47
Acid,A***,Untitled,yes,0TTRXT9ECs0,https://music.youtube.com/watch?v=0TTRXT9ECs0,Untitled A,ytmusic,76.19047619047619,2026-09-04T01:20:44
Acid,A***,Untitled,yes,0TTRXT9ECs0,https://music.youtube.com/watch?v=0TTRXT9ECs0,Untitled A,ytmusic,76.19047619047619,2026-09-04T01:20:44
Acid,A***,Untitled,yes,0TTRXT9ECs0,https://music.youtube.com/watch?v=0TTRXT9ECs0,Untitled A,ytmusic,76.19047619047619,2026-09-04T01:20:44
Acid,A:G,Catching Up,yes,CEFA8x5o9AE,https://music.youtube.com/watch?v=CEFA8x5o9AE,(A1) A:G - Catching Up - [Lirica Archives] - 2026,ytmusic,100.0,2026-09-04T01:11:44
Acid,A:G,Impulses,yes,jjhCc7ctU3c,https://music.youtube.com/watch?v=jjhCc7ctU3c,(B1) A:G - Impulses - [Lirica Archives] - 2026,ytmusic,100.0,2026-09-04T01:11:45
Acid,A:G,Let It Go,yes,x__PQ5HfaJI,https://music.youtube.com/watch?v=x__PQ5HfaJI,(B2) A:G - Let it Go - [Lirica Archives] - 2026,ytmusic,100.0,2026-09-04T01:11:46
Acid,A:G,New Doors,yes,FUqJi5T1m5s,https://music.youtube.com/watch?v=FUqJi5T1m5s,(B3) A:G - New Doors - [Lirica Archives] - 2026,ytmusic,100.0,2026-09-04T01:11:46
Acid,A:G,That's Not The Moon,yes,9l0PNcpJhYs,https://music.youtube.com/watch?v=9l0PNcpJhYs,(A2) A:G - That's not the moon - [Lirica Archives] - 2026,ytmusic,100.0,2026-09-04T01:11:44
Acid,Abdul Raeva,Hard Discount Primitivo,yes,xpJRKoPj3QM,https://music.youtube.com/watch?v=xpJRKoPj3QM,Hard Discount Primitivo,ytmusic,100.0,2026-09-04T01:21:03
Acid,Abdul Raeva,Karima's Duff Duff,yes,6iGQ0fZF27g,https://music.youtube.com/watch?v=6iGQ0fZF27g,Karima's Duff Duff,ytmusic,100.0,2026-09-04T01:21:02
Acid,Abdul Raeva,Ooga Booga Acid Time,yes,0DRrZkevMG4,https://music.youtube.com/watch?v=0DRrZkevMG4,Ooga Booga Acid Time,ytmusic,100.0,2026-09-04T01:21:03
Acid,Abdul Raeva,The Caballero Thrust Programme,yes,dP1r2Y7ECco,https://music.youtube.com/watch?v=dP1r2Y7ECco,The Caballero Thrust Programme,ytmusic,100.0,2026-09-04T01:21:02
Acid,Amount,Glossar,yes,oQw54k5M_dc,https://music.youtube.com/watch?v=oQw54k5M_dc,Amount - Glossar,ytmusic,100.0,2026-09-04T01:15:29
Acid,Amount,Source Direct,yes,n2FEfJzsI88,https://music.youtube.com/watch?v=n2FEfJzsI88,Amount - Source Direct,ytmusic,100.0,2026-09-04T01:15:29
Acid,Amount,Stompin,yes,k5wKQufL6c8,https://music.youtube.com/watch?v=k5wKQufL6c8,Amount - Stompin,ytmusic,100.0,2026-09-04T01:15:28
Acid,Asphalt DJ,2 De Wave,yes,d-K0I0JJzk0,https://music.youtube.com/watch?v=d-K0I0JJzk0,Asphalt DJ - 2 De Wave [HAWS023],ytmusic,100.0,2026-09-04T01:15:04
Acid,Asphalt DJ,Eternal Flower,yes,wFQBSeJoTlg,https://music.youtube.com/watch?v=wFQBSeJoTlg,Asphalt DJ - Eternal Flower,ytmusic,100.0,2026-09-04T01:15:04
Acid,Asphalt DJ,In My Mind,yes,e0fslXBxnok,https://music.youtube.com/watch?v=e0fslXBxnok,Asphalt DJ - In My Mind,ytmusic,100.0,2026-09-04T01:15:03
Acid,Asphalt DJ,Sonic Endeavour,yes,KoTv3Yj8nTo,https://music.youtube.com/watch?v=KoTv3Yj8nTo,Asphalt DJ - Sonic Endeavour [HAWS023],ytmusic,100.0,2026-09-04T01:15:05
Acid,Cam Stockman,Chicktikka,yes,HuSBtJ33LT8,https://music.youtube.com/watch?v=HuSBtJ33LT8,Chicktikka,ytmusic,100.0,2026-09-04T01:18:52
Acid,Cam Stockman,Dreams In The RS,yes,lyGjxWvMACM,https://music.youtube.com/watch?v=lyGjxWvMACM,Dreams In The RS,ytmusic,100.0,2026-09-04T01:18:51
Acid,Cam Stockman,The Acceptance Speech,yes,li62882C4Sw,https://music.youtube.com/watch?v=li62882C4Sw,The Acceptance Speech,ytmusic,100.0,2026-09-04T01:18:53
Acid,Cam Stockman,Useless,yes,FqG5VmjPKkI,https://music.youtube.com/watch?v=FqG5VmjPKkI,Useless,ytmusic,100.0,2026-09-04T01:18:52
Acid,"Cesare Muraca, Aymeric",365 Days,yes,nKuvinxp06Y,https://music.youtube.com/watch?v=nKuvinxp06Y,Cesare Muraca - 365 Days,ytmusic,68.65671641791045,2026-09-04T01:11:14
Acid,"Cesare Muraca, Aymeric",Funky Things,yes,7ajmkib0R0M,https://music.youtube.com/watch?v=7ajmkib0R0M,Aymeric - Funky Things,ytmusic,74.07407407407408,2026-09-04T01:11:15
Acid,"Cesare Muraca, Aymeric",Initial Commit,yes,KzCc8sLZdZM,https://music.youtube.com/watch?v=KzCc8sLZdZM,Aymeric - Initial Commit,ytmusic,75.86206896551724,2026-09-04T01:11:14
Acid,"Cesare Muraca, Aymeric",Possibilities,yes,_SqWMXMpXjc,https://music.youtube.com/watch?v=_SqWMXMpXjc,Cesare Muraca - Possibilities,ytmusic,72.72727272727272,2026-09-04T01:11:13
Acid,"Cesare Muraca, Aymeric",Tasty Bonus,yes,U04PMWOZUhk,https://music.youtube.com/watch?v=U04PMWOZUhk,Aymeric - Tasty Bonus,ytmusic,73.07692307692308,2026-09-04T01:11:16
Acid,DMX Krew,2 More 606es,yes,IgmwMaGvLH8,https://music.youtube.com/watch?v=IgmwMaGvLH8,2 more 606es,ytmusic,100.0,2026-09-04T01:20:02
Acid,DMX Krew,Distress Signal On Mars,yes,nF10nl31jF4,https://music.youtube.com/watch?v=nF10nl31jF4,Distress Signal On Mars,ytmusic,100.0,2026-09-04T01:20:00
Acid,DMX Krew,Local Off,yes,U7MazbQrOWE,https://music.youtube.com/watch?v=U7MazbQrOWE,Local Off,ytmusic,100.0,2026-09-04T01:19:59
Acid,DMX Krew,Software User Guide,yes,tNrzUIaITz4,https://music.youtube.com/watch?v=tNrzUIaITz4,Software User Guide,ytmusic,100.0,2026-09-04T01:19:59
Acid,DMX Krew,Time Holes,yes,upe-VD1XOFU,https://music.youtube.com/watch?v=upe-VD1XOFU,Time Holes,ytmusic,100.0,2026-09-04T01:20:01
Acid,DMX Krew,Trigger Warning,yes,TKktL7fotTo,https://music.youtube.com/watch?v=TKktL7fotTo,Trigger Warning,ytmusic,100.0,2026-09-04T01:19:58
Acid,"Disco Stup, Swin",Broken Mute Point,yes,3v51V1gc82A,https://music.youtube.com/watch?v=3v51V1gc82A,Broken Mute Point,ytmusic,90.3225806451613,2026-09-04T01:21:13
Acid,"Disco Stup, Swin",Entropy,yes,ZK8bR-41e08,https://music.youtube.com/watch?v=ZK8bR-41e08,Entropy,ytmusic,100.0,2026-09-04T01:21:15
Acid,"Disco Stup, Swin",I’ll Show You The Attic,yes,LN5seoAIlb8,https://music.youtube.com/watch?v=LN5seoAIlb8,I’ll Show You The Attic,ytmusic,92.06349206349206,2026-09-04T01:21:14
Acid,"Disco Stup, Swin",Loosing Their Minds,yes,IAuOsO710CE,https://music.youtube.com/watch?v=IAuOsO710CE,Loosing Their Minds,ytmusic,100.0,2026-09-04T01:21:15
Acid,Donato Dozzy,Back,yes,lcWEODiXT5Q,https://music.youtube.com/watch?v=lcWEODiXT5Q,Back,ytmusic,100.0,2026-09-04T01:11:03
Acid,Donato Dozzy,Duetto,yes,K6UrJMPd6Ts,https://music.youtube.com/watch?v=K6UrJMPd6Ts,Duetto,ytmusic,100.0,2026-09-04T01:11:02
Acid,Donato Dozzy,Filo,yes,Xlfo6qZmBIU,https://music.youtube.com/watch?v=Xlfo6qZmBIU,Filo,ytmusic,100.0,2026-09-04T01:11:00
Acid,Donato Dozzy,Nine O' Three,yes,6vLUN4abXhI,https://music.youtube.com/watch?v=6vLUN4abXhI,Nine O' Three,ytmusic,100.0,2026-09-04T01:11:02
Acid,Donato Dozzy,Rep,yes,-2a5l-zrrqs,https://music.youtube.com/watch?v=-2a5l-zrrqs,REP,ytmusic,100.0,2026-09-04T01:11:05
Acid,Donato Dozzy,Tb Square,yes,3WAkvZR8Dek,https://music.youtube.com/watch?v=3WAkvZR8Dek,TB Square,ytmusic,100.0,2026-09-04T01:11:04
Acid,Donato Dozzy,Vetta,yes,KGtTFPHCbRk,https://music.youtube.com/watch?v=KGtTFPHCbRk,Vetta,ytmusic,100.0,2026-09-04T01:11:01
Acid,Donato Dozzy,Vetta Reprise,yes,5bDwL6sZRCA,https://music.youtube.com/watch?v=5bDwL6sZRCA,Vetta Reprise,ytmusic,100.0,2026-09-04T01:11:03
Acid,Dove Quiete,My Jordan,yes,zSHyW0y8bjc,https://music.youtube.com/watch?v=zSHyW0y8bjc,A2 MY JORDAN   DOVE QUIETE FEAT BELLA LADOUX,ytmusic,100.0,2026-09-04T01:20:09
Acid,Dove Quiete,So I Ride,yes,uf0jG2DCZYI,https://music.youtube.com/watch?v=uf0jG2DCZYI,A1 SO I RIDE   DOVE QUIETE FEAT BELLA LADOUX,ytmusic,100.0,2026-09-04T01:20:10
Acid,Dove Quiete,Something For,yes,sJZiXFAU-vY,https://music.youtube.com/watch?v=sJZiXFAU-vY,Dove è quiete,ytmusic,68.0,2026-09-04T01:20:11
Acid,Furious Frank,Dangerous Dancer,yes,7liGzWbBXIc,https://music.youtube.com/watch?v=7liGzWbBXIc,Furious Frank - Dangerous Dancer (Official),ytmusic,100.0,2026-09-04T01:19:55
Acid,Furious Frank,Heysen Trail,yes,NdU4PT1H6GI,https://music.youtube.com/watch?v=NdU4PT1H6GI,Furious Frank - Heysen Trail,ytmusic,100.0,2026-09-04T01:19:57
Acid,Furious Frank,Magic Mountain,yes,IBAl_JWCKAg,https://music.youtube.com/watch?v=IBAl_JWCKAg,"Furious Frank – Magic Mountain (Ken Oath Records, 2017)",ytmusic,100.0,2026-09-04T01:19:55
Acid,Furious Frank,The Grotto,yes,AOMAFeNky1E,https://music.youtube.com/watch?v=AOMAFeNky1E,PREMIERE: Furious Frank - The Grotto [Ken Oath],ytmusic,100.0,2026-09-04T01:19:56
Acid,Furious Frank,Woorabinda Reserve,yes,_jVRv_P8EPA,https://music.youtube.com/watch?v=_jVRv_P8EPA,Furious Frank   Woorabinda Reserve,ytmusic,100.0,2026-09-04T01:19:58
Acid,Ildec,003000009,yes,b0RFCg6QHZg,https://music.youtube.com/watch?v=b0RFCg6QHZg,Ildec - 003000009,ytmusic,100.0,2026-09-04T01:20:15
Acid,Ildec,Explore The Universe,yes,5GaNR6dwDPQ,https://music.youtube.com/watch?v=5GaNR6dwDPQ,Ildec - Explore The Universe,ytmusic,100.0,2026-09-04T01:20:14
Acid,Ildec,Rosco,yes,thfiWiCQdDs,https://music.youtube.com/watch?v=thfiWiCQdDs,Ildec - Rosco (PTN023),ytmusic,100.0,2026-09-04T01:20:16
Acid,Ildec,Sunrise In Ukraine,yes,5acCdWB4Ii4,https://music.youtube.com/watch?v=5acCdWB4Ii4,Ildec - Sunrise In Ukraine (PTN023),ytmusic,100.0,2026-09-04T01:20:15
Acid,J-Zbel,Bertrand Au Mont D'Or,yes,mzCbZ68TqK0,https://music.youtube.com/watch?v=mzCbZ68TqK0,Bertrand au mont d'or,ytmusic,100.0,2026-09-04T01:11:09
Acid,J-Zbel,Check-In,yes,WQQ6BRWU4F8,https://music.youtube.com/watch?v=WQQ6BRWU4F8,Check-In,ytmusic,100.0,2026-09-04T01:11:06
Acid,J-Zbel,Diablo Verde Part. II,yes,MPEexaL-mU0,https://music.youtube.com/watch?v=MPEexaL-mU0,J-Zbel - Diablo Verde Part. II - Dog’s Fart Is So Bad That Cat Throws Up - BFDM020,ytmusic,100.0,2026-09-04T01:11:12
Acid,J-Zbel,Excremangue,yes,4axELLrP4qg,https://music.youtube.com/watch?v=4axELLrP4qg,Excremangue,ytmusic,100.0,2026-09-04T01:11:11
Acid,J-Zbel,Hardcore Jusqu'au PEF,yes,y3JWSsMsIi8,https://music.youtube.com/watch?v=y3JWSsMsIi8,Hardcore jusqu'au PEF,ytmusic,100.0,2026-09-04T01:11:06
Acid,J-Zbel,Le Riddim Du Bardouin,yes,6ywZMaW0czY,https://music.youtube.com/watch?v=6ywZMaW0czY,Le riddim du bardouin,ytmusic,100.0,2026-09-04T01:11:07
Acid,J-Zbel,Mortel Kombat,yes,Zc-SZYm9A5g,https://music.youtube.com/watch?v=Zc-SZYm9A5g,Mortal Kombat,ytmusic,95.0,2026-09-04T01:11:07
Acid,J-Zbel,Pardon Mouloud,yes,ceJAOla07WY,https://music.youtube.com/watch?v=ceJAOla07WY,Pardon mouloud,ytmusic,100.0,2026-09-04T01:11:11
Acid,J-Zbel,Rustie Le Clown,yes,fawH9f_UYrY,https://music.youtube.com/watch?v=fawH9f_UYrY,Rustie le clown,ytmusic,100.0,2026-09-04T01:11:09
Acid,J-Zbel,Sebulba,yes,GaOih2mc5NU,https://music.youtube.com/watch?v=GaOih2mc5NU,Sebulba (feat. Simo Cell),ytmusic,100.0,2026-09-04T01:11:10
Acid,J-Zbel,The J-Zbel Anthem,yes,8bRDvPhU3IY,https://music.youtube.com/watch?v=8bRDvPhU3IY,The J-Zbel Anthem,ytmusic,100.0,2026-09-04T01:11:12
Acid,J-Zbel,Tunnel Vision,yes,MG3TTKmJM1k,https://music.youtube.com/watch?v=MG3TTKmJM1k,Tunnel Vision,ytmusic,100.0,2026-09-04T01:11:08
Acid,"Jonny Rock, Jonny Rock",Version 1,yes,9j_IE1SjDWU,https://music.youtube.com/watch?v=9j_IE1SjDWU,A1,ytmusic,86.95652173913044,2026-09-04T01:21:11
Acid,"Jonny Rock, Jonny Rock",Version 2,yes,9j_IE1SjDWU,https://music.youtube.com/watch?v=9j_IE1SjDWU,A1,ytmusic,86.95652173913044,2026-09-04T01:21:12
Acid,KG Beat,Full Moon Escapade,yes,6kIW3FdhyqI,https://music.youtube.com/watch?v=6kIW3FdhyqI,Kg Beat - Full Moon Escapade,ytmusic,100.0,2026-09-04T01:17:51
Acid,KG Beat,The Breathing Engine,yes,ur2GNYme3Qs,https://music.youtube.com/watch?v=ur2GNYme3Qs,The Breathing Engine,ytmusic,100.0,2026-09-04T01:17:51
Acid,KG Beat,The Spies Are Among Us,yes,zAT-dOoMzPE,https://music.youtube.com/watch?v=zAT-dOoMzPE,KG Beat - The Spies Are Among US,ytmusic,100.0,2026-09-04T01:17:53
Acid,KG Beat,You Can Fly,yes,sWuDTnc1MvA,https://music.youtube.com/watch?v=sWuDTnc1MvA,You Can Fly,ytmusic,100.0,2026-09-04T01:17:52
Acid,Sedona,Pulsation (Ascending),yes,OiiUf0FrEaY,https://music.youtube.com/watch?v=OiiUf0FrEaY,Pulsation (Ascending),ytmusic,100.0,2026-09-04T01:15:18
Acid,Sedona,Pulsation (Naone Ice Breaker Remix),yes,AbK1q1y-J5Y,https://music.youtube.com/watch?v=AbK1q1y-J5Y,Pulsation (Naone Ice Breaker Remix),ytmusic,100.0,2026-09-04T01:15:19
Acid,Sedona,Pulsation (Sinister),yes,SUaWMG4YkT0,https://music.youtube.com/watch?v=SUaWMG4YkT0,Sedona - Pulsation (Sinister)  [1995],ytmusic,100.0,2026-09-04T01:15:20
Acid,Sedona,Pulsation (Test Tube),yes,SC-d5F543lA,https://music.youtube.com/watch?v=SC-d5F543lA,Pulsation (Test Tube),ytmusic,100.0,2026-09-04T01:15:19
Acid,Slamm,"Energize (12"" Master)",yes,BvRHfkcxvec,https://music.youtube.com/watch?v=BvRHfkcxvec,Energize,ytmusic,100.0,2026-09-04T01:13:22
Acid,Slamm,Energize (Captain's Log Mix),yes,BvRHfkcxvec,https://music.youtube.com/watch?v=BvRHfkcxvec,Energize,ytmusic,100.0,2026-09-04T01:13:25
Acid,Slamm,Energize (La Camorra Headless Mix),yes,BvRHfkcxvec,https://music.youtube.com/watch?v=BvRHfkcxvec,Energize,ytmusic,100.0,2026-09-04T01:13:22
Acid,Slamm,Energize (Ride Of The Vulcans Mix),yes,BvRHfkcxvec,https://music.youtube.com/watch?v=BvRHfkcxvec,Energize,ytmusic,100.0,2026-09-04T01:13:24
Acid,Slamm,Energize (Safe Hands Planet Mix),yes,BvRHfkcxvec,https://music.youtube.com/watch?v=BvRHfkcxvec,Energize,ytmusic,100.0,2026-09-04T01:13:23
Acid,Ubiquity,Bolivian Angel (Dream Frequency Meets Rob Tissera Dj's Delight Mix),yes,GYH2Ciq-k7I,https://music.youtube.com/watch?v=GYH2Ciq-k7I,Ubiquity - Bolivian Angel (Dream Frequency Meets Rob Tissera Dj's Delight Mix)  🇬🇧,ytmusic,100.0,2026-09-04T01:13:48
Acid,Ubiquity,Bolivian Angel (Dream Frequency Meets Rob Tissera Oblivion  94 Mix),yes,nfQlY5Lni5Y,https://music.youtube.com/watch?v=nfQlY5Lni5Y,Ubiquity  -  Bolivian Angel  (Dream Frequency Meets Rob Tissera Oblivion 94 Mix),ytmusic,100.0,2026-09-04T01:13:47
Acid,Ubiquity,Bolivian Angel (Original Bedroom Mix),yes,3fRtxljQcOw,https://music.youtube.com/watch?v=3fRtxljQcOw,[Progressive Trance] Ubiquity - Bolivian Angel (Original Bedroom Mix) (A1) [1994],ytmusic,100.0,2026-09-04T01:13:45
Acid,Ubiquity,Bolivian Angel (The Eastern Bloc Remix),yes,_rbIcpYqJu8,https://music.youtube.com/watch?v=_rbIcpYqJu8,Ubiquity - Bolivian Angel (The Eastern Bloc Remix),ytmusic,100.0,2026-09-04T01:13:46
Acid,Various,Festichola,yes,s2FNKNSVa9U,https://music.youtube.com/watch?v=s2FNKNSVa9U,Festichola,ytmusic,74.07407407407408,2026-09-04T01:12:20
Acid,Various,Loop Hole,yes,9OEIRJNPp9I,https://music.youtube.com/watch?v=9OEIRJNPp9I,Loop Hole,ytmusic,78.26086956521739,2026-09-04T01:12:19
Acid,Various,Rising Down,yes,NscoHuEJdbQ,https://music.youtube.com/watch?v=NscoHuEJdbQ,Rising Down,ytmusic,78.57142857142857,2026-09-04T01:12:21
Acid,Various,You Are,yes,iyHDHYrdWPs,https://music.youtube.com/watch?v=iyHDHYrdWPs,All the things you are - Backing Track,ytdlp,63.63636363636363,2026-09-04T01:12:22
Acid,Venetia,Camel,yes,GYfSBbDg4hw,https://music.youtube.com/watch?v=GYfSBbDg4hw,Venetia - Camel,ytmusic,100.0,2026-09-04T01:18:49
Acid,Venetia,Jet,yes,l88zEiBVK_s,https://music.youtube.com/watch?v=l88zEiBVK_s,Venetia - Jet [SN003],ytmusic,100.0,2026-09-04T01:18:49
Acid,Venetia,Shangri-La Disco,yes,FUXaf-XCkOY,https://music.youtube.com/watch?v=FUXaf-XCkOY,Venetia - Shangri-La Disco [SN003],ytmusic,100.0,2026-09-04T01:18:51
Acid,Venetia,The Mind,yes,I8_aRo_zpQs,https://music.youtube.com/watch?v=I8_aRo_zpQs,Venetia - The Mind (SN003),ytmusic,100.0,2026-09-04T01:18:50
Acid,Wedding Acid Group,City Gate Funk,yes,eZG6HOEq43k,https://music.youtube.com/watch?v=eZG6HOEq43k,Wedding Acid Group -- City Gate Funk,ytmusic,100.0,2026-09-04T01:11:52
Acid,Wedding Acid Group,Colombo Acid,yes,aE7SDnVv5CI,https://music.youtube.com/watch?v=aE7SDnVv5CI,Wedding Acid Group -- Colombo Acid,ytmusic,100.0,2026-09-04T01:11:48
Acid,Wedding Acid Group,Dog Park Memories,yes,dlitH46rTdg,https://music.youtube.com/watch?v=dlitH46rTdg,Wedding Acid Group  -- Dog Park Memories,ytmusic,100.0,2026-09-04T01:11:51
Acid,Wedding Acid Group,Lost Memory FM,yes,d_9LzXchABY,https://music.youtube.com/watch?v=d_9LzXchABY,Wedding Acid Group -- Lost Memory Fm,ytmusic,100.0,2026-09-04T01:11:49
Acid,Wedding Acid Group,Low Moisture Acid,yes,BJvwYpfu4U8,https://music.youtube.com/watch?v=BJvwYpfu4U8,Wedding Acid Group - Low Moisture Acid [USR027],ytmusic,100.0,2026-09-04T01:11:48
Acid,Wedding Acid Group,Optimistic Acid,yes,1VXR1VyI3eU,https://music.youtube.com/watch?v=1VXR1VyI3eU,Wedding Acid Group -- Optimistic Acid,ytmusic,100.0,2026-09-04T01:11:50
Acid,Wedding Acid Group,Sunday Circles,yes,TenxTel3_9Y,https://music.youtube.com/watch?v=TenxTel3_9Y,Wedding Acid Group -- Sunday Circles,ytmusic,100.0,2026-09-04T01:11:51
Acid,Wedding Acid Group,Toy Story,yes,dr4b-a0zt8E,https://music.youtube.com/watch?v=dr4b-a0zt8E,Wedding Acid Group -- Toy Story,ytmusic,100.0,2026-09-04T01:11:47
Acid House,A***,Untitled,yes,0TTRXT9ECs0,https://music.youtube.com/watch?v=0TTRXT9ECs0,Untitled A,ytmusic,76.19047619047619,2026-09-04T01:20:44
Acid House,A***,Untitled,yes,0TTRXT9ECs0,https://music.youtube.com/watch?v=0TTRXT9ECs0,Untitled A,ytmusic,76.19047619047619,2026-09-04T01:20:44
Acid House,A***,Untitled,yes,0TTRXT9ECs0,https://music.youtube.com/watch?v=0TTRXT9ECs0,Untitled A,ytmusic,76.19047619047619,2026-09-04T01:20:44
Acid House,Boogie Buffet,Back 2 Boogie (Acid Burns Mix),yes,gyS7-3l02Gs,https://music.youtube.com/watch?v=gyS7-3l02Gs,Boogie Buffet - Back 2 Boogie (Acid Burns Mix),ytmusic,100.0,2026-09-04T01:15:48
Acid House,Boogie Buffet,Back 2 Boogie (Deeper Mix),yes,BSLwkFogOjY,https://music.youtube.com/watch?v=BSLwkFogOjY,Back 2 Boogie (Revival Mix),ytmusic,86.20689655172414,2026-09-04T01:15:48
Acid House,Boogie Buffet,Back 2 Boogie (Revival Mix),yes,BSLwkFogOjY,https://music.youtube.com/watch?v=BSLwkFogOjY,Back 2 Boogie (Revival Mix),ytmusic,100.0,2026-09-04T01:15:46
Acid House,Boogie Buffet,Back 2 Boogie (Revival Re Edit),yes,BSLwkFogOjY,https://music.youtube.com/watch?v=BSLwkFogOjY,Back 2 Boogie (Revival Mix),ytmusic,92.06349206349206,2026-09-04T01:15:47
Acid House,Gogo Gadgeto,Electric Spliff,yes,eSFRSrmFF8M,https://music.youtube.com/watch?v=eSFRSrmFF8M,Gogo Gadgeto - Electric Spliff [LMBG15],ytmusic,100.0,2026-09-04T01:12:55
Acid House,Gogo Gadgeto,Gadgeto Theme,yes,7f7P2pID7DY,https://music.youtube.com/watch?v=7f7P2pID7DY,Gogo Gadgeto - Gadgeto Theme [LMBG15],ytmusic,100.0,2026-09-04T01:12:54
Acid House,Gogo Gadgeto,Spooky Adventure,yes,ljbsR5LqIkg,https://music.youtube.com/watch?v=ljbsR5LqIkg,Gogo Gadgeto - Spooky Adventure,ytmusic,100.0,2026-09-04T01:12:55
Acid House,Gogo Gadgeto,Weird Science (Gadgeto Edit),yes,lSXKjMYq8Qc,https://music.youtube.com/watch?v=lSXKjMYq8Qc,Gogo Gadgeto - Weird Science (Gadgeto Edit) [LMBG15],ytmusic,100.0,2026-09-04T01:12:56
Acid House,Heatsick,Dream Tennis (Clima Remix),yes,0ZirIm60DQs,https://music.youtube.com/watch?v=0ZirIm60DQs,Dream Tennis (Young Marco Remix),ytmusic,88.88888888888889,2026-09-04T01:21:30
Acid House,Heatsick,Dream Tennis (Legowelt W30 Palm Springs Pawn Shop Remix),yes,ZBgWZp0yA-s,https://music.youtube.com/watch?v=ZBgWZp0yA-s,Heatsick - Dream Tennis (Legowelt W30 Palm Springs Pawn Shop Remix),ytmusic,100.0,2026-09-04T01:21:28
Acid House,Heatsick,Dream Tennis (Willie Burns Remix),yes,WvsrSdMoMGw,https://music.youtube.com/watch?v=WvsrSdMoMGw,Dream Tennis (Young Marco Remix) (feat. Young Marco),ytmusic,80.0,2026-09-04T01:21:29
Acid House,Heatsick,Dream Tennis (Young Marco Remix),yes,WvsrSdMoMGw,https://music.youtube.com/watch?v=WvsrSdMoMGw,Dream Tennis (Young Marco Remix) (feat. Young Marco),ytmusic,100.0,2026-09-04T01:21:30
Acid House,Miles Mercer,My Name Is What,yes,qCtCAeCFSxo,https://music.youtube.com/watch?v=qCtCAeCFSxo,MY NAME IS MY NAME,ytmusic,91.42857142857143,2026-09-04T01:18:20
Acid House,Miles Mercer,Occult Explosion,yes,9sdUVxkaFIU,https://music.youtube.com/watch?v=9sdUVxkaFIU,Miles Mercer — Occult Explosion [Premiere],ytmusic,100.0,2026-09-04T01:18:21
Acid House,Miles Mercer,Outta The Window,yes,MCldwjG2mEo,https://music.youtube.com/watch?v=MCldwjG2mEo,Miles Mercer - Outta the Window [2024],ytmusic,100.0,2026-09-04T01:18:19
Acid House,Munir Nadir,Breaking Point,yes,Ae8Ab7LlhnQ,https://music.youtube.com/watch?v=Ae8Ab7LlhnQ,Breaking Point,ytmusic,100.0,2026-09-04T01:17:42
Acid House,Munir Nadir,Dream Team,yes,qWtWbNuAWlI,https://music.youtube.com/watch?v=qWtWbNuAWlI,Dream Team,ytmusic,100.0,2026-09-04T01:17:39
Acid House,Munir Nadir,It's Time To Kick Ass,yes,xDP8a-JsVQI,https://music.youtube.com/watch?v=xDP8a-JsVQI,It's Time To Kick Ass,ytmusic,100.0,2026-09-04T01:17:40
Acid House,Munir Nadir,Just For,yes,YBTjIuYUlN0,https://music.youtube.com/watch?v=YBTjIuYUlN0,Just For,ytmusic,100.0,2026-09-04T01:17:41
Acid House,Munir Nadir,Roast-Beat,yes,HU1uG2nTgOk,https://music.youtube.com/watch?v=HU1uG2nTgOk,Roast-Beat,ytmusic,100.0,2026-09-04T01:17:40
Acid House,Unknown Artist,Untitled,yes,ca0uzI-QDPQ,https://music.youtube.com/watch?v=ca0uzI-QDPQ,Untitled,ytmusic,100.0,2026-09-04T01:21:36
Acid House,Unknown Artist,Untitled,yes,ca0uzI-QDPQ,https://music.youtube.com/watch?v=ca0uzI-QDPQ,Untitled,ytmusic,100.0,2026-09-04T01:21:36
Acid House,Various,Data Transparency,yes,DTkYqdq-5CQ,https://music.youtube.com/watch?v=DTkYqdq-5CQ,Transparency,ytmusic,88.88888888888889,2026-09-04T01:19:13
Acid House,Various,Electrofornication,no,,,,none,0.0,2026-09-04T01:59:53
Acid House,Various,Fantasy (Original Full Version - 1988),yes,KgavaoJgINM,https://music.youtube.com/watch?v=KgavaoJgINM,Fantasy Strings - Loveswept (1988),ytdlp,60.0,2026-09-04T01:16:47
Acid House,Various,Freeze (Unreleased Limelight Extended Mix - 1988),yes,CTCQYBD1rRE,https://music.youtube.com/watch?v=CTCQYBD1rRE,Freeze,ytmusic,75.0,2026-09-04T01:16:46
Acid House,Various,Gabriel,yes,-RXGQqAeSWw,https://music.youtube.com/watch?v=-RXGQqAeSWw,Gabriel Jesus ● Welcome to Barcelona 2026 🔵🔴🇧🇷 Best Goals & Skills,ytdlp,63.63636363636363,2026-09-04T01:20:18
Acid House,Various,Ketamine Chic,yes,ThCoyYa8Kmc,https://music.youtube.com/watch?v=ThCoyYa8Kmc,Ketamine Chic,ytmusic,76.47058823529412,2026-09-04T01:19:11
Acid House,Various,Local warming,yes,Ct5MskMQpxw,https://music.youtube.com/watch?v=Ct5MskMQpxw,Local Warming,ytmusic,78.78787878787878,2026-09-04T01:20:17
Acid House,Various,Lost In The Groove (Original - 1987),yes,a4W9OcOHQEg,https://music.youtube.com/watch?v=a4W9OcOHQEg,Lost In Groove,ytmusic,80.0,2026-09-04T01:16:48
Acid House,Various,The state of mind,yes,nH_h5C3YoTQ,https://music.youtube.com/watch?v=nH_h5C3YoTQ,State of Mind,ytmusic,83.87096774193549,2026-09-04T01:20:20
Acid House,Various,Villain,yes,XnZXW-PgyMA,https://music.youtube.com/watch?v=XnZXW-PgyMA,Villain,ytmusic,100.0,2026-09-04T01:19:10
Acid House,Various,What's dat called again,yes,OlY_TPj9Cms,https://music.youtube.com/watch?v=OlY_TPj9Cms,B1 Pagenty - What's dat called again,ytmusic,85.18518518518519,2026-09-04T01:20:19
Acid Jazz,"DJ Food, DK","Hotel Ayssa- Suisse, Tunisia",yes,zw8F0Woj4wA,https://music.youtube.com/watch?v=zw8F0Woj4wA,Tunisia,ytmusic,66.66666666666666,2026-09-04T01:59:59
Acid Jazz,"DJ Food, DK",Riding High,yes,R7JZsnF5hL8,https://music.youtube.com/watch?v=R7JZsnF5hL8,Riding High,ytmusic,75.86206896551724,2026-09-04T01:22:37
Acid Jazz,"DJ Food, DK",Ritmo 2,yes,6Xzi4jn4Pa0,https://music.youtube.com/watch?v=6Xzi4jn4Pa0,Ritmo de DJ 2,ytmusic,68.9655172413793,2026-09-04T01:59:58
Acid Jazz,"DJ Food, DK",Solid Steel Theme,yes,7z32WnNxDUY,https://music.youtube.com/watch?v=7z32WnNxDUY,"Solid Steel presents DJ Food & DK - ""Now, Listen!"" (full mixed CD)",ytdlp,73.91304347826087,2026-09-04T01:22:46
Acid Rock,"Jonny Rock, Jonny Rock",Version 1,yes,9j_IE1SjDWU,https://music.youtube.com/watch?v=9j_IE1SjDWU,A1,ytmusic,86.95652173913044,2026-09-04T01:21:11
Acid Rock,"Jonny Rock, Jonny Rock",Version 2,yes,9j_IE1SjDWU,https://music.youtube.com/watch?v=9j_IE1SjDWU,A1,ytmusic,86.95652173913044,2026-09-04T01:21:12
African,Various,Abissa,yes,Gz7KE4aO6JQ,https://music.youtube.com/watch?v=Gz7KE4aO6JQ,Abissa,ytdlp,100.0,2026-09-04T01:23:56
African,Various,Atalaku,yes,dEi2PSpvL0I,https://music.youtube.com/watch?v=dEi2PSpvL0I,ATALAKU,ytmusic,77.77777777777777,2026-09-04T01:59:59
African,Various,Au Maquis Electroniq,yes,U1WrWNL_IdY,https://music.youtube.com/watch?v=U1WrWNL_IdY,Au Maquis Electroniq,ytdlp,100.0,2026-09-04T01:23:19
African,Various,Djoro (Pedro Bertho & Sheitan Brothers Remix),yes,reui2CwSleU,https://music.youtube.com/watch?v=reui2CwSleU,Djoro (Bertho Vs Sheitan Brothers Remix),ytmusic,79.6116504854369,2026-09-04T01:23:19
African,Various,Décalement,yes,nKdFZVP0phk,https://music.youtube.com/watch?v=nKdFZVP0phk,Décalement,ytmusic,76.92307692307692,2026-09-04T01:23:57
African,Various,Ekidongo,yes,CuLjPhiLjb8,https://music.youtube.com/watch?v=CuLjPhiLjb8,Ekidongo,ytmusic,66.66666666666666,2026-09-04T02:00:00
African,Various,Five Power,yes,8PgoMWIRqyY,https://music.youtube.com/watch?v=8PgoMWIRqyY,The Power Of Five,ytmusic,71.42857142857143,2026-09-04T01:23:57
African,Various,Mordido,yes,aiOjxVUL1Ek,https://music.youtube.com/watch?v=aiOjxVUL1Ek,Mordido,ytdlp,100.0,2026-09-04T01:22:52
African,Various,N'Djamena Love,yes,pNYe_FiSv5M,https://music.youtube.com/watch?v=pNYe_FiSv5M,N'djamena Love,ytdlp,100.0,2026-09-04T01:23:30
African,Various,Souké Pou Siki,yes,W367_Mp9uro,https://music.youtube.com/watch?v=W367_Mp9uro,Souké pou siki (feat. Oyoki Onanayo),ytmusic,77.77777777777777,2026-09-04T02:00:01
Alternative Rock,Voom:Voom,All I Need,no,,,,none,0.0,2026-09-04T01:59:39
Alternative Rock,Voom:Voom,Sao Verought,yes,OdqGYtoD87o,https://music.youtube.com/watch?v=OdqGYtoD87o,Poppen,ytmusic,72.0,2026-09-04T01:16:22
Ambient,Hugo LX,Emerge,yes,yM-og5XNVHY,https://music.youtube.com/watch?v=yM-og5XNVHY,Emerge,ytmusic,100.0,2026-09-04T01:17:12
Ambient,Hugo LX,"Gone Today, Here Tomorrow",yes,bIUo3xRgcn8,https://music.youtube.com/watch?v=bIUo3xRgcn8,"Gone Today, Here Tomorrow",ytmusic,100.0,2026-09-04T01:17:13
Ambient,Hugo LX,Oversight II,yes,q9sbd_sTl9k,https://music.youtube.com/watch?v=q9sbd_sTl9k,HUGO LX - Oversight II ft. Tony Tixier (Official Audio),ytmusic,100.0,2026-09-04T01:17:15
Ambient,Hugo LX,Surrender,yes,d409jde_0vY,https://music.youtube.com/watch?v=d409jde_0vY,Surrender,ytmusic,100.0,2026-09-04T01:17:13
Ambient,Hugo LX,Zio,yes,iSBcOyFI64E,https://music.youtube.com/watch?v=iSBcOyFI64E,HUGO LX - Zio ft. Christopher Johnson (Official Audio),ytmusic,100.0,2026-09-04T01:17:14
Ambient,Sedona,Pulsation (Ascending),yes,OiiUf0FrEaY,https://music.youtube.com/watch?v=OiiUf0FrEaY,Pulsation (Ascending),ytmusic,100.0,2026-09-04T01:15:18
Ambient,Sedona,Pulsation (Naone Ice Breaker Remix),yes,AbK1q1y-J5Y,https://music.youtube.com/watch?v=AbK1q1y-J5Y,Pulsation (Naone Ice Breaker Remix),ytmusic,100.0,2026-09-04T01:15:19
Ambient,Sedona,Pulsation (Sinister),yes,SUaWMG4YkT0,https://music.youtube.com/watch?v=SUaWMG4YkT0,Sedona - Pulsation (Sinister)  [1995],ytmusic,100.0,2026-09-04T01:15:20
Ambient,Sedona,Pulsation (Test Tube),yes,SC-d5F543lA,https://music.youtube.com/watch?v=SC-d5F543lA,Pulsation (Test Tube),ytmusic,100.0,2026-09-04T01:15:19
Ambient,Sohrab,Crystal Clear,yes,uWY6BAqtEzo,https://music.youtube.com/watch?v=uWY6BAqtEzo,Crystal Clear,ytmusic,100.0,2026-09-04T01:14:52
Ambient,Sohrab,Dualism,yes,AYho2wfsXDo,https://music.youtube.com/watch?v=AYho2wfsXDo,Dualism,ytmusic,100.0,2026-09-04T01:14:48
Ambient,Sohrab,Fleeting Thoughts,yes,MIjOne_a6m4,https://music.youtube.com/watch?v=MIjOne_a6m4,Fleeting Thoughts,ytmusic,100.0,2026-09-04T01:14:50
Ambient,Sohrab,Fool's Demise,yes,g-R8QfwM-2U,https://music.youtube.com/watch?v=g-R8QfwM-2U,Fool's Demise,ytmusic,100.0,2026-09-04T01:14:49
Ambient,Sohrab,Movimento Perpetuo,yes,R0j4WSIucK8,https://music.youtube.com/watch?v=R0j4WSIucK8,Movimento Perpetuo,ytmusic,100.0,2026-09-04T01:14:50
Ambient,Sohrab,Sunseeker,yes,wBvnu-nnDIg,https://music.youtube.com/watch?v=wBvnu-nnDIg,Sunseeker,ytmusic,100.0,2026-09-04T01:14:51
Ambient,Sohrab,Transfer Learning,yes,ZZYOfdPIumQ,https://music.youtube.com/watch?v=ZZYOfdPIumQ,Transfer Learning,ytmusic,100.0,2026-09-04T01:14:48
Ambient,Sohrab,VRF,yes,gXrksWaSAyQ,https://music.youtube.com/watch?v=gXrksWaSAyQ,V.R.F,ytmusic,90.9090909090909,2026-09-04T01:14:52
Bleep,Böhm,Back Alley,yes,lBkvTcYhrLA,https://music.youtube.com/watch?v=lBkvTcYhrLA,Back Alley,ytmusic,100.0,2026-09-04T01:11:42
Bleep,Böhm,Connected,yes,GQ6qxfnD0eU,https://music.youtube.com/watch?v=GQ6qxfnD0eU,Connected,ytmusic,100.0,2026-09-04T01:11:41
Bleep,Böhm,Mainstreet,yes,ijqC4ZrFKas,https://music.youtube.com/watch?v=ijqC4ZrFKas,Main Street,ytmusic,96.7741935483871,2026-09-04T01:11:41
Bleep,Böhm,Underground,yes,YGJRRweKpZQ,https://music.youtube.com/watch?v=YGJRRweKpZQ,Underground,ytmusic,100.0,2026-09-04T01:11:43
Breakbeat,"Cesare Muraca, Aymeric",365 Days,yes,nKuvinxp06Y,https://music.youtube.com/watch?v=nKuvinxp06Y,Cesare Muraca - 365 Days,ytmusic,68.65671641791045,2026-09-04T01:11:14
Breakbeat,"Cesare Muraca, Aymeric",Funky Things,yes,7ajmkib0R0M,https://music.youtube.com/watch?v=7ajmkib0R0M,Aymeric - Funky Things,ytmusic,74.07407407407408,2026-09-04T01:11:15
Breakbeat,"Cesare Muraca, Aymeric",Initial Commit,yes,KzCc8sLZdZM,https://music.youtube.com/watch?v=KzCc8sLZdZM,Aymeric - Initial Commit,ytmusic,75.86206896551724,2026-09-04T01:11:14
Breakbeat,"Cesare Muraca, Aymeric",Possibilities,yes,_SqWMXMpXjc,https://music.youtube.com/watch?v=_SqWMXMpXjc,Cesare Muraca - Possibilities,ytmusic,72.72727272727272,2026-09-04T01:11:13
Breakbeat,"Cesare Muraca, Aymeric",Tasty Bonus,yes,U04PMWOZUhk,https://music.youtube.com/watch?v=U04PMWOZUhk,Aymeric - Tasty Bonus,ytmusic,73.07692307692308,2026-09-04T01:11:16
Breakbeat,E.T.I.,Lookout (On Tha Fly Mix),yes,OeshHn-Fq2A,https://music.youtube.com/watch?v=OeshHn-Fq2A,E.T.I. - Lookout (On Tha Fly Mix) [AGT Records – AGTE03],ytmusic,100.0,2026-09-04T01:17:20
Breakbeat,E.T.I.,Lookout (Tha Luv Bomb Mix),yes,BYgDXnu1-0Y,https://music.youtube.com/watch?v=BYgDXnu1-0Y,E.T.I. - Lookout (Tha Luv Bomb Mix),ytmusic,100.0,2026-09-04T01:17:19
Breakbeat,Eversines,Affection Towards The Urban Environment,yes,RKc_uJnxEa8,https://music.youtube.com/watch?v=RKc_uJnxEa8,Eversines ─ Affection Towards The Urban Environment [OYSTER54],ytmusic,100.0,2026-09-04T01:12:02
Breakbeat,Eversines,Fast Fall,yes,4hgbU9HvT8c,https://music.youtube.com/watch?v=4hgbU9HvT8c,Fast Fall,ytmusic,100.0,2026-09-04T01:12:02
Breakbeat,Eversines,Gaze,yes,6Z7Zr5jF5xc,https://music.youtube.com/watch?v=6Z7Zr5jF5xc,Gaze,ytmusic,100.0,2026-09-04T01:12:01
Breakbeat,Eversines,Wavedash,yes,i9uC5QVWrOY,https://music.youtube.com/watch?v=i9uC5QVWrOY,Wavedash,ytmusic,100.0,2026-09-04T01:12:03
Breakbeat,J-Zbel,Bertrand Au Mont D'Or,yes,mzCbZ68TqK0,https://music.youtube.com/watch?v=mzCbZ68TqK0,Bertrand au mont d'or,ytmusic,100.0,2026-09-04T01:11:09
Breakbeat,J-Zbel,Check-In,yes,WQQ6BRWU4F8,https://music.youtube.com/watch?v=WQQ6BRWU4F8,Check-In,ytmusic,100.0,2026-09-04T01:11:06
Breakbeat,J-Zbel,Diablo Verde Part. II,yes,MPEexaL-mU0,https://music.youtube.com/watch?v=MPEexaL-mU0,J-Zbel - Diablo Verde Part. II - Dog’s Fart Is So Bad That Cat Throws Up - BFDM020,ytmusic,100.0,2026-09-04T01:11:12
Breakbeat,J-Zbel,Excremangue,yes,4axELLrP4qg,https://music.youtube.com/watch?v=4axELLrP4qg,Excremangue,ytmusic,100.0,2026-09-04T01:11:11
Breakbeat,J-Zbel,Hardcore Jusqu'au PEF,yes,y3JWSsMsIi8,https://music.youtube.com/watch?v=y3JWSsMsIi8,Hardcore jusqu'au PEF,ytmusic,100.0,2026-09-04T01:11:06
Breakbeat,J-Zbel,Le Riddim Du Bardouin,yes,6ywZMaW0czY,https://music.youtube.com/watch?v=6ywZMaW0czY,Le riddim du bardouin,ytmusic,100.0,2026-09-04T01:11:07
Breakbeat,J-Zbel,Mortel Kombat,yes,Zc-SZYm9A5g,https://music.youtube.com/watch?v=Zc-SZYm9A5g,Mortal Kombat,ytmusic,95.0,2026-09-04T01:11:07
Breakbeat,J-Zbel,Pardon Mouloud,yes,ceJAOla07WY,https://music.youtube.com/watch?v=ceJAOla07WY,Pardon mouloud,ytmusic,100.0,2026-09-04T01:11:11
Breakbeat,J-Zbel,Rustie Le Clown,yes,fawH9f_UYrY,https://music.youtube.com/watch?v=fawH9f_UYrY,Rustie le clown,ytmusic,100.0,2026-09-04T01:11:09
Breakbeat,J-Zbel,Sebulba,yes,GaOih2mc5NU,https://music.youtube.com/watch?v=GaOih2mc5NU,Sebulba (feat. Simo Cell),ytmusic,100.0,2026-09-04T01:11:10
Breakbeat,J-Zbel,The J-Zbel Anthem,yes,8bRDvPhU3IY,https://music.youtube.com/watch?v=8bRDvPhU3IY,The J-Zbel Anthem,ytmusic,100.0,2026-09-04T01:11:12
Breakbeat,J-Zbel,Tunnel Vision,yes,MG3TTKmJM1k,https://music.youtube.com/watch?v=MG3TTKmJM1k,Tunnel Vision,ytmusic,100.0,2026-09-04T01:11:08
Breakbeat,Lucky Monkeys,Bjango (Fluke Remix 'Six To The Floor'),yes,J2tFlng1krc,https://music.youtube.com/watch?v=J2tFlng1krc,Lucky Monkeys - Bjango (Fluke Remix 'Six To The Floor'),ytmusic,100.0,2026-09-04T01:20:49
Breakbeat,Lucky Monkeys,Bjango (Original Mix),yes,tYgBxijcdFs,https://music.youtube.com/watch?v=tYgBxijcdFs,Lucky Monkeys - Bjango (Original Mix),ytmusic,100.0,2026-09-04T01:20:48
Breakbeat,Lucky Monkeys,Bjango (Way Out West 'Bjangin' Dub),yes,BGwvDZ1Ee1U,https://music.youtube.com/watch?v=BGwvDZ1Ee1U,Lucky Monkeys - Bjango (Way Out West 'Bjangin' Dub) (1996),ytmusic,100.0,2026-09-04T01:20:49
Breakbeat,Lucky Monkeys,Bjango (Way Out West 'Bjangin' Remix),yes,Ne5uaAqumX8,https://music.youtube.com/watch?v=Ne5uaAqumX8,Lucky Monkeys -- Bjango (Way Out West 'Bjangin' Remix),ytmusic,100.0,2026-09-04T01:20:50
Breakbeat,Olsvangèr,Bubble Toy,yes,eGnstvOhOds,https://music.youtube.com/watch?v=eGnstvOhOds,Bubble Toy,ytmusic,100.0,2026-09-04T01:15:15
Breakbeat,Olsvangèr,Grand Slammin',yes,nVykCx-m1bI,https://music.youtube.com/watch?v=nVykCx-m1bI,Grand Slammin',ytmusic,100.0,2026-09-04T01:15:13
Breakbeat,Olsvangèr,Paranoweed,yes,EMnOvIMo7Q8,https://music.youtube.com/watch?v=EMnOvIMo7Q8,Paranoweed,ytmusic,100.0,2026-09-04T01:15:14
Breakbeat,Olsvangèr,Quadi B,yes,RyKD5azXw9M,https://music.youtube.com/watch?v=RyKD5azXw9M,Quadi B,ytmusic,100.0,2026-09-04T01:15:15
Breakbeat,Opik,Eastern,yes,dIZnl55rdGc,https://music.youtube.com/watch?v=dIZnl55rdGc,The Unity Of Middle Eastern (feat. Mochamad Taufik Ismail),ytmusic,100.0,2026-09-04T01:14:46
Breakbeat,Opik,M62,yes,GyFEeCUDWPg,https://music.youtube.com/watch?v=GyFEeCUDWPg,Opik - M62,ytmusic,100.0,2026-09-04T01:14:47
Breakbeat,Opik,Orson,yes,FUsJiqUVxto,https://music.youtube.com/watch?v=FUsJiqUVxto,Opik – Orson,ytmusic,100.0,2026-09-04T01:14:45
Breakbeat,Opik,Serotonin,yes,toMSDAFVU2I,https://music.youtube.com/watch?v=toMSDAFVU2I,Opik - Serotonin,ytmusic,100.0,2026-09-04T01:14:46
Breakbeat,Orbital,Nothing Left (Way Out West Remix),yes,1F8N-a7Tfyw,https://music.youtube.com/watch?v=1F8N-a7Tfyw,Orbital - Nothing Left (Way Out West Remix),ytmusic,100.0,2026-09-04T01:20:48
Breakbeat,Sedona,Pulsation (Ascending),yes,OiiUf0FrEaY,https://music.youtube.com/watch?v=OiiUf0FrEaY,Pulsation (Ascending),ytmusic,100.0,2026-09-04T01:15:18
Breakbeat,Sedona,Pulsation (Naone Ice Breaker Remix),yes,AbK1q1y-J5Y,https://music.youtube.com/watch?v=AbK1q1y-J5Y,Pulsation (Naone Ice Breaker Remix),ytmusic,100.0,2026-09-04T01:15:19
Breakbeat,Sedona,Pulsation (Sinister),yes,SUaWMG4YkT0,https://music.youtube.com/watch?v=SUaWMG4YkT0,Sedona - Pulsation (Sinister)  [1995],ytmusic,100.0,2026-09-04T01:15:20
Breakbeat,Sedona,Pulsation (Test Tube),yes,SC-d5F543lA,https://music.youtube.com/watch?v=SC-d5F543lA,Pulsation (Test Tube),ytmusic,100.0,2026-09-04T01:15:19
Breakbeat,Sweely,Back N Up,yes,qcHMHJlcdk0,https://music.youtube.com/watch?v=qcHMHJlcdk0,Sweely - Back n Up,ytmusic,100.0,2026-09-04T01:18:55
Breakbeat,Sweely,Deejays Bringing The Heat,yes,7wCMeEqrzec,https://music.youtube.com/watch?v=7wCMeEqrzec,Sweely - Deejays Bringing The Heat,ytmusic,100.0,2026-09-04T01:18:56
Breakbeat,Sweely,Treat Me Like A Slut,yes,fQxFE9kqUig,https://music.youtube.com/watch?v=fQxFE9kqUig,Sweely - Treat Me Like A Slut  (Vocal : Kim Petras),ytmusic,100.0,2026-09-04T01:18:55
Breakbeat,Sweely,What'S The Name,yes,CitcVgiMk8g,https://music.youtube.com/watch?v=CitcVgiMk8g,Sweely - What's the Name [YYKPLAY],ytmusic,100.0,2026-09-04T01:18:54
Breakbeat,"Thoma Bulwer, N-Gynn",Body To Body,yes,95DvOIgRVYc,https://music.youtube.com/watch?v=95DvOIgRVYc,Thoma Bulwer & N-Gynn - Body To Body [RBTGN001],ytmusic,83.33333333333333,2026-09-04T01:17:43
Breakbeat,"Thoma Bulwer, N-Gynn",Das Bul Gynn,yes,UeJ4kZXZvAE,https://music.youtube.com/watch?v=UeJ4kZXZvAE,Thoma Bulwer & N-Gynn - Das Bul Gynn [RBTGN001],ytmusic,86.20689655172414,2026-09-04T01:17:44
Breakbeat,"Thoma Bulwer, N-Gynn",Let Ya Body (Be Free),yes,3_ND-do9WGg,https://music.youtube.com/watch?v=3_ND-do9WGg,Thoma Bulwer & N-Gynn - Let Ya Body (Be Free) [RBTGN001],ytmusic,89.47368421052632,2026-09-04T01:17:43
Breakbeat,"Thoma Bulwer, N-Gynn",Spank Technology,yes,JvbvdUL-DdI,https://music.youtube.com/watch?v=JvbvdUL-DdI,Thoma Bulwer & N-Gynn - Spank Technology [RBTGN001],ytmusic,87.87878787878788,2026-09-04T01:17:42
Breakbeat,Tornado Wallace,Dream Corner (Original Mix),yes,JbhlTJ8OqFs,https://music.youtube.com/watch?v=JbhlTJ8OqFs,Dream Corner,ytmusic,100.0,2026-09-04T01:17:09
Breakbeat,Tornado Wallace,Dream Corner (Speed Bump Mix),yes,Ba0ooZdEAwU,https://music.youtube.com/watch?v=Ba0ooZdEAwU,Dream Corner (Speed Bump Mix),ytmusic,100.0,2026-09-04T01:17:10
Breakbeat,Tornado Wallace,Sea Translation (Original Mix),yes,yLzhBVH8nY0,https://music.youtube.com/watch?v=yLzhBVH8nY0,Sea Translation,ytmusic,100.0,2026-09-04T01:17:10
Breakbeat,Tornado Wallace,Sea Translation (Resurrected Mix),yes,yLzhBVH8nY0,https://music.youtube.com/watch?v=yLzhBVH8nY0,Sea Translation,ytmusic,100.0,2026-09-04T01:17:11
Breakbeat,Unknown Artist,Chewing gum,yes,nJVntfqTd-0,https://music.youtube.com/watch?v=nJVntfqTd-0,nobody,ytmusic,75.86206896551724,2026-09-04T01:17:56
Breakbeat,Unknown Artist,Night demons,yes,_kMnjieBUn0,https://music.youtube.com/watch?v=_kMnjieBUn0,Demons visit me every night and they don't let me sleep.,ytmusic,100.0,2026-09-04T01:17:55
Breakbeat,Unknown Artist,Scubafunk,yes,YDP-fFZN7pY,https://music.youtube.com/watch?v=YDP-fFZN7pY,Unknown Artist - Scubafunk,ytmusic,100.0,2026-09-04T01:17:54
Breakbeat,Unknown Artist,Sound picture,yes,CNiFbtOeFe0,https://music.youtube.com/watch?v=CNiFbtOeFe0,Unknown Artist / Sound Picture / Oblique Records / 2024,ytmusic,100.0,2026-09-04T01:17:56
Breakbeat,Unknown Artist,Untitled,yes,ca0uzI-QDPQ,https://music.youtube.com/watch?v=ca0uzI-QDPQ,Untitled,ytmusic,100.0,2026-09-04T01:21:36
Breakbeat,Unknown Artist,Untitled,yes,ca0uzI-QDPQ,https://music.youtube.com/watch?v=ca0uzI-QDPQ,Untitled,ytmusic,100.0,2026-09-04T01:21:36
Breakbeat,Various,Disco Computer,yes,43o3khWTN9M,https://music.youtube.com/watch?v=43o3khWTN9M,Midnight Spaceflight Disco,ytmusic,77.77777777777777,2026-09-04T01:19:15
Breakbeat,Various,Festichola,yes,s2FNKNSVa9U,https://music.youtube.com/watch?v=s2FNKNSVa9U,Festichola,ytmusic,74.07407407407408,2026-09-04T01:12:20
Breakbeat,Various,Loop Hole,yes,9OEIRJNPp9I,https://music.youtube.com/watch?v=9OEIRJNPp9I,Loop Hole,ytmusic,78.26086956521739,2026-09-04T01:12:19
Breakbeat,Various,Rising Down,yes,NscoHuEJdbQ,https://music.youtube.com/watch?v=NscoHuEJdbQ,Rising Down,ytmusic,78.57142857142857,2026-09-04T01:12:21
Breakbeat,Various,Salut,yes,jWb0Q3RUu3c,https://music.youtube.com/watch?v=jWb0Q3RUu3c,Salut D` Amour - E.Elgar,ytmusic,100.0,2026-09-04T01:19:15
Breakbeat,Various,Sex Appeal,yes,YGKjhybnDAc,https://music.youtube.com/watch?v=YGKjhybnDAc,SEX APPEAL,ytmusic,71.42857142857143,2026-09-04T01:19:16
Breakbeat,Various,Sunrize,yes,Oqtal1MaeZs,https://music.youtube.com/watch?v=Oqtal1MaeZs,Sunrize,ytmusic,68.9655172413793,2026-09-04T01:19:14
Breakbeat,Various,You Are,yes,iyHDHYrdWPs,https://music.youtube.com/watch?v=iyHDHYrdWPs,All the things you are - Backing Track,ytdlp,63.63636363636363,2026-09-04T01:12:22
Breakbeat,WestBam,Born To Bang,yes,urT8NsBGUts,https://music.youtube.com/watch?v=urT8NsBGUts,Born to Bang,ytmusic,100.0,2026-09-04T01:15:54
Breakbeat,WestBam,Born To Bang (Sharam Remix),yes,urT8NsBGUts,https://music.youtube.com/watch?v=urT8NsBGUts,Born to Bang,ytmusic,100.0,2026-09-04T01:15:52
Breakbeat,WestBam,Westbound Express,yes,kE27yOHMd9o,https://music.youtube.com/watch?v=kE27yOHMd9o,WestBam - Westbound Express [1996],ytmusic,100.0,2026-09-04T01:15:53
Breaks,A***,Untitled,yes,0TTRXT9ECs0,https://music.youtube.com/watch?v=0TTRXT9ECs0,Untitled A,ytmusic,76.19047619047619,2026-09-04T01:20:44
Breaks,A***,Untitled,yes,0TTRXT9ECs0,https://music.youtube.com/watch?v=0TTRXT9ECs0,Untitled A,ytmusic,76.19047619047619,2026-09-04T01:20:44
Breaks,A***,Untitled,yes,0TTRXT9ECs0,https://music.youtube.com/watch?v=0TTRXT9ECs0,Untitled A,ytmusic,76.19047619047619,2026-09-04T01:20:44
Breaks,"Aline Umber, HOSTOM",It's a Dream,yes,MDHWHLMEwug,https://music.youtube.com/watch?v=MDHWHLMEwug,It's A Dream,ytmusic,77.41935483870968,2026-09-04T01:20:29
Breaks,"Aline Umber, HOSTOM",Oto,yes,KvwMo8m5nns,https://music.youtube.com/watch?v=KvwMo8m5nns,Aline Umber - Oto [YOYAKUBCN2025],ytdlp,60.714285714285715,2026-09-04T01:20:32
Breaks,"Aline Umber, HOSTOM",Till it Stop,yes,z_cIrzrLYug,https://music.youtube.com/watch?v=z_cIrzrLYug,Aline Umber - Till it Stop [YOYAKUBCN2025],ytmusic,72.0,2026-09-04T01:20:32
Breaks,"Aline Umber, HOSTOM",Tree House,no,,,,none,0.0,2026-09-04T01:59:57
Breaks,Atree,Smart Lock,yes,PQ2AtjeHNyQ,https://music.youtube.com/watch?v=PQ2AtjeHNyQ,Smart Lock,ytmusic,100.0,2026-09-04T01:18:18
Breaks,Atree,Spirit Of The Hawk,yes,ZRvgNiBWLyg,https://music.youtube.com/watch?v=ZRvgNiBWLyg,Spirit of the Hawk,ytmusic,100.0,2026-09-04T01:18:16
Breaks,Atree,Still Positive,yes,2qnVMUv64DE,https://music.youtube.com/watch?v=2qnVMUv64DE,Still Positive,ytmusic,100.0,2026-09-04T01:18:17
Breaks,Atree,You Make Me Feel,yes,QKqwQ7lUy0o,https://music.youtube.com/watch?v=QKqwQ7lUy0o,You Make Me Feel,ytmusic,100.0,2026-09-04T01:18:17
Breaks,DMX Krew,2 More 606es,yes,IgmwMaGvLH8,https://music.youtube.com/watch?v=IgmwMaGvLH8,2 more 606es,ytmusic,100.0,2026-09-04T01:20:02
Breaks,DMX Krew,Distress Signal On Mars,yes,nF10nl31jF4,https://music.youtube.com/watch?v=nF10nl31jF4,Distress Signal On Mars,ytmusic,100.0,2026-09-04T01:20:00
Breaks,DMX Krew,Local Off,yes,U7MazbQrOWE,https://music.youtube.com/watch?v=U7MazbQrOWE,Local Off,ytmusic,100.0,2026-09-04T01:19:59
Breaks,DMX Krew,Software User Guide,yes,tNrzUIaITz4,https://music.youtube.com/watch?v=tNrzUIaITz4,Software User Guide,ytmusic,100.0,2026-09-04T01:19:59
Breaks,DMX Krew,Time Holes,yes,upe-VD1XOFU,https://music.youtube.com/watch?v=upe-VD1XOFU,Time Holes,ytmusic,100.0,2026-09-04T01:20:01
Breaks,DMX Krew,Trigger Warning,yes,TKktL7fotTo,https://music.youtube.com/watch?v=TKktL7fotTo,Trigger Warning,ytmusic,100.0,2026-09-04T01:19:58
Breaks,DOTT,Deep Soi,yes,MBIw5eYsU0Y,https://music.youtube.com/watch?v=MBIw5eYsU0Y,Deep Soi,ytmusic,100.0,2026-09-04T01:11:28
Breaks,DOTT,Extra Flavour,yes,s_g4MdZmSac,https://music.youtube.com/watch?v=s_g4MdZmSac,Extra Flavour,ytmusic,100.0,2026-09-04T01:11:28
Breaks,DOTT,Imminent Catrastrophe,yes,bulurZCcgA4,https://music.youtube.com/watch?v=bulurZCcgA4,Imminent Catrastrophe,ytmusic,100.0,2026-09-04T01:11:29
Breaks,DOTT,Stalking Merlin,yes,0p0s7iDuLA4,https://music.youtube.com/watch?v=0p0s7iDuLA4,Stalking Merlin,ytmusic,100.0,2026-09-04T01:11:29
Breaks,Dauwd,SpaceSamba (Huerta Remix),yes,cb2xkHE45II,https://music.youtube.com/watch?v=cb2xkHE45II,SpaceSamba (Huerta Remix),ytmusic,100.0,2026-09-04T01:17:34
Breaks,Dauwd,SpaceSamba (Live Mix),yes,LvF_qdbzKos,https://music.youtube.com/watch?v=LvF_qdbzKos,SpaceSamba,ytmusic,100.0,2026-09-04T01:17:33
Breaks,Dauwd,The Yuzer (Aubrey's Solid Groove Mix),yes,6k8FG0QQG3s,https://music.youtube.com/watch?v=6k8FG0QQG3s,The Yuzer,ytmusic,100.0,2026-09-04T01:17:35
Breaks,Dauwd,The Yuzer (DJ Plead),yes,6k8FG0QQG3s,https://music.youtube.com/watch?v=6k8FG0QQG3s,The Yuzer,ytmusic,100.0,2026-09-04T01:17:32
Breaks,Dauwd,The Yuzer (Dub Mix),yes,6k8FG0QQG3s,https://music.youtube.com/watch?v=6k8FG0QQG3s,The Yuzer,ytmusic,100.0,2026-09-04T01:17:34
Breaks,Eversines,Achterna,yes,NXhCEDSf8ZI,https://music.youtube.com/watch?v=NXhCEDSf8ZI,Achterna,ytmusic,100.0,2026-09-04T01:17:06
Breaks,Eversines,Achterna (Eris Drew Remix),yes,4pd8LdG0NQc,https://music.youtube.com/watch?v=4pd8LdG0NQc,Achterna (Eris Drew Remix) (feat. Eris Drew),ytmusic,100.0,2026-09-04T01:17:08
Breaks,Eversines,Eens,yes,MrDa40o9j8o,https://music.youtube.com/watch?v=MrDa40o9j8o,Eens,ytmusic,100.0,2026-09-04T01:17:07
Breaks,Eversines,Uitzicht,yes,4Tu0PuUEYnA,https://music.youtube.com/watch?v=4Tu0PuUEYnA,Uitzicht,ytmusic,100.0,2026-09-04T01:17:08
Breaks,KG Beat,Full Moon Escapade,yes,6kIW3FdhyqI,https://music.youtube.com/watch?v=6kIW3FdhyqI,Kg Beat - Full Moon Escapade,ytmusic,100.0,2026-09-04T01:17:51
Breaks,KG Beat,The Breathing Engine,yes,ur2GNYme3Qs,https://music.youtube.com/watch?v=ur2GNYme3Qs,The Breathing Engine,ytmusic,100.0,2026-09-04T01:17:51
Breaks,KG Beat,The Spies Are Among Us,yes,zAT-dOoMzPE,https://music.youtube.com/watch?v=zAT-dOoMzPE,KG Beat - The Spies Are Among US,ytmusic,100.0,2026-09-04T01:17:53
Breaks,KG Beat,You Can Fly,yes,sWuDTnc1MvA,https://music.youtube.com/watch?v=sWuDTnc1MvA,You Can Fly,ytmusic,100.0,2026-09-04T01:17:52
Breaks,Levat,Cali G,yes,zVqnGxx8NC8,https://music.youtube.com/watch?v=zVqnGxx8NC8,Levat - Cali G [USR028],ytmusic,100.0,2026-09-04T01:12:12
Breaks,Levat,Greenumb,no,,,,none,0.0,2026-09-04T01:59:14
Breaks,Levat,K-Kraze,no,,,,none,0.0,2026-09-04T01:59:16
Breaks,Levat,Oddlove,yes,zVqnGxx8NC8,https://music.youtube.com/watch?v=zVqnGxx8NC8,Levat - Cali G [USR028],ytdlp,55.55555555555556,2026-09-04T01:12:16
Breaks,Levat,Plazma,yes,B0jSZ6FAFE8,https://music.youtube.com/watch?v=B0jSZ6FAFE8,Levat -- Plazma,ytmusic,100.0,2026-09-04T01:12:14
Breaks,Light Blue File,4th Of The Punks,yes,84_isolJZS4,https://music.youtube.com/watch?v=84_isolJZS4,Light Blue File - 4th Of The Punks | Distrikt Paris,ytmusic,100.0,2026-09-04T01:20:45
Breaks,Light Blue File,Discoast,yes,MRZq_rGSTYw,https://music.youtube.com/watch?v=MRZq_rGSTYw,Light Blue File - Discoast [DTKP07],ytmusic,100.0,2026-09-04T01:20:45
Breaks,Light Blue File,Everything The Light Touches,yes,19sZeAKV8qI,https://music.youtube.com/watch?v=19sZeAKV8qI,The File,ytmusic,100.0,2026-09-04T01:20:46
Breaks,Light Blue File,Rootbox,yes,IGH-VOgFL4E,https://music.youtube.com/watch?v=IGH-VOgFL4E,PREMIERE: Light Blue File - Rootbox [DKTP007],ytmusic,100.0,2026-09-04T01:20:47
Breaks,Miles Mercer,My Name Is What,yes,qCtCAeCFSxo,https://music.youtube.com/watch?v=qCtCAeCFSxo,MY NAME IS MY NAME,ytmusic,91.42857142857143,2026-09-04T01:18:20
Breaks,Miles Mercer,Occult Explosion,yes,9sdUVxkaFIU,https://music.youtube.com/watch?v=9sdUVxkaFIU,Miles Mercer — Occult Explosion [Premiere],ytmusic,100.0,2026-09-04T01:18:21
Breaks,Miles Mercer,Outta The Window,yes,MCldwjG2mEo,https://music.youtube.com/watch?v=MCldwjG2mEo,Miles Mercer - Outta the Window [2024],ytmusic,100.0,2026-09-04T01:18:19
Breaks,Moguai,Go Ahead,yes,EKvMd-3LpRw,https://music.youtube.com/watch?v=EKvMd-3LpRw,Go Ahead,ytmusic,100.0,2026-09-04T01:19:36
Breaks,Moguai,Old 'N' New,yes,Uqvg0eKsk20,https://music.youtube.com/watch?v=Uqvg0eKsk20,Moguai – Old 'N' New [2004],ytmusic,100.0,2026-09-04T01:19:35
Breaks,Munir Nadir,Breaking Point,yes,Ae8Ab7LlhnQ,https://music.youtube.com/watch?v=Ae8Ab7LlhnQ,Breaking Point,ytmusic,100.0,2026-09-04T01:17:42
Breaks,Munir Nadir,Dream Team,yes,qWtWbNuAWlI,https://music.youtube.com/watch?v=qWtWbNuAWlI,Dream Team,ytmusic,100.0,2026-09-04T01:17:39
Breaks,Munir Nadir,It's Time To Kick Ass,yes,xDP8a-JsVQI,https://music.youtube.com/watch?v=xDP8a-JsVQI,It's Time To Kick Ass,ytmusic,100.0,2026-09-04T01:17:40
Breaks,Munir Nadir,Just For,yes,YBTjIuYUlN0,https://music.youtube.com/watch?v=YBTjIuYUlN0,Just For,ytmusic,100.0,2026-09-04T01:17:41
Breaks,Munir Nadir,Roast-Beat,yes,HU1uG2nTgOk,https://music.youtube.com/watch?v=HU1uG2nTgOk,Roast-Beat,ytmusic,100.0,2026-09-04T01:17:40
Breaks,Oxide & Neutrino,Foot 2 Da Floor,yes,zU7rdggJST4,https://music.youtube.com/watch?v=zU7rdggJST4,Foot 2 Da Floor,ytmusic,100.0,2026-09-04T01:20:43
Breaks,Oxide & Neutrino,Only Wanna Know U Cos Ure Famous (Instrumental),yes,Gkdt6WjpOhY,https://music.youtube.com/watch?v=Gkdt6WjpOhY,Oxide & Neutrino - Only wanna know u cos ure famous (remix) [UNCUT],ytmusic,86.72566371681415,2026-09-04T01:20:43
Breaks,Roots,Hardcore Love,yes,yRm7FWjvdGs,https://music.youtube.com/watch?v=yRm7FWjvdGs,Roots - Hardcore Love,ytmusic,100.0,2026-09-04T01:20:38
Breaks,Roots,Hardcore Love (Radio Edit),yes,5H-7yQLryA4,https://music.youtube.com/watch?v=5H-7yQLryA4,Roots of Love (Radio Edit),ytmusic,83.63636363636364,2026-09-04T01:20:39
Breaks,Roots,Run Johnny Run (Dollar Mix),yes,PcAhEjfteZg,https://music.youtube.com/watch?v=PcAhEjfteZg,Roots - Run Johnny Run (Rush 'Em Mix),ytmusic,84.0,2026-09-04T01:20:40
Breaks,Roots,Run Johnny Run (Rush 'em Mix),yes,PcAhEjfteZg,https://music.youtube.com/watch?v=PcAhEjfteZg,Roots - Run Johnny Run (Rush 'Em Mix),ytmusic,100.0,2026-09-04T01:20:41
Breaks,"SINM, Look Perry",Got The Data,yes,C_cQw7LZrzk,https://music.youtube.com/watch?v=C_cQw7LZrzk,SINM - Got The Data [MAAI007],ytdlp,65.51724137931035,2026-09-04T01:18:29
Breaks,"SINM, Look Perry",I Can't Love U,yes,SKp1HKM_4TY,https://music.youtube.com/watch?v=SKp1HKM_4TY,And I Love You So,ytmusic,74.57627118644068,2026-09-04T01:18:32
Breaks,"SINM, Look Perry",Layerz,yes,b0lZ6uvghdc,https://music.youtube.com/watch?v=b0lZ6uvghdc,Perry,ytmusic,71.42857142857143,2026-09-04T01:18:28
Breaks,"SINM, Look Perry",Stone Pilots,yes,mFgpWbI3Czo,https://music.youtube.com/watch?v=mFgpWbI3Czo,Sin,ytmusic,68.57142857142857,2026-09-04T01:18:32
Breaks,"SINM, Look Perry",Wonky Aftermath,yes,QAMSJvUYQ1I,https://music.youtube.com/watch?v=QAMSJvUYQ1I,SINM - Wonky Aftermath (MAAI007),ytdlp,68.75,2026-09-04T01:18:31
Breaks,The Light,Expand The Room (Deepsky Mix),yes,8_3J9FiAkZg,https://music.youtube.com/watch?v=8_3J9FiAkZg,Expand The Room,ytmusic,100.0,2026-09-04T01:20:42
Breaks,The Light,Opium (Distant Places Mix),yes,xjG1qGla4hI,https://music.youtube.com/watch?v=xjG1qGla4hI,The Light - Opium (Distant Places Mix) [2000],ytmusic,100.0,2026-09-04T01:20:41
Breaks,Various,Cave Ceremony,yes,C93WgQkcoh8,https://music.youtube.com/watch?v=C93WgQkcoh8,Sacred Ceremony in the Cave of Windchimes,ytmusic,76.47058823529412,2026-09-04T01:12:30
Breaks,Various,Got That Buzz,yes,JyrilPyg_1I,https://music.youtube.com/watch?v=JyrilPyg_1I,Got That Buzz,ytmusic,76.47058823529412,2026-09-04T01:12:31
Breaks,Various,Interstellar Intercept,yes,dZPWQje1-vY,https://music.youtube.com/watch?v=dZPWQje1-vY,Sweater - Interstellar Intercept [HTP001],ytmusic,84.61538461538461,2026-09-04T01:12:29
Breaks,Various,Interstellar Object,yes,yw9xaGFr_uE,https://music.youtube.com/watch?v=yw9xaGFr_uE,Interstellar Object,ytmusic,88.37209302325581,2026-09-04T01:14:55
Breaks,Various,Just Go With the Billow,yes,zxRFJajrSyQ,https://music.youtube.com/watch?v=zxRFJajrSyQ,Poten - Just Go With The Billow [HTP001],ytmusic,85.18518518518519,2026-09-04T01:12:29
Breaks,Various,Last Organ I Promise,yes,u19nAWoXTqE,https://music.youtube.com/watch?v=u19nAWoXTqE,ILyes - Last Organ I Promise,ytmusic,83.33333333333333,2026-09-04T01:14:57
Breaks,Various,Loop Da Loop,yes,kagqFmoOTu4,https://music.youtube.com/watch?v=kagqFmoOTu4,Loop Da Loop,ytmusic,73.6842105263158,2026-09-04T01:14:56
Breaks,Various,Satisfied,yes,61bKls-Yvls,https://music.youtube.com/watch?v=61bKls-Yvls,Satisfied (Live),ytmusic,69.23076923076923,2026-09-04T01:14:53
Breaks,Various,The Foil,yes,fSosJperUrI,https://music.youtube.com/watch?v=fSosJperUrI,The Foil,ytmusic,70.27027027027027,2026-09-04T01:14:54
Breaks,Wedding Acid Group,City Gate Funk,yes,eZG6HOEq43k,https://music.youtube.com/watch?v=eZG6HOEq43k,Wedding Acid Group -- City Gate Funk,ytmusic,100.0,2026-09-04T01:11:52
Breaks,Wedding Acid Group,Colombo Acid,yes,aE7SDnVv5CI,https://music.youtube.com/watch?v=aE7SDnVv5CI,Wedding Acid Group -- Colombo Acid,ytmusic,100.0,2026-09-04T01:11:48
Breaks,Wedding Acid Group,Dog Park Memories,yes,dlitH46rTdg,https://music.youtube.com/watch?v=dlitH46rTdg,Wedding Acid Group  -- Dog Park Memories,ytmusic,100.0,2026-09-04T01:11:51
Breaks,Wedding Acid Group,Lost Memory FM,yes,d_9LzXchABY,https://music.youtube.com/watch?v=d_9LzXchABY,Wedding Acid Group -- Lost Memory Fm,ytmusic,100.0,2026-09-04T01:11:49
Breaks,Wedding Acid Group,Low Moisture Acid,yes,BJvwYpfu4U8,https://music.youtube.com/watch?v=BJvwYpfu4U8,Wedding Acid Group - Low Moisture Acid [USR027],ytmusic,100.0,2026-09-04T01:11:48
Breaks,Wedding Acid Group,Optimistic Acid,yes,1VXR1VyI3eU,https://music.youtube.com/watch?v=1VXR1VyI3eU,Wedding Acid Group -- Optimistic Acid,ytmusic,100.0,2026-09-04T01:11:50
Breaks,Wedding Acid Group,Sunday Circles,yes,TenxTel3_9Y,https://music.youtube.com/watch?v=TenxTel3_9Y,Wedding Acid Group -- Sunday Circles,ytmusic,100.0,2026-09-04T01:11:51
Breaks,Wedding Acid Group,Toy Story,yes,dr4b-a0zt8E,https://music.youtube.com/watch?v=dr4b-a0zt8E,Wedding Acid Group -- Toy Story,ytmusic,100.0,2026-09-04T01:11:47
Broken Beat,Tate's Place,Burnin' (Jazzanova Remix),yes,_kFR3x2Ls-U,https://music.youtube.com/watch?v=_kFR3x2Ls-U,TATE'S PLACE - 17 Burnin' (Jazzanova Mix),ytmusic,89.85507246376811,2026-09-04T01:19:26
Broken Beat,Tate's Place,Burnin' (Original),yes,_kFR3x2Ls-U,https://music.youtube.com/watch?v=_kFR3x2Ls-U,TATE'S PLACE - 17 Burnin' (Jazzanova Mix),ytmusic,78.43137254901961,2026-09-04T01:19:24
Broken Beat,Tate's Place,Burnin' (Sound Boy Remix),yes,kEtpwGMcURs,https://music.youtube.com/watch?v=kEtpwGMcURs,09 - Tate's Place feat. July Dexter - Burnin' (Sound Boy remix),ytmusic,100.0,2026-09-04T01:19:25
Dance-pop,Colonel Abrams,Trapped (A Cappella Version),yes,xfOHYh0j8Hg,https://music.youtube.com/watch?v=xfOHYh0j8Hg,Trapped,ytmusic,100.0,2026-09-04T01:22:03
Dance-pop,Colonel Abrams,Trapped (Dub Version),yes,msGN3CbYchs,https://music.youtube.com/watch?v=msGN3CbYchs,Trapped,ytmusic,100.0,2026-09-04T01:22:02
Dance-pop,Colonel Abrams,Trapped (Dub Version),yes,msGN3CbYchs,https://music.youtube.com/watch?v=msGN3CbYchs,Trapped,ytmusic,100.0,2026-09-04T01:22:02
Dance-pop,Colonel Abrams,Trapped (Vocal Version),yes,xfOHYh0j8Hg,https://music.youtube.com/watch?v=xfOHYh0j8Hg,Trapped,ytmusic,100.0,2026-09-04T01:22:02
Dance-pop,Colonel Abrams,Trapped (Vocal Version),yes,xfOHYh0j8Hg,https://music.youtube.com/watch?v=xfOHYh0j8Hg,Trapped,ytmusic,100.0,2026-09-04T01:22:02
Deep House,"Alex Neri, Mennie",Find Me,yes,w_dLO7P7a-8,https://music.youtube.com/watch?v=w_dLO7P7a-8,Find Me,ytmusic,100.0,2026-09-04T01:18:13
Deep House,"Alex Neri, Mennie",Reality,yes,D28yciAidSg,https://music.youtube.com/watch?v=D28yciAidSg,Reality,ytmusic,100.0,2026-09-04T01:18:13
Deep House,"Alex Neri, Mennie",Rockets,yes,fH40zXMsS18,https://music.youtube.com/watch?v=fH40zXMsS18,Rockets,ytmusic,100.0,2026-09-04T01:18:14
Deep House,"Alex Neri, Mennie",Watch Me,yes,xRWpJW-ySt8,https://music.youtube.com/watch?v=xRWpJW-ySt8,Watch Me,ytmusic,100.0,2026-09-04T01:18:15
Deep House,Aline Umber,Bazen,yes,Cl90v31Mw8k,https://music.youtube.com/watch?v=Cl90v31Mw8k,Aline Umber - Bazen feat. Songül,ytmusic,100.0,2026-09-04T01:21:04
Deep House,Aline Umber,Humanized,yes,VCl0BlJdfbU,https://music.youtube.com/watch?v=VCl0BlJdfbU,Aline Umber - Humanized [ALNOS04],ytmusic,100.0,2026-09-04T01:21:05
Deep House,Aline Umber,Ocean 23,yes,dl6LLc1GPaU,https://music.youtube.com/watch?v=dl6LLc1GPaU,Aline Umber - Ocean 23 [ALNOS04],ytmusic,100.0,2026-09-04T01:21:06
Deep House,Aline Umber,Story (Audiodal Mix),yes,v4dYyjsHNj0,https://music.youtube.com/watch?v=v4dYyjsHNj0,Aline Umber - Story (Audiodal Mix) [ALNOS04],ytmusic,100.0,2026-09-04T01:21:05
Deep House,"Aline Umber, HOSTOM",It's a Dream,yes,MDHWHLMEwug,https://music.youtube.com/watch?v=MDHWHLMEwug,It's A Dream,ytmusic,77.41935483870968,2026-09-04T01:20:29
Deep House,"Aline Umber, HOSTOM",Oto,yes,KvwMo8m5nns,https://music.youtube.com/watch?v=KvwMo8m5nns,Aline Umber - Oto [YOYAKUBCN2025],ytdlp,60.714285714285715,2026-09-04T01:20:32
Deep House,"Aline Umber, HOSTOM",Till it Stop,yes,z_cIrzrLYug,https://music.youtube.com/watch?v=z_cIrzrLYug,Aline Umber - Till it Stop [YOYAKUBCN2025],ytmusic,72.0,2026-09-04T01:20:32
Deep House,"Aline Umber, HOSTOM",Tree House,no,,,,none,0.0,2026-09-04T01:59:57
Deep House,Black Traxx,Dance Forever,yes,6unCx5U6hcY,https://music.youtube.com/watch?v=6unCx5U6hcY,Black Traxx - Dance Forever,ytmusic,100.0,2026-09-04T01:17:02
Deep House,Black Traxx,Doctor's Housecall,yes,UJb28J4ByJk,https://music.youtube.com/watch?v=UJb28J4ByJk,Doctor's Housecall,ytmusic,100.0,2026-09-04T01:16:59
Deep House,Black Traxx,Everything,yes,_5CXdeuDZ8U,https://music.youtube.com/watch?v=_5CXdeuDZ8U,Black Traxx 3 - Everything - 1992,ytmusic,100.0,2026-09-04T01:16:59
Deep House,Black Traxx,Nite Dance,yes,pX_iBz8_g0Y,https://music.youtube.com/watch?v=pX_iBz8_g0Y,Black Traxx 3 - Nite Dance,ytmusic,100.0,2026-09-04T01:17:01
Deep House,Black Traxx,S.A.D. (Tribal Mix),yes,C8sbmUKoJfY,https://music.youtube.com/watch?v=C8sbmUKoJfY,Black Traxx ‎– S.A.D. (Tribal Mix),ytmusic,100.0,2026-09-04T01:17:03
Deep House,Black Traxx,Your Mind Is So Crazy,yes,XSUlVf050ZI,https://music.youtube.com/watch?v=XSUlVf050ZI,Your Mind Is So Crazy (Extended Mix),ytmusic,100.0,2026-09-04T01:17:00
Deep House,Boogie Buffet,Back 2 Boogie (Acid Burns Mix),yes,gyS7-3l02Gs,https://music.youtube.com/watch?v=gyS7-3l02Gs,Boogie Buffet - Back 2 Boogie (Acid Burns Mix),ytmusic,100.0,2026-09-04T01:15:48
Deep House,Boogie Buffet,Back 2 Boogie (Deeper Mix),yes,BSLwkFogOjY,https://music.youtube.com/watch?v=BSLwkFogOjY,Back 2 Boogie (Revival Mix),ytmusic,86.20689655172414,2026-09-04T01:15:48
Deep House,Boogie Buffet,Back 2 Boogie (Revival Mix),yes,BSLwkFogOjY,https://music.youtube.com/watch?v=BSLwkFogOjY,Back 2 Boogie (Revival Mix),ytmusic,100.0,2026-09-04T01:15:46
Deep House,Boogie Buffet,Back 2 Boogie (Revival Re Edit),yes,BSLwkFogOjY,https://music.youtube.com/watch?v=BSLwkFogOjY,Back 2 Boogie (Revival Mix),ytmusic,92.06349206349206,2026-09-04T01:15:47
Deep House,Brian SNR,Funking It Up,yes,7JQIyzm8fCo,https://music.youtube.com/watch?v=7JQIyzm8fCo,Funking It Up,ytmusic,100.0,2026-09-04T01:21:34
Deep House,Brian SNR,Funking It Up (SNR's Underground Rework),yes,YQdZFYi0u40,https://music.youtube.com/watch?v=YQdZFYi0u40,Brian SNR - Funking It Up (SNR's Underground Rework) - Preview,ytmusic,100.0,2026-09-04T01:21:33
Deep House,Brian SNR,My Dark Music (SNR's Midnight Remix),yes,cGm_sXgdoB0,https://music.youtube.com/watch?v=cGm_sXgdoB0,Brian SNR - My Dark Music (SNR's Midnight Remix) - Preview,ytmusic,100.0,2026-09-04T01:21:35
Deep House,Brian SNR,That's What I Wanna Do,yes,QChNSLwJV4w,https://music.youtube.com/watch?v=QChNSLwJV4w,Brian SNR - That's What I Wanna Do - (Preview),ytmusic,100.0,2026-09-04T01:21:35
Deep House,"Disco Stup, Swin",Broken Mute Point,yes,3v51V1gc82A,https://music.youtube.com/watch?v=3v51V1gc82A,Broken Mute Point,ytmusic,90.3225806451613,2026-09-04T01:21:13
Deep House,"Disco Stup, Swin",Entropy,yes,ZK8bR-41e08,https://music.youtube.com/watch?v=ZK8bR-41e08,Entropy,ytmusic,100.0,2026-09-04T01:21:15
Deep House,"Disco Stup, Swin",I’ll Show You The Attic,yes,LN5seoAIlb8,https://music.youtube.com/watch?v=LN5seoAIlb8,I’ll Show You The Attic,ytmusic,92.06349206349206,2026-09-04T01:21:14
Deep House,"Disco Stup, Swin",Loosing Their Minds,yes,IAuOsO710CE,https://music.youtube.com/watch?v=IAuOsO710CE,Loosing Their Minds,ytmusic,100.0,2026-09-04T01:21:15
Deep House,Emma B,Is It A Dream,yes,9_nDt2SNLQw,https://music.youtube.com/watch?v=9_nDt2SNLQw,Is It A Dream,ytmusic,100.0,2026-09-04T01:15:01
Deep House,Emma B,Meltinglove,yes,VHFYxRbnPxU,https://music.youtube.com/watch?v=VHFYxRbnPxU,Meltinglove (Vitess Remix),ytmusic,100.0,2026-09-04T01:15:00
Deep House,Emma B,Meltinglove (Maruwa Remix),yes,z0h5ByTy80I,https://music.youtube.com/watch?v=z0h5ByTy80I,Meltinglove (Maruwa Remix),ytmusic,100.0,2026-09-04T01:15:02
Deep House,Emma B,Meltinglove (Vitess Remix),yes,VHFYxRbnPxU,https://music.youtube.com/watch?v=VHFYxRbnPxU,Meltinglove (Vitess Remix),ytmusic,100.0,2026-09-04T01:15:01
Deep House,Furious Frank,Dangerous Dancer,yes,7liGzWbBXIc,https://music.youtube.com/watch?v=7liGzWbBXIc,Furious Frank - Dangerous Dancer (Official),ytmusic,100.0,2026-09-04T01:19:55
Deep House,Furious Frank,Heysen Trail,yes,NdU4PT1H6GI,https://music.youtube.com/watch?v=NdU4PT1H6GI,Furious Frank - Heysen Trail,ytmusic,100.0,2026-09-04T01:19:57
Deep House,Furious Frank,Magic Mountain,yes,IBAl_JWCKAg,https://music.youtube.com/watch?v=IBAl_JWCKAg,"Furious Frank – Magic Mountain (Ken Oath Records, 2017)",ytmusic,100.0,2026-09-04T01:19:55
Deep House,Furious Frank,The Grotto,yes,AOMAFeNky1E,https://music.youtube.com/watch?v=AOMAFeNky1E,PREMIERE: Furious Frank - The Grotto [Ken Oath],ytmusic,100.0,2026-09-04T01:19:56
Deep House,Furious Frank,Woorabinda Reserve,yes,_jVRv_P8EPA,https://music.youtube.com/watch?v=_jVRv_P8EPA,Furious Frank   Woorabinda Reserve,ytmusic,100.0,2026-09-04T01:19:58
Deep House,HNNY,Caypio,yes,FYyXOUhYqE0,https://music.youtube.com/watch?v=FYyXOUhYqE0,Caypio,ytmusic,100.0,2026-09-04T01:16:56
Deep House,HNNY,Good,yes,8PZuVVsf0AE,https://music.youtube.com/watch?v=8PZuVVsf0AE,Good,ytmusic,100.0,2026-09-04T01:16:57
Deep House,HNNY,Kitigai,yes,RttQxGUjVVE,https://music.youtube.com/watch?v=RttQxGUjVVE,Kitigai,ytmusic,100.0,2026-09-04T01:16:58
Deep House,Heatsick,Dream Tennis (Clima Remix),yes,0ZirIm60DQs,https://music.youtube.com/watch?v=0ZirIm60DQs,Dream Tennis (Young Marco Remix),ytmusic,88.88888888888889,2026-09-04T01:21:30
Deep House,Heatsick,Dream Tennis (Legowelt W30 Palm Springs Pawn Shop Remix),yes,ZBgWZp0yA-s,https://music.youtube.com/watch?v=ZBgWZp0yA-s,Heatsick - Dream Tennis (Legowelt W30 Palm Springs Pawn Shop Remix),ytmusic,100.0,2026-09-04T01:21:28
Deep House,Heatsick,Dream Tennis (Willie Burns Remix),yes,WvsrSdMoMGw,https://music.youtube.com/watch?v=WvsrSdMoMGw,Dream Tennis (Young Marco Remix) (feat. Young Marco),ytmusic,80.0,2026-09-04T01:21:29
Deep House,Heatsick,Dream Tennis (Young Marco Remix),yes,WvsrSdMoMGw,https://music.youtube.com/watch?v=WvsrSdMoMGw,Dream Tennis (Young Marco Remix) (feat. Young Marco),ytmusic,100.0,2026-09-04T01:21:30
Deep House,Hugo LX,Emerge,yes,yM-og5XNVHY,https://music.youtube.com/watch?v=yM-og5XNVHY,Emerge,ytmusic,100.0,2026-09-04T01:17:12
Deep House,Hugo LX,"Gone Today, Here Tomorrow",yes,bIUo3xRgcn8,https://music.youtube.com/watch?v=bIUo3xRgcn8,"Gone Today, Here Tomorrow",ytmusic,100.0,2026-09-04T01:17:13
Deep House,Hugo LX,Oversight II,yes,q9sbd_sTl9k,https://music.youtube.com/watch?v=q9sbd_sTl9k,HUGO LX - Oversight II ft. Tony Tixier (Official Audio),ytmusic,100.0,2026-09-04T01:17:15
Deep House,Hugo LX,Surrender,yes,d409jde_0vY,https://music.youtube.com/watch?v=d409jde_0vY,Surrender,ytmusic,100.0,2026-09-04T01:17:13
Deep House,Hugo LX,Zio,yes,iSBcOyFI64E,https://music.youtube.com/watch?v=iSBcOyFI64E,HUGO LX - Zio ft. Christopher Johnson (Official Audio),ytmusic,100.0,2026-09-04T01:17:14
Deep House,Jay Shepheard,Last Days (Of Cou Cou D),yes,f4qLXjjOqFE,https://music.youtube.com/watch?v=f4qLXjjOqFE,Last Days (Of Cou Cou D),ytmusic,100.0,2026-09-04T01:21:27
Deep House,Jay Shepheard,Live On,yes,bNJCfzqyYDE,https://music.youtube.com/watch?v=bNJCfzqyYDE,Live On,ytmusic,100.0,2026-09-04T01:21:26
Deep House,Jay Shepheard,Pipes N Sneakers,yes,dMMRS2z4QOw,https://music.youtube.com/watch?v=dMMRS2z4QOw,Pipes N Sneakers (Manuel Tur & DPlay Remix),ytmusic,100.0,2026-09-04T01:21:25
Deep House,Jay Shepheard,Song From Mikledore,yes,hqpHl8A0s5Q,https://music.youtube.com/watch?v=hqpHl8A0s5Q,Song from Mikledore,ytmusic,100.0,2026-09-04T01:21:28
Deep House,Kamasutra,Night Walk (Black Horses),yes,tnB4AYNZv-8,https://music.youtube.com/watch?v=tnB4AYNZv-8,Night Walk,ytmusic,100.0,2026-09-04T01:13:45
Deep House,Kamasutra,Night Walk (Dob-Jam Dub),yes,0WjIAE22hA8,https://music.youtube.com/watch?v=0WjIAE22hA8,Night Walk,ytmusic,100.0,2026-09-04T01:13:41
Deep House,Kamasutra,Night Walk (Night Walk Version),yes,tnB4AYNZv-8,https://music.youtube.com/watch?v=tnB4AYNZv-8,Night Walk,ytmusic,100.0,2026-09-04T01:13:43
Deep House,Kamasutra,Night Walk (On The Mountain),yes,Z0B9h39r1BI,https://music.youtube.com/watch?v=Z0B9h39r1BI,Night Walk,ytmusic,100.0,2026-09-04T01:13:44
Deep House,Kamasutra,Night Walk (Rejuiced),yes,tnB4AYNZv-8,https://music.youtube.com/watch?v=tnB4AYNZv-8,Night Walk,ytmusic,100.0,2026-09-04T01:13:42
Deep House,Kamasutra,Night Walk (To The Cave),yes,Z0B9h39r1BI,https://music.youtube.com/watch?v=Z0B9h39r1BI,Night Walk,ytmusic,100.0,2026-09-04T01:13:43
Deep House,"Keraw, Marc Cotterell",2 Me (Instru-Me & U Mix),yes,oZdd7PC5BIA,https://music.youtube.com/watch?v=oZdd7PC5BIA,Keraw - 2 Me (Instru Me & U Mix),ytmusic,74.15730337078652,2026-09-04T01:17:17
Deep House,"Keraw, Marc Cotterell","Deeper District (12"" Mix)",yes,dRON9ZUwWRA,https://music.youtube.com/watch?v=dRON9ZUwWRA,"Deeper District (12"" Mix)",ytmusic,89.28571428571429,2026-09-04T01:17:16
Deep House,"Keraw, Marc Cotterell",Follow (Marc's 96's Classic Mix),yes,-9s9fLm6Vdk,https://music.youtube.com/watch?v=-9s9fLm6Vdk,Marc Cotterell Feat  Vanessa Jackson - Follow (Marc's 96's Classic Mix),ytmusic,93.06930693069307,2026-09-04T01:17:18
Deep House,"Keraw, Marc Cotterell",Slap Attack,yes,9nnGV3toFmc,https://music.youtube.com/watch?v=9nnGV3toFmc,Slap Attack,ytmusic,100.0,2026-09-04T01:17:18
Deep House,Kilowatt,Automatik,yes,sChkwADvrM0,https://music.youtube.com/watch?v=sChkwADvrM0,Automatik,ytmusic,100.0,2026-09-04T01:21:31
Deep House,Kilowatt,Loose End,yes,wpa4ICnIkEM,https://music.youtube.com/watch?v=wpa4ICnIkEM,Loose End,ytmusic,100.0,2026-09-04T01:21:31
Deep House,Kilowatt,Rok Automatik,yes,sChkwADvrM0,https://music.youtube.com/watch?v=sChkwADvrM0,Automatik,ytmusic,100.0,2026-09-04T01:21:32
Deep House,Kilowatt,The End,yes,MLeW1T53v4M,https://music.youtube.com/watch?v=MLeW1T53v4M,The End,ytmusic,100.0,2026-09-04T01:21:33
Deep House,Light Blue File,4th Of The Punks,yes,84_isolJZS4,https://music.youtube.com/watch?v=84_isolJZS4,Light Blue File - 4th Of The Punks | Distrikt Paris,ytmusic,100.0,2026-09-04T01:20:45
Deep House,Light Blue File,Discoast,yes,MRZq_rGSTYw,https://music.youtube.com/watch?v=MRZq_rGSTYw,Light Blue File - Discoast [DTKP07],ytmusic,100.0,2026-09-04T01:20:45
Deep House,Light Blue File,Everything The Light Touches,yes,19sZeAKV8qI,https://music.youtube.com/watch?v=19sZeAKV8qI,The File,ytmusic,100.0,2026-09-04T01:20:46
Deep House,Light Blue File,Rootbox,yes,IGH-VOgFL4E,https://music.youtube.com/watch?v=IGH-VOgFL4E,PREMIERE: Light Blue File - Rootbox [DKTP007],ytmusic,100.0,2026-09-04T01:20:47
Deep House,Palorim,Alien encounter,yes,1FnvBJeDZVc,https://music.youtube.com/watch?v=1FnvBJeDZVc,Alien Encounter,ytmusic,78.94736842105263,2026-09-04T01:19:05
Deep House,Palorim,Cracky nuts,yes,3OTZE0C60e4,https://music.youtube.com/watch?v=3OTZE0C60e4,Cracker & Nuts,ytmusic,65.21739130434783,2026-09-04T01:19:04
Deep House,Palorim,Double trouble,yes,uDcmjcM5t2k,https://music.youtube.com/watch?v=uDcmjcM5t2k,Palorim ─ Double Trouble [KDM001],ytmusic,100.0,2026-09-04T01:19:04
Deep House,Palorim,Trippin,yes,V6l8Qv9opTU,https://music.youtube.com/watch?v=V6l8Qv9opTU,Palorim - Trippin [KDM001],ytmusic,100.0,2026-09-04T01:19:06
Deep House,"SINM, Look Perry",Got The Data,yes,C_cQw7LZrzk,https://music.youtube.com/watch?v=C_cQw7LZrzk,SINM - Got The Data [MAAI007],ytdlp,65.51724137931035,2026-09-04T01:18:29
Deep House,"SINM, Look Perry",I Can't Love U,yes,SKp1HKM_4TY,https://music.youtube.com/watch?v=SKp1HKM_4TY,And I Love You So,ytmusic,74.57627118644068,2026-09-04T01:18:32
Deep House,"SINM, Look Perry",Layerz,yes,b0lZ6uvghdc,https://music.youtube.com/watch?v=b0lZ6uvghdc,Perry,ytmusic,71.42857142857143,2026-09-04T01:18:28
Deep House,"SINM, Look Perry",Stone Pilots,yes,mFgpWbI3Czo,https://music.youtube.com/watch?v=mFgpWbI3Czo,Sin,ytmusic,68.57142857142857,2026-09-04T01:18:32
Deep House,"SINM, Look Perry",Wonky Aftermath,yes,QAMSJvUYQ1I,https://music.youtube.com/watch?v=QAMSJvUYQ1I,SINM - Wonky Aftermath (MAAI007),ytdlp,68.75,2026-09-04T01:18:31
Deep House,Unknown Artist,Untitled,yes,ca0uzI-QDPQ,https://music.youtube.com/watch?v=ca0uzI-QDPQ,Untitled,ytmusic,100.0,2026-09-04T01:21:36
Deep House,Unknown Artist,Untitled,yes,ca0uzI-QDPQ,https://music.youtube.com/watch?v=ca0uzI-QDPQ,Untitled,ytmusic,100.0,2026-09-04T01:21:36
Deep House,Various,Acid Pop,yes,TdUAN18xsXM,https://music.youtube.com/watch?v=TdUAN18xsXM,Various - Acid Dreams. Sixties. Album Vinyl 2010,ytmusic,85.71428571428571,2026-09-04T01:18:57
Deep House,Various,Ali Bei,yes,jjZVAcBG3Vc,https://music.youtube.com/watch?v=jjZVAcBG3Vc,"Lieder, Op. 16: No. 1, Ali Bei",ytdlp,63.63636363636363,2026-09-04T01:59:51
Deep House,Various,Already Mine (Dub Mix),yes,tMNdpIUPmD0,https://music.youtube.com/watch?v=tMNdpIUPmD0,JV & Red Eye feat. Apolesse - Already Mine (Dub Mix) [KNOE NM/1],ytmusic,84.61538461538461,2026-09-04T01:20:57
Deep House,Various,Around,yes,JVuuatjHGnY,https://music.youtube.com/watch?v=JVuuatjHGnY,Lisa Stansfield - All Around the World,ytdlp,60.0,2026-09-04T01:19:00
Deep House,Various,Bounce,yes,PsOB5phmwRs,https://music.youtube.com/watch?v=PsOB5phmwRs,Bounce,ytmusic,100.0,2026-09-04T01:20:58
Deep House,Various,Entron,yes,viqtQirWBSY,https://music.youtube.com/watch?v=viqtQirWBSY,"Faust, Act III: ""Il Se Fait Tard!... Adieu!…""",ytmusic,66.66666666666666,2026-09-04T01:20:56
Deep House,Various,Free Thing,yes,YEcldu3uqws,https://music.youtube.com/watch?v=YEcldu3uqws,Music Will Set Us Free,ytmusic,71.42857142857143,2026-09-04T01:21:00
Deep House,Various,Jimmy Clanfield,yes,V1iXxQuNwqE,https://music.youtube.com/watch?v=V1iXxQuNwqE,I Think I Luv 'U (feat. Loot) (Jimmy Clanfield Rework Instrumental),ytmusic,78.94736842105263,2026-09-04T01:20:59
Deep House,Various,Reel Love,yes,Y4e87nUHiAI,https://music.youtube.com/watch?v=Y4e87nUHiAI,love you anyway,ytmusic,70.27027027027027,2026-09-04T01:21:01
Deep House,Various,Rhythms,yes,wstkRoVTjLk,https://music.youtube.com/watch?v=wstkRoVTjLk,VARIOUS RHYTHMS,ytmusic,100.0,2026-09-04T01:20:59
Deep House,Various,Seventh Sense,yes,ovpHLp4gGbE,https://music.youtube.com/watch?v=ovpHLp4gGbE,Senses,ytmusic,78.78787878787878,2026-09-04T01:20:57
Deep House,Various,The House of Boppulus Toppulus,yes,PK7Nzv_VomA,https://music.youtube.com/watch?v=PK7Nzv_VomA,Papolious Jones - The House Of Boppulus Toppulus (-3%),ytmusic,88.23529411764706,2026-09-04T01:18:56
Deep House,Venetia,Camel,yes,GYfSBbDg4hw,https://music.youtube.com/watch?v=GYfSBbDg4hw,Venetia - Camel,ytmusic,100.0,2026-09-04T01:18:49
Deep House,Venetia,Jet,yes,l88zEiBVK_s,https://music.youtube.com/watch?v=l88zEiBVK_s,Venetia - Jet [SN003],ytmusic,100.0,2026-09-04T01:18:49
Deep House,Venetia,Shangri-La Disco,yes,FUXaf-XCkOY,https://music.youtube.com/watch?v=FUXaf-XCkOY,Venetia - Shangri-La Disco [SN003],ytmusic,100.0,2026-09-04T01:18:51
Deep House,Venetia,The Mind,yes,I8_aRo_zpQs,https://music.youtube.com/watch?v=I8_aRo_zpQs,Venetia - The Mind (SN003),ytmusic,100.0,2026-09-04T01:18:50
Disco,Boogie Buffet,Back 2 Boogie (Acid Burns Mix),yes,gyS7-3l02Gs,https://music.youtube.com/watch?v=gyS7-3l02Gs,Boogie Buffet - Back 2 Boogie (Acid Burns Mix),ytmusic,100.0,2026-09-04T01:15:48
Disco,Boogie Buffet,Back 2 Boogie (Deeper Mix),yes,BSLwkFogOjY,https://music.youtube.com/watch?v=BSLwkFogOjY,Back 2 Boogie (Revival Mix),ytmusic,86.20689655172414,2026-09-04T01:15:48
Disco,Boogie Buffet,Back 2 Boogie (Revival Mix),yes,BSLwkFogOjY,https://music.youtube.com/watch?v=BSLwkFogOjY,Back 2 Boogie (Revival Mix),ytmusic,100.0,2026-09-04T01:15:46
Disco,Boogie Buffet,Back 2 Boogie (Revival Re Edit),yes,BSLwkFogOjY,https://music.youtube.com/watch?v=BSLwkFogOjY,Back 2 Boogie (Revival Mix),ytmusic,92.06349206349206,2026-09-04T01:15:47
Disco,Boot & Tax,Dimensione A,yes,0OkH7zVVjzk,https://music.youtube.com/watch?v=0OkH7zVVjzk,Boot & Tax - Dimensione A [EF83],ytmusic,100.0,2026-09-04T01:21:37
Disco,Boot & Tax,Dimensione B,yes,4JUfZZfQa6M,https://music.youtube.com/watch?v=4JUfZZfQa6M,Boot & Tax - Dimensione B [EF83],ytmusic,100.0,2026-09-04T01:21:37
Disco,Boot & Tax,Dimensione C,yes,JRHbt6twU4M,https://music.youtube.com/watch?v=JRHbt6twU4M,Boot & Tax - Dimensione C [EF83],ytmusic,100.0,2026-09-04T01:21:38
Disco,Jay Shepheard,Last Days (Of Cou Cou D),yes,f4qLXjjOqFE,https://music.youtube.com/watch?v=f4qLXjjOqFE,Last Days (Of Cou Cou D),ytmusic,100.0,2026-09-04T01:21:27
Disco,Jay Shepheard,Live On,yes,bNJCfzqyYDE,https://music.youtube.com/watch?v=bNJCfzqyYDE,Live On,ytmusic,100.0,2026-09-04T01:21:26
Disco,Jay Shepheard,Pipes N Sneakers,yes,dMMRS2z4QOw,https://music.youtube.com/watch?v=dMMRS2z4QOw,Pipes N Sneakers (Manuel Tur & DPlay Remix),ytmusic,100.0,2026-09-04T01:21:25
Disco,Jay Shepheard,Song From Mikledore,yes,hqpHl8A0s5Q,https://music.youtube.com/watch?v=hqpHl8A0s5Q,Song from Mikledore,ytmusic,100.0,2026-09-04T01:21:28
Disco,Mamosato,Be Positive,yes,tPjSZoY_Fx0,https://music.youtube.com/watch?v=tPjSZoY_Fx0,Be Positive,ytmusic,100.0,2026-09-04T01:20:21
Disco,Mamosato,Mamotool,yes,QVsHq7P3OSE,https://music.youtube.com/watch?v=QVsHq7P3OSE,Mamosato - Mamotool [STL006],ytmusic,100.0,2026-09-04T01:20:23
Disco,Mamosato,Second On Seven,yes,Dwre48XLKP8,https://music.youtube.com/watch?v=Dwre48XLKP8,Second On Seven,ytmusic,100.0,2026-09-04T01:20:21
Disco,Mamosato,Silence Mood,yes,wzB3GsIr8To,https://music.youtube.com/watch?v=wzB3GsIr8To,Silence Mood,ytmusic,100.0,2026-09-04T01:20:22
Disco,Various,Enjoy The Silence (Curses Edita),yes,XK4Yzi3BXa4,https://music.youtube.com/watch?v=XK4Yzi3BXa4,Enjoy the Silence,ytmusic,85.0,2026-09-04T01:21:46
Disco,Various,Heroes (Curses Edita),yes,zy6s70pRb2s,https://music.youtube.com/watch?v=zy6s70pRb2s,Heroes,ytmusic,77.77777777777777,2026-09-04T01:21:44
Disco,Various,Nano Nano (Stereocalypse Edita),yes,zZkAJLI_qKI,https://music.youtube.com/watch?v=zZkAJLI_qKI,Nano Nano (Stereocalypse Edita),ytmusic,86.66666666666667,2026-09-04T01:21:44
Disco,Various,Smalltown Boy (Stereocalypse Edita),yes,Cl3XcdFKHe8,https://music.youtube.com/watch?v=Cl3XcdFKHe8,Bronski Beat - Smalltown Boy (Stereocalypse Remix),ytmusic,78.87323943661971,2026-09-04T01:21:45
Disco,Voyage,Eastern Trip,yes,DFzOG1Wt46Y,https://music.youtube.com/watch?v=DFzOG1Wt46Y,Eastern Trip,ytmusic,100.0,2026-09-04T01:21:40
Disco,Voyage,Golden Eldorado,yes,PcV5o6ZC6zs,https://music.youtube.com/watch?v=PcV5o6ZC6zs,Golden Eldorado,ytmusic,100.0,2026-09-04T01:21:42
Disco,Voyage,Gone With The Music,yes,uctddFRd47Y,https://music.youtube.com/watch?v=uctddFRd47Y,Gone with the Music,ytmusic,100.0,2026-09-04T01:21:43
Disco,Voyage,Kechak Fantasy,yes,TUJJiPpGyAw,https://music.youtube.com/watch?v=TUJJiPpGyAw,Kechak Fantasy,ytmusic,100.0,2026-09-04T01:21:39
Disco,Voyage,Let's Fly Away,yes,IFUDOp-tZBA,https://music.youtube.com/watch?v=IFUDOp-tZBA,Let's Fly Away,ytmusic,100.0,2026-09-04T01:21:42
Disco,Voyage,Souvenirs,yes,YUb2OHv8Wj0,https://music.youtube.com/watch?v=YUb2OHv8Wj0,Souvenirs,ytmusic,100.0,2026-09-04T01:21:38
Disco,Voyage,"Tahiti, Tahiti...",yes,iYIqGKoqAx4,https://music.youtube.com/watch?v=iYIqGKoqAx4,"Tahiti, Tahiti…",ytmusic,91.30434782608695,2026-09-04T01:21:41
Downtempo,Hip Service,Badaboom Badabing (Drax & Gooding Café Mambo Remix),yes,JMkCUawRZHw,https://music.youtube.com/watch?v=JMkCUawRZHw,BadaBing BadaBoom,ytmusic,100.0,2026-09-04T01:16:13
Downtempo,Hip Service,Badaboom Badabing (Spectors Caught By The Ballearics Mix),yes,fR3QMxD6iQ4,https://music.youtube.com/watch?v=fR3QMxD6iQ4,Joined At The Hip,ytmusic,83.33333333333333,2026-09-04T01:16:14
Downtempo,Hip Service,Badaboom Badabing (Stel & Good Newz Remix),yes,Vgdhujy3lAE,https://music.youtube.com/watch?v=Vgdhujy3lAE,Hip Service - Badaboom Badabing (Stel & Good Newz Remix),ytmusic,100.0,2026-09-04T01:16:13
Downtempo,Hugo LX,Emerge,yes,yM-og5XNVHY,https://music.youtube.com/watch?v=yM-og5XNVHY,Emerge,ytmusic,100.0,2026-09-04T01:17:12
Downtempo,Hugo LX,"Gone Today, Here Tomorrow",yes,bIUo3xRgcn8,https://music.youtube.com/watch?v=bIUo3xRgcn8,"Gone Today, Here Tomorrow",ytmusic,100.0,2026-09-04T01:17:13
Downtempo,Hugo LX,Oversight II,yes,q9sbd_sTl9k,https://music.youtube.com/watch?v=q9sbd_sTl9k,HUGO LX - Oversight II ft. Tony Tixier (Official Audio),ytmusic,100.0,2026-09-04T01:17:15
Downtempo,Hugo LX,Surrender,yes,d409jde_0vY,https://music.youtube.com/watch?v=d409jde_0vY,Surrender,ytmusic,100.0,2026-09-04T01:17:13
Downtempo,Hugo LX,Zio,yes,iSBcOyFI64E,https://music.youtube.com/watch?v=iSBcOyFI64E,HUGO LX - Zio ft. Christopher Johnson (Official Audio),ytmusic,100.0,2026-09-04T01:17:14
Downtempo,Laurent Garnier,City Sphere (Sax Mix),yes,DLDsfm7Uum4,https://music.youtube.com/watch?v=DLDsfm7Uum4,City Sphere,ytmusic,100.0,2026-09-04T01:09:33
Downtempo,Laurent Garnier,Dangerous Drive,yes,ItZ00OWRnSw,https://music.youtube.com/watch?v=ItZ00OWRnSw,Dangerous Drive,ytmusic,100.0,2026-09-04T01:09:30
Downtempo,Laurent Garnier,Downfall,yes,VAtmWKbB3a4,https://music.youtube.com/watch?v=VAtmWKbB3a4,Downfall,ytmusic,100.0,2026-09-04T01:09:32
Downtempo,Laurent Garnier,"Greed 1 (12"" Mix)",yes,S--0Zb3TSeA,https://music.youtube.com/watch?v=S--0Zb3TSeA,Greed,ytmusic,100.0,2026-09-04T01:09:35
Downtempo,Laurent Garnier,Greed 2 (Long Version),yes,S--0Zb3TSeA,https://music.youtube.com/watch?v=S--0Zb3TSeA,Greed,ytmusic,100.0,2026-09-04T01:09:36
Downtempo,Laurent Garnier,Last Tribute From The 20th Century,yes,GM5tnTLZvAA,https://music.youtube.com/watch?v=GM5tnTLZvAA,Last Tribute From The 20Th Century,ytmusic,100.0,2026-09-04T01:09:37
Downtempo,Laurent Garnier,Le Groove De Ta Mère,yes,oOhLsC-ZMSU,https://music.youtube.com/watch?v=oOhLsC-ZMSU,Laurent Garnier -  Le Groove De Ta Mère (2000 - F Communications - F 115 DLP),ytmusic,100.0,2026-09-04T01:09:31
Downtempo,Laurent Garnier,Smart Move,yes,sBLI7qlaKQ8,https://music.youtube.com/watch?v=sBLI7qlaKQ8,Laurent Garnier - Smart Move,ytmusic,100.0,2026-09-04T01:09:34
Downtempo,Laurent Garnier,The Man With The Red Face,yes,JjNcukPxxds,https://music.youtube.com/watch?v=JjNcukPxxds,The Man With The Red Face,ytmusic,100.0,2026-09-04T01:09:35
Downtempo,Laurent Garnier,The Sound Of The Big Babou,yes,Wp9OPpEy9mc,https://music.youtube.com/watch?v=Wp9OPpEy9mc,The Sound Of The Big Babou,ytmusic,100.0,2026-09-04T01:09:32
Downtempo,Sans Sucre,Ampullae Of Lorenzini,yes,n7YF-ltX35U,https://music.youtube.com/watch?v=n7YF-ltX35U,Ampullae Of Lorenzini,ytmusic,100.0,2026-09-04T01:17:06
Downtempo,Sans Sucre,Aqualung,yes,1HCj2pDT1pc,https://music.youtube.com/watch?v=1HCj2pDT1pc,Aqualung,ytmusic,100.0,2026-09-04T01:17:04
Downtempo,Sans Sucre,Sequential Hermaphrodism,yes,JRmh9dfuOho,https://music.youtube.com/watch?v=JRmh9dfuOho,Sequential Hermaphrodism,ytmusic,100.0,2026-09-04T01:17:05
Downtempo,Sans Sucre,Tetrodoxin,yes,AYUmwzCXToM,https://music.youtube.com/watch?v=AYUmwzCXToM,Tetrodoxin,ytmusic,100.0,2026-09-04T01:17:03
Downtempo,Sohrab,Crystal Clear,yes,uWY6BAqtEzo,https://music.youtube.com/watch?v=uWY6BAqtEzo,Crystal Clear,ytmusic,100.0,2026-09-04T01:14:52
Downtempo,Sohrab,Dualism,yes,AYho2wfsXDo,https://music.youtube.com/watch?v=AYho2wfsXDo,Dualism,ytmusic,100.0,2026-09-04T01:14:48
Downtempo,Sohrab,Fleeting Thoughts,yes,MIjOne_a6m4,https://music.youtube.com/watch?v=MIjOne_a6m4,Fleeting Thoughts,ytmusic,100.0,2026-09-04T01:14:50
Downtempo,Sohrab,Fool's Demise,yes,g-R8QfwM-2U,https://music.youtube.com/watch?v=g-R8QfwM-2U,Fool's Demise,ytmusic,100.0,2026-09-04T01:14:49
Downtempo,Sohrab,Movimento Perpetuo,yes,R0j4WSIucK8,https://music.youtube.com/watch?v=R0j4WSIucK8,Movimento Perpetuo,ytmusic,100.0,2026-09-04T01:14:50
Downtempo,Sohrab,Sunseeker,yes,wBvnu-nnDIg,https://music.youtube.com/watch?v=wBvnu-nnDIg,Sunseeker,ytmusic,100.0,2026-09-04T01:14:51
Downtempo,Sohrab,Transfer Learning,yes,ZZYOfdPIumQ,https://music.youtube.com/watch?v=ZZYOfdPIumQ,Transfer Learning,ytmusic,100.0,2026-09-04T01:14:48
Downtempo,Sohrab,VRF,yes,gXrksWaSAyQ,https://music.youtube.com/watch?v=gXrksWaSAyQ,V.R.F,ytmusic,90.9090909090909,2026-09-04T01:14:52
Downtempo,Tate's Place,Burnin' (Jazzanova Remix),yes,_kFR3x2Ls-U,https://music.youtube.com/watch?v=_kFR3x2Ls-U,TATE'S PLACE - 17 Burnin' (Jazzanova Mix),ytmusic,89.85507246376811,2026-09-04T01:19:26
Downtempo,Tate's Place,Burnin' (Original),yes,_kFR3x2Ls-U,https://music.youtube.com/watch?v=_kFR3x2Ls-U,TATE'S PLACE - 17 Burnin' (Jazzanova Mix),ytmusic,78.43137254901961,2026-09-04T01:19:24
Downtempo,Tate's Place,Burnin' (Sound Boy Remix),yes,kEtpwGMcURs,https://music.youtube.com/watch?v=kEtpwGMcURs,09 - Tate's Place feat. July Dexter - Burnin' (Sound Boy remix),ytmusic,100.0,2026-09-04T01:19:25
Downtempo,Teack & Phase,Flavor,yes,Sby0S72BCFs,https://music.youtube.com/watch?v=Sby0S72BCFs,Teack & Phase – Flavor,ytmusic,100.0,2026-09-04T01:16:41
Downtempo,Teack & Phase,People,yes,nGgdKoVVkKU,https://music.youtube.com/watch?v=nGgdKoVVkKU,People Phase,ytmusic,77.41935483870968,2026-09-04T01:16:42
Downtempo,Teack & Phase,The Street (Part 1),yes,J_me0T2w5n8,https://music.youtube.com/watch?v=J_me0T2w5n8,Teack & Phase – The Street Part 1,ytmusic,84.21052631578948,2026-09-04T01:16:40
Dub,Notilus,Alien,yes,HUpAFG076n8,https://music.youtube.com/watch?v=HUpAFG076n8,Alien,ytmusic,100.0,2026-09-04T01:22:07
Dub,Notilus,Behind,yes,s9syI40He28,https://music.youtube.com/watch?v=s9syI40He28,Behind,ytmusic,100.0,2026-09-04T01:22:04
Dub,Notilus,Green Smile,yes,dtxUXzIiXTA,https://music.youtube.com/watch?v=dtxUXzIiXTA,Green Smile,ytmusic,100.0,2026-09-04T01:22:06
Dub,Notilus,Kuku,yes,QtvHhzNp11c,https://music.youtube.com/watch?v=QtvHhzNp11c,Kuku,ytmusic,100.0,2026-09-04T01:22:06
Dub,Notilus,Ned,yes,PH8g-sISjcE,https://music.youtube.com/watch?v=PH8g-sISjcE,Ned,ytmusic,100.0,2026-09-04T01:22:10
Dub,Notilus,Orgella,yes,ZBtaioyEbRw,https://music.youtube.com/watch?v=ZBtaioyEbRw,Orgella,ytmusic,100.0,2026-09-04T01:22:08
Dub,Notilus,Pop Porn,yes,hcYZ42AOffA,https://music.youtube.com/watch?v=hcYZ42AOffA,Pop Porn,ytmusic,100.0,2026-09-04T01:22:05
Dub,Notilus,Sapin,yes,6pQ2ItXJDDM,https://music.youtube.com/watch?v=6pQ2ItXJDDM,Sapin,ytmusic,100.0,2026-09-04T01:22:08
Dub,Notilus,Tangerine,yes,VmzJKyRg_oI,https://music.youtube.com/watch?v=VmzJKyRg_oI,Tangerine,ytmusic,100.0,2026-09-04T01:22:04
Dub,Notilus,Valse à Plumes,yes,ZR2fmNX0OvA,https://music.youtube.com/watch?v=ZR2fmNX0OvA,Valse à Plumes,ytmusic,100.0,2026-09-04T01:22:09
EBM,Art Fact,...And The Seasons Changed,yes,XzPj5E3LXGo,https://music.youtube.com/watch?v=XzPj5E3LXGo,...And The Seasons Changed,ytmusic,100.0,2026-09-04T01:22:01
EBM,Art Fact,Im Jealous,yes,_PnMlzbNeAI,https://music.youtube.com/watch?v=_PnMlzbNeAI,Art Fact - Im Jealous (Curses Remix),ytmusic,100.0,2026-09-04T01:21:57
EBM,Art Fact,Lies,yes,IpLIBpt0vfw,https://music.youtube.com/watch?v=IpLIBpt0vfw,Lies,ytmusic,100.0,2026-09-04T01:22:00
EBM,Art Fact,Nowadats,yes,DgFHsFrqznE,https://music.youtube.com/watch?v=DgFHsFrqznE,Nowadays,ytmusic,94.11764705882354,2026-09-04T01:21:59
EBM,Art Fact,Stains,yes,iTUpEJD5RZs,https://music.youtube.com/watch?v=iTUpEJD5RZs,Stains,ytmusic,100.0,2026-09-04T01:22:00
EBM,Art Fact,Whom Are You Dancing For?,yes,Fn0dO5GSCPE,https://music.youtube.com/watch?v=Fn0dO5GSCPE,Whom Are You Dancing For?,ytmusic,100.0,2026-09-04T01:21:58
EBM,"Giammarco Orsini, Intheismah",Control You,yes,yo8jA_IQkAI,https://music.youtube.com/watch?v=yo8jA_IQkAI,"Giammarco Orsini, Intheismah - Control You",ytmusic,100.0,2026-09-04T01:12:57
EBM,"Giammarco Orsini, Intheismah",Gift,yes,b21fDPKK0jU,https://music.youtube.com/watch?v=b21fDPKK0jU,"Giammarco Orsini, Intheismah - Gift",ytmusic,100.0,2026-09-04T01:12:57
EBM,"Giammarco Orsini, Intheismah",The Transition,yes,HwsU98ZilFk,https://music.youtube.com/watch?v=HwsU98ZilFk,"Giammarco Orsini, Intheismah - The Transition",ytmusic,100.0,2026-09-04T01:12:59
EBM,"Giammarco Orsini, Intheismah",Wake Up,yes,AG-ZA_F-iY4,https://music.youtube.com/watch?v=AG-ZA_F-iY4,"Giammarco Orsini, Intheismah - Wake Up",ytmusic,100.0,2026-09-04T01:12:58
EBM,Panico En Directo,About Last Night,yes,34PcyaDN1Yw,https://music.youtube.com/watch?v=34PcyaDN1Yw,About last night,ytmusic,100.0,2026-09-04T01:18:38
EBM,Panico En Directo,Causalidad,yes,nq4oHrnUL6I,https://music.youtube.com/watch?v=nq4oHrnUL6I,Causalidad,ytmusic,100.0,2026-09-04T01:18:39
EBM,Panico En Directo,Die Blet,yes,Z5Kbm4eKveI,https://music.youtube.com/watch?v=Z5Kbm4eKveI,DIE Blet,ytmusic,100.0,2026-09-04T01:18:37
EBM,Panico En Directo,El Sueño De La Sirena,yes,8AAm5wtjUkc,https://music.youtube.com/watch?v=8AAm5wtjUkc,El sueño de la sirena,ytmusic,100.0,2026-09-04T01:18:39
EBM,Panico En Directo,Falso Atentado,yes,KNRRSRu6yHI,https://music.youtube.com/watch?v=KNRRSRu6yHI,Falso atentado,ytmusic,100.0,2026-09-04T01:18:36
EBM,Panico En Directo,Por La Sombra,yes,FPw-9UPhykk,https://music.youtube.com/watch?v=FPw-9UPhykk,Por la sombra,ytmusic,100.0,2026-09-04T01:18:40
EBM,Various,Afraid (Simon Acetone Remix),yes,6ba5Xs-h_DM,https://music.youtube.com/watch?v=6ba5Xs-h_DM,Afraid (Simon Acetone Remix) (feat. Simon Acetone),ytmusic,87.5,2026-09-04T01:16:09
EBM,Various,Nothing,yes,I1Fu8mjaC94,https://music.youtube.com/watch?v=I1Fu8mjaC94,Topic x HRVY - All Or Nothing (Official Music Video),ytdlp,63.63636363636363,2026-09-04T01:16:07
EBM,Various,Slipping Into Fiction (Mujik Remix),yes,P4NzC_asPk8,https://music.youtube.com/watch?v=P4NzC_asPk8,Slipping into Fiction (mujik remix),ytmusic,89.74358974358974,2026-09-04T01:16:08
EBM,Various,You,no,,,,none,0.0,2026-09-04T01:59:32
Electro,A:G,Catching Up,yes,CEFA8x5o9AE,https://music.youtube.com/watch?v=CEFA8x5o9AE,(A1) A:G - Catching Up - [Lirica Archives] - 2026,ytmusic,100.0,2026-09-04T01:11:44
Electro,A:G,Impulses,yes,jjhCc7ctU3c,https://music.youtube.com/watch?v=jjhCc7ctU3c,(B1) A:G - Impulses - [Lirica Archives] - 2026,ytmusic,100.0,2026-09-04T01:11:45
Electro,A:G,Let It Go,yes,x__PQ5HfaJI,https://music.youtube.com/watch?v=x__PQ5HfaJI,(B2) A:G - Let it Go - [Lirica Archives] - 2026,ytmusic,100.0,2026-09-04T01:11:46
Electro,A:G,New Doors,yes,FUqJi5T1m5s,https://music.youtube.com/watch?v=FUqJi5T1m5s,(B3) A:G - New Doors - [Lirica Archives] - 2026,ytmusic,100.0,2026-09-04T01:11:46
Electro,A:G,That's Not The Moon,yes,9l0PNcpJhYs,https://music.youtube.com/watch?v=9l0PNcpJhYs,(A2) A:G - That's not the moon - [Lirica Archives] - 2026,ytmusic,100.0,2026-09-04T01:11:44
Electro,ADC Band,Hot Legs,yes,0JepkUEXqdw,https://music.youtube.com/watch?v=0JepkUEXqdw,THE ADC BAND - hot legs,ytmusic,100.0,2026-09-04T01:19:51
Electro,ADC Band,Hot Legs,yes,0JepkUEXqdw,https://music.youtube.com/watch?v=0JepkUEXqdw,THE ADC BAND - hot legs,ytmusic,100.0,2026-09-04T01:19:51
Electro,"Aline Umber, HOSTOM",It's a Dream,yes,MDHWHLMEwug,https://music.youtube.com/watch?v=MDHWHLMEwug,It's A Dream,ytmusic,77.41935483870968,2026-09-04T01:20:29
Electro,"Aline Umber, HOSTOM",Oto,yes,KvwMo8m5nns,https://music.youtube.com/watch?v=KvwMo8m5nns,Aline Umber - Oto [YOYAKUBCN2025],ytdlp,60.714285714285715,2026-09-04T01:20:32
Electro,"Aline Umber, HOSTOM",Till it Stop,yes,z_cIrzrLYug,https://music.youtube.com/watch?v=z_cIrzrLYug,Aline Umber - Till it Stop [YOYAKUBCN2025],ytmusic,72.0,2026-09-04T01:20:32
Electro,"Aline Umber, HOSTOM",Tree House,no,,,,none,0.0,2026-09-04T01:59:57
Electro,Aloud,Rocky XIII (Extended Mix),yes,snts-ZjGGHg,https://music.youtube.com/watch?v=snts-ZjGGHg,Aloud - Rocky XIII (Extended Mix),ytmusic,100.0,2026-09-04T01:16:19
Electro,Aloud,Rocky XIII (Mylo Remix),yes,9JBKLF6XW-4,https://music.youtube.com/watch?v=9JBKLF6XW-4,Aloud - Rocky XIII (Mylo Remix),ytmusic,100.0,2026-09-04T01:16:19
Electro,Aloud,Sex & Sun Part III,yes,za3hneEpARk,https://music.youtube.com/watch?v=za3hneEpARk,Aloud – Sex & Sun Part III (Club Mix),ytmusic,100.0,2026-09-04T01:16:18
Electro,Arnic,Dr. Machine,yes,XyaYRwz87uY,https://music.youtube.com/watch?v=XyaYRwz87uY,Arnic - Dr.  Machine [Radioaktion],ytmusic,100.0,2026-09-04T01:15:11
Electro,Arnic,Emotionless,yes,5H0Ewa69ewE,https://music.youtube.com/watch?v=5H0Ewa69ewE,Arnic - Emotionless [RDKN01],ytmusic,100.0,2026-09-04T01:15:13
Electro,Arnic,The Fire Inside,yes,XKC9r740D6s,https://music.youtube.com/watch?v=XKC9r740D6s,Arnic - The Fire Inside [RDKN01R],ytmusic,100.0,2026-09-04T01:15:12
Electro,Arnic,The Future Sound Of Music,yes,kaDcFtOQgUQ,https://music.youtube.com/watch?v=kaDcFtOQgUQ,Arnic ─ The Future Sound Of Music [RDKN01],ytmusic,100.0,2026-09-04T01:15:10
Electro,C.O.D.,Uphill (Peace Of Mind),yes,8ZhYwBdQPeQ,https://music.youtube.com/watch?v=8ZhYwBdQPeQ,C.O.D. - Uphill (Peace Of Mind) (VOCAL VERSION),ytmusic,100.0,2026-09-04T01:19:26
Electro,C.O.D.,Uphill (Peace Of Mind) (Dub Mix),yes,jDgAgA2l_is,https://music.youtube.com/watch?v=jDgAgA2l_is,C.O.D.  ‎– Uphill (Peace Of Mind) (Dub Mix),ytmusic,100.0,2026-09-04T01:19:27
Electro,CEM3340,Future Tribe (Feat. 2030),yes,SaSOAWpFJuA,https://music.youtube.com/watch?v=SaSOAWpFJuA,Electric Tribe,ytmusic,70.96774193548387,2026-09-04T01:12:40
Electro,CEM3340,Jiminy Cricket,yes,UDpYtw-15q0,https://music.youtube.com/watch?v=UDpYtw-15q0,CEM3340 - Jiminy Cricket,ytmusic,100.0,2026-09-04T01:12:42
Electro,CEM3340,Profondo Rosso,yes,laSFUFfLlCM,https://music.youtube.com/watch?v=laSFUFfLlCM,CEM3340 - Profondo Rosso,ytmusic,100.0,2026-09-04T01:12:42
Electro,CEM3340,Vocè,yes,6Ll8OsI3Id8,https://music.youtube.com/watch?v=6Ll8OsI3Id8,CEM3340 - Vocè,ytmusic,100.0,2026-09-04T01:12:41
Electro,Carl A. Finlow,Count On It,yes,I9WPoiECGRk,https://music.youtube.com/watch?v=I9WPoiECGRk,Count On It,ytmusic,100.0,2026-09-04T01:18:46
Electro,Carl A. Finlow,Count On It (Noha Count On Me remix),yes,I9WPoiECGRk,https://music.youtube.com/watch?v=I9WPoiECGRk,Count On It,ytmusic,100.0,2026-09-04T01:18:48
Electro,Carl A. Finlow,Reprise,yes,8AkNOTItM2U,https://music.youtube.com/watch?v=8AkNOTItM2U,Reprise,ytmusic,100.0,2026-09-04T01:18:46
Electro,Carl A. Finlow,Reprise (Noha Reprize edit),yes,8nUYJLtBkpw,https://music.youtube.com/watch?v=8nUYJLtBkpw,Reprise,ytmusic,100.0,2026-09-04T01:18:47
Electro,"Cesare Muraca, Aymeric",365 Days,yes,nKuvinxp06Y,https://music.youtube.com/watch?v=nKuvinxp06Y,Cesare Muraca - 365 Days,ytmusic,68.65671641791045,2026-09-04T01:11:14
Electro,"Cesare Muraca, Aymeric",Funky Things,yes,7ajmkib0R0M,https://music.youtube.com/watch?v=7ajmkib0R0M,Aymeric - Funky Things,ytmusic,74.07407407407408,2026-09-04T01:11:15
Electro,"Cesare Muraca, Aymeric",Initial Commit,yes,KzCc8sLZdZM,https://music.youtube.com/watch?v=KzCc8sLZdZM,Aymeric - Initial Commit,ytmusic,75.86206896551724,2026-09-04T01:11:14
Electro,"Cesare Muraca, Aymeric",Possibilities,yes,_SqWMXMpXjc,https://music.youtube.com/watch?v=_SqWMXMpXjc,Cesare Muraca - Possibilities,ytmusic,72.72727272727272,2026-09-04T01:11:13
Electro,"Cesare Muraca, Aymeric",Tasty Bonus,yes,U04PMWOZUhk,https://music.youtube.com/watch?v=U04PMWOZUhk,Aymeric - Tasty Bonus,ytmusic,73.07692307692308,2026-09-04T01:11:16
Electro,Charonne,Ghostface Lova,yes,JP9OxAhv1uA,https://music.youtube.com/watch?v=JP9OxAhv1uA,Charonne - Ghostface Lova [VS005],ytmusic,100.0,2026-09-04T01:18:26
Electro,Charonne,Girl,yes,AqPsUKnVi_c,https://music.youtube.com/watch?v=AqPsUKnVi_c,Charonne - Girl [VS005],ytmusic,100.0,2026-09-04T01:18:27
Electro,Charonne,Heavy Metal,yes,7EFgfbg6bVA,https://music.youtube.com/watch?v=7EFgfbg6bVA,Charonne - Heavy Metal [VS005],ytmusic,100.0,2026-09-04T01:18:25
Electro,Charonne,Lunatic Boogie,yes,Atb52--lhUE,https://music.youtube.com/watch?v=Atb52--lhUE,Lunatic,ytmusic,100.0,2026-09-04T01:18:26
Electro,Coburn,We Interrupt This Program (Einmusik Remix),yes,Z4HiC_gMcF4,https://music.youtube.com/watch?v=Z4HiC_gMcF4,We Interrupt This Program (Einmusik Remix),ytmusic,100.0,2026-09-04T01:16:17
Electro,Coburn,We Interrupt This Program (Interrupted Vocal Mix),yes,wJm9kbQFO9c,https://music.youtube.com/watch?v=wJm9kbQFO9c,We Interrupt This Program (Interrupted Vocal Mix),ytmusic,100.0,2026-09-04T01:16:16
Electro,Cowgum,Filthy & Raw,yes,dk_W4iapxNo,https://music.youtube.com/watch?v=dk_W4iapxNo,Press The Issue ft Raw Dawg Filthy & Ken Masters (Official Video),ytmusic,77.41935483870968,2026-09-04T01:16:36
Electro,Cristian Sarde,About Clifford,yes,Zmfw0By3eD0,https://music.youtube.com/watch?v=Zmfw0By3eD0,About Clifford,ytmusic,100.0,2026-09-04T01:11:27
Electro,Cristian Sarde,Changes,yes,BSyR4vIvmNU,https://music.youtube.com/watch?v=BSyR4vIvmNU,Changes,ytmusic,100.0,2026-09-04T01:11:25
Electro,Cristian Sarde,Eyesight Wisdom,yes,u4mRV8lJjEY,https://music.youtube.com/watch?v=u4mRV8lJjEY,Eyesight Wisdom,ytmusic,100.0,2026-09-04T01:11:26
Electro,Cristian Sarde,Professional Dancer,yes,1yfsYnZKcck,https://music.youtube.com/watch?v=1yfsYnZKcck,Professional Dancer,ytmusic,100.0,2026-09-04T01:11:24
Electro,Cristian Sarde,Until My Eyes Fell On Her,yes,7rvVCpMMPNI,https://music.youtube.com/watch?v=7rvVCpMMPNI,Until My Eyes Fell On Her,ytmusic,100.0,2026-09-04T01:11:25
Electro,DMC,Daylight Moonlight,yes,g1AT7T1Qqj0,https://music.youtube.com/watch?v=g1AT7T1Qqj0,DMC - Daylight Moonlight [PF009],ytmusic,100.0,2026-09-04T01:20:36
Electro,DMC,Leave This Place,yes,k5XnV50RM2I,https://music.youtube.com/watch?v=k5XnV50RM2I,DMC - Leave This Place [PF009],ytmusic,100.0,2026-09-04T01:20:37
Electro,DMC,Relentless,yes,hhOxov_LZkM,https://music.youtube.com/watch?v=hhOxov_LZkM,DMC - Relentless [PF009],ytmusic,100.0,2026-09-04T01:20:36
Electro,DMC,Running Round My Mind,yes,5Harr-SU-5Q,https://music.youtube.com/watch?v=5Harr-SU-5Q,Running Round My Mind (feat. YouKnowKuro),ytmusic,91.30434782608695,2026-09-04T01:20:35
Electro,DMX Krew,2 More 606es,yes,IgmwMaGvLH8,https://music.youtube.com/watch?v=IgmwMaGvLH8,2 more 606es,ytmusic,100.0,2026-09-04T01:20:02
Electro,DMX Krew,Altered Chords,yes,Xpa0BiZlIoE,https://music.youtube.com/watch?v=Xpa0BiZlIoE,Altered Chords,ytmusic,100.0,2026-09-04T01:11:36
Electro,DMX Krew,Distress Signal On Mars,yes,nF10nl31jF4,https://music.youtube.com/watch?v=nF10nl31jF4,Distress Signal On Mars,ytmusic,100.0,2026-09-04T01:20:00
Electro,DMX Krew,I Love Juan,yes,HbgPCYAz6e0,https://music.youtube.com/watch?v=HbgPCYAz6e0,I Love Juan,ytmusic,100.0,2026-09-04T01:11:37
Electro,DMX Krew,Local Off,yes,U7MazbQrOWE,https://music.youtube.com/watch?v=U7MazbQrOWE,Local Off,ytmusic,100.0,2026-09-04T01:19:59
Electro,DMX Krew,Return To Jupiter,yes,IBNw1_UDxAo,https://music.youtube.com/watch?v=IBNw1_UDxAo,Return to Jupiter,ytmusic,100.0,2026-09-04T01:11:35
Electro,DMX Krew,Software User Guide,yes,tNrzUIaITz4,https://music.youtube.com/watch?v=tNrzUIaITz4,Software User Guide,ytmusic,100.0,2026-09-04T01:19:59
Electro,DMX Krew,Time Holes,yes,upe-VD1XOFU,https://music.youtube.com/watch?v=upe-VD1XOFU,Time Holes,ytmusic,100.0,2026-09-04T01:20:01
Electro,DMX Krew,Trigger Warning,yes,TKktL7fotTo,https://music.youtube.com/watch?v=TKktL7fotTo,Trigger Warning,ytmusic,100.0,2026-09-04T01:19:58
Electro,DMX Krew,U Ain't Really Down,yes,kUWir0AeH1w,https://music.youtube.com/watch?v=kUWir0AeH1w,U Ain't Really Down,ytmusic,100.0,2026-09-04T01:11:37
Electro,DOTT,Deep Soi,yes,MBIw5eYsU0Y,https://music.youtube.com/watch?v=MBIw5eYsU0Y,Deep Soi,ytmusic,100.0,2026-09-04T01:11:28
Electro,DOTT,Extra Flavour,yes,s_g4MdZmSac,https://music.youtube.com/watch?v=s_g4MdZmSac,Extra Flavour,ytmusic,100.0,2026-09-04T01:11:28
Electro,DOTT,Imminent Catrastrophe,yes,bulurZCcgA4,https://music.youtube.com/watch?v=bulurZCcgA4,Imminent Catrastrophe,ytmusic,100.0,2026-09-04T01:11:29
Electro,DOTT,Stalking Merlin,yes,0p0s7iDuLA4,https://music.youtube.com/watch?v=0p0s7iDuLA4,Stalking Merlin,ytmusic,100.0,2026-09-04T01:11:29
Electro,Dannii Minogue,This Is It (Alternative Mix),yes,-v9aaShZ0X4,https://music.youtube.com/watch?v=-v9aaShZ0X4,This Is It,ytmusic,100.0,2026-09-04T01:16:02
Electro,Dannii Minogue,This Is It (Dannii Got Murked Mix),yes,-v9aaShZ0X4,https://music.youtube.com/watch?v=-v9aaShZ0X4,This Is It,ytmusic,100.0,2026-09-04T01:15:59
Electro,Dannii Minogue,This Is It (Doc & Baron Freestyle Remix),yes,L-Zkt9kVZww,https://music.youtube.com/watch?v=L-Zkt9kVZww,This Is It (Doc & Baron Freestyle Remix),ytmusic,100.0,2026-09-04T01:16:01
Electro,Dannii Minogue,This Is It (Extended Version),yes,-v9aaShZ0X4,https://music.youtube.com/watch?v=-v9aaShZ0X4,This Is It,ytmusic,100.0,2026-09-04T01:16:00
Electro,Dannii Minogue,This Is It (Miami Heat Mix),yes,-v9aaShZ0X4,https://music.youtube.com/watch?v=-v9aaShZ0X4,This Is It,ytmusic,100.0,2026-09-04T01:16:03
Electro,Dannii Minogue,This Is It (Vapor Rub Dub),yes,-v9aaShZ0X4,https://music.youtube.com/watch?v=-v9aaShZ0X4,This Is It,ytmusic,100.0,2026-09-04T01:16:01
Electro,Dove Quiete,My Jordan,yes,zSHyW0y8bjc,https://music.youtube.com/watch?v=zSHyW0y8bjc,A2 MY JORDAN   DOVE QUIETE FEAT BELLA LADOUX,ytmusic,100.0,2026-09-04T01:20:09
Electro,Dove Quiete,So I Ride,yes,uf0jG2DCZYI,https://music.youtube.com/watch?v=uf0jG2DCZYI,A1 SO I RIDE   DOVE QUIETE FEAT BELLA LADOUX,ytmusic,100.0,2026-09-04T01:20:10
Electro,Dove Quiete,Something For,yes,sJZiXFAU-vY,https://music.youtube.com/watch?v=sJZiXFAU-vY,Dove è quiete,ytmusic,68.0,2026-09-04T01:20:11
Electro,"EAT, Luciano",Bla Bla Bla,yes,xX5xGbAaezE,https://music.youtube.com/watch?v=xX5xGbAaezE,Bla Bla Bla,ytmusic,100.0,2026-09-04T01:19:42
Electro,"EAT, Luciano",Mission Elevator,yes,xX5xGbAaezE,https://music.youtube.com/watch?v=xX5xGbAaezE,Bla Bla Bla,ytmusic,77.77777777777777,2026-09-04T01:19:41
Electro,"FSK24, Felix Dulac, Nils, Solal Reyes",Gorilla Jam,yes,wbRXvYkLkYg,https://music.youtube.com/watch?v=wbRXvYkLkYg,FSK24 & Felix Dulac - Gorilla Jam [LDDJ003],ytdlp,63.04347826086956,2026-09-04T01:11:19
Electro,"FSK24, Felix Dulac, Nils, Solal Reyes",Hanging Around,yes,lirV4jTWoYs,https://music.youtube.com/watch?v=lirV4jTWoYs,FSK24 & Felix Dulac - Hanging Around [LDDJ003],ytdlp,65.3061224489796,2026-09-04T01:11:17
Electro,"FSK24, Felix Dulac, Nils, Solal Reyes",Luke Skyvodka,yes,NZ7ocMfu9qA,https://music.youtube.com/watch?v=NZ7ocMfu9qA,Solal Reyes & Nils - Luke Skyvodka [LDDJ003],ytmusic,70.0,2026-09-04T01:11:21
Electro,"FSK24, Felix Dulac, Nils, Solal Reyes",The Sea Peoples,no,,,,none,0.0,2026-09-04T01:58:41
Electro,Felix Da Housecat,Like Something 4 Porno! (Armand Van Helden Remix),yes,Ucrw6XcMGh8,https://music.youtube.com/watch?v=Ucrw6XcMGh8,Like Something 4 Porno! (Teenage Bad Girl Remix),ytmusic,84.21052631578948,2026-09-04T01:16:35
Electro,Felix Da Housecat,Like Something 4 Porno! (Kris Menace Remix),yes,HVp2EA6e1ao,https://music.youtube.com/watch?v=HVp2EA6e1ao,Like Something 4 Porno!,ytmusic,100.0,2026-09-04T01:16:34
Electro,Felix Da Housecat,Like Something 4 Porno! (Teenage Bad Girl Remix),yes,Ucrw6XcMGh8,https://music.youtube.com/watch?v=Ucrw6XcMGh8,Like Something 4 Porno! (Teenage Bad Girl Remix),ytmusic,100.0,2026-09-04T01:16:34
Electro,Felix Da Housecat,Pretty Girls Don't Dance (What Should I Do?),yes,mZT4tjG06DU,https://music.youtube.com/watch?v=mZT4tjG06DU,Pretty Girls Don't Dance,ytmusic,100.0,2026-09-04T01:16:36
Electro,Furious Frank,Dangerous Dancer,yes,7liGzWbBXIc,https://music.youtube.com/watch?v=7liGzWbBXIc,Furious Frank - Dangerous Dancer (Official),ytmusic,100.0,2026-09-04T01:19:55
Electro,Furious Frank,Heysen Trail,yes,NdU4PT1H6GI,https://music.youtube.com/watch?v=NdU4PT1H6GI,Furious Frank - Heysen Trail,ytmusic,100.0,2026-09-04T01:19:57
Electro,Furious Frank,Magic Mountain,yes,IBAl_JWCKAg,https://music.youtube.com/watch?v=IBAl_JWCKAg,"Furious Frank – Magic Mountain (Ken Oath Records, 2017)",ytmusic,100.0,2026-09-04T01:19:55
Electro,Furious Frank,The Grotto,yes,AOMAFeNky1E,https://music.youtube.com/watch?v=AOMAFeNky1E,PREMIERE: Furious Frank - The Grotto [Ken Oath],ytmusic,100.0,2026-09-04T01:19:56
Electro,Furious Frank,Woorabinda Reserve,yes,_jVRv_P8EPA,https://music.youtube.com/watch?v=_jVRv_P8EPA,Furious Frank   Woorabinda Reserve,ytmusic,100.0,2026-09-04T01:19:58
Electro,G.L.O.B.E. & Whiz Kid,Play That Beat Mr. D.J. (Full Length),yes,qyc0T-ZQ3tY,https://music.youtube.com/watch?v=qyc0T-ZQ3tY,Play That Beat Mr. DJ (Full Length) - G.L.O.B.E. & Whiz Kid,ytmusic,95.57522123893806,2026-09-04T01:19:50
Electro,G.L.O.B.E. & Whiz Kid,Play That Beat Mr. D.J. (Instrumental),yes,cXHLHOqQ50w,https://music.youtube.com/watch?v=cXHLHOqQ50w,G.L.O.B.E. & WHIZ KID - Play That Beat Mr. D.J. (Instrumental),ytmusic,100.0,2026-09-04T01:19:51
Electro,G.L.O.B.E. & Whiz Kid,Play That Beat Mr. D.J. (Radio),yes,v8phxV3btdc,https://music.youtube.com/watch?v=v8phxV3btdc,G.L.O.B.E. & Whiz Kid - Play That Beat Mr. DJ (Radio),ytmusic,95.04950495049505,2026-09-04T01:19:49
Electro,"Giammarco Orsini, Intheismah",Control You,yes,yo8jA_IQkAI,https://music.youtube.com/watch?v=yo8jA_IQkAI,"Giammarco Orsini, Intheismah - Control You",ytmusic,100.0,2026-09-04T01:12:57
Electro,"Giammarco Orsini, Intheismah",Gift,yes,b21fDPKK0jU,https://music.youtube.com/watch?v=b21fDPKK0jU,"Giammarco Orsini, Intheismah - Gift",ytmusic,100.0,2026-09-04T01:12:57
Electro,"Giammarco Orsini, Intheismah",The Transition,yes,HwsU98ZilFk,https://music.youtube.com/watch?v=HwsU98ZilFk,"Giammarco Orsini, Intheismah - The Transition",ytmusic,100.0,2026-09-04T01:12:59
Electro,"Giammarco Orsini, Intheismah",Wake Up,yes,AG-ZA_F-iY4,https://music.youtube.com/watch?v=AG-ZA_F-iY4,"Giammarco Orsini, Intheismah - Wake Up",ytmusic,100.0,2026-09-04T01:12:58
Electro,Gogo Gadgeto,Bigger Better,yes,RxMIMQ0QWR0,https://music.youtube.com/watch?v=RxMIMQ0QWR0,Gogo Gadgeto - Bigger Better [KRAFTPHUNK001],ytmusic,100.0,2026-09-04T01:19:02
Electro,Gogo Gadgeto,Camille,yes,DbRM-h-NgKM,https://music.youtube.com/watch?v=DbRM-h-NgKM,Gogo Gadgeto - Camille [KRAFTPHUNK001],ytmusic,100.0,2026-09-04T01:19:01
Electro,Gogo Gadgeto,Electric Spliff,yes,eSFRSrmFF8M,https://music.youtube.com/watch?v=eSFRSrmFF8M,Gogo Gadgeto - Electric Spliff [LMBG15],ytmusic,100.0,2026-09-04T01:12:55
Electro,Gogo Gadgeto,Funky Evil,yes,2E6hn2zAuFg,https://music.youtube.com/watch?v=2E6hn2zAuFg,Gogo Gadgeto - Funky Evil [KRAFTPHUNK001],ytmusic,100.0,2026-09-04T01:19:03
Electro,Gogo Gadgeto,Gadgeto Theme,yes,7f7P2pID7DY,https://music.youtube.com/watch?v=7f7P2pID7DY,Gogo Gadgeto - Gadgeto Theme [LMBG15],ytmusic,100.0,2026-09-04T01:12:54
Electro,Gogo Gadgeto,Romantic Rights,yes,hr1Re625MHs,https://music.youtube.com/watch?v=hr1Re625MHs,Gogo Gadgeto - Romantic Rights [KRAFTPHUNK001],ytmusic,100.0,2026-09-04T01:19:02
Electro,Gogo Gadgeto,Spooky Adventure,yes,ljbsR5LqIkg,https://music.youtube.com/watch?v=ljbsR5LqIkg,Gogo Gadgeto - Spooky Adventure,ytmusic,100.0,2026-09-04T01:12:55
Electro,Gogo Gadgeto,Weird Science (Gadgeto Edit),yes,lSXKjMYq8Qc,https://music.youtube.com/watch?v=lSXKjMYq8Qc,Gogo Gadgeto - Weird Science (Gadgeto Edit) [LMBG15],ytmusic,100.0,2026-09-04T01:12:56
Electro,"Gorillaz, Nelly Furtado",Dare (Remix),yes,nVq_Gua4wsQ,https://music.youtube.com/watch?v=nVq_Gua4wsQ,Maneater,ytmusic,74.28571428571428,2026-09-04T01:16:29
Electro,"Gorillaz, Nelly Furtado",Maneater (Remix),yes,nVq_Gua4wsQ,https://music.youtube.com/watch?v=nVq_Gua4wsQ,Maneater,ytmusic,100.0,2026-09-04T01:16:30
Electro,HOSTOM,Untitled,yes,KI1TUhJ3INU,https://music.youtube.com/watch?v=KI1TUhJ3INU,Untitled BA,ytmusic,100.0,2026-09-04T01:15:21
Electro,HOSTOM,Untitled,yes,KI1TUhJ3INU,https://music.youtube.com/watch?v=KI1TUhJ3INU,Untitled BA,ytmusic,100.0,2026-09-04T01:15:21
Electro,HOSTOM,Untitled,yes,KI1TUhJ3INU,https://music.youtube.com/watch?v=KI1TUhJ3INU,Untitled BA,ytmusic,100.0,2026-09-04T01:15:21
Electro,HOSTOM,Untitled,yes,KI1TUhJ3INU,https://music.youtube.com/watch?v=KI1TUhJ3INU,Untitled BA,ytmusic,100.0,2026-09-04T01:15:21
Electro,Hooked,Now I Get My Kicks (Dub),yes,dhQ5v4XPgUI,https://music.youtube.com/watch?v=dhQ5v4XPgUI,Hooked - Now I Get My Kicks (Dub),ytmusic,100.0,2026-09-04T01:10:29
Electro,Hooked,Now I Get My Kicks (Kickcappella),no,,,,none,0.0,2026-09-04T01:58:37
Electro,Hooked,Now I Get My Kicks (Vocal),yes,mUkqb8gSHDg,https://music.youtube.com/watch?v=mUkqb8gSHDg,Hooked feat Kym Brown - Now I Get My Kicks (The Eggheadz Remix),ytmusic,86.20689655172414,2026-09-04T01:10:29
Electro,Ildec,003000009,yes,b0RFCg6QHZg,https://music.youtube.com/watch?v=b0RFCg6QHZg,Ildec - 003000009,ytmusic,100.0,2026-09-04T01:20:15
Electro,Ildec,Explore The Universe,yes,5GaNR6dwDPQ,https://music.youtube.com/watch?v=5GaNR6dwDPQ,Ildec - Explore The Universe,ytmusic,100.0,2026-09-04T01:20:14
Electro,Ildec,Rosco,yes,thfiWiCQdDs,https://music.youtube.com/watch?v=thfiWiCQdDs,Ildec - Rosco (PTN023),ytmusic,100.0,2026-09-04T01:20:16
Electro,Ildec,Sunrise In Ukraine,yes,5acCdWB4Ii4,https://music.youtube.com/watch?v=5acCdWB4Ii4,Ildec - Sunrise In Ukraine (PTN023),ytmusic,100.0,2026-09-04T01:20:15
Electro,"Interstellar Funk, Loradeniz",Fly Me In,yes,Tm6YVFuu3Hw,https://music.youtube.com/watch?v=Tm6YVFuu3Hw,Fly Me In,ytmusic,96.1038961038961,2026-09-04T01:11:32
Electro,"Interstellar Funk, Loradeniz",Freefall,yes,T1cyYWrSV3I,https://music.youtube.com/watch?v=T1cyYWrSV3I,Freefall,ytmusic,96.0,2026-09-04T01:11:33
Electro,"Interstellar Funk, Loradeniz",Hidden Tongue,yes,hX3nNx468PU,https://music.youtube.com/watch?v=hX3nNx468PU,Hidden Tongue,ytmusic,96.47058823529412,2026-09-04T01:11:33
Electro,"Interstellar Funk, Loradeniz",Lurking Orange,yes,kCmmfVx90HU,https://music.youtube.com/watch?v=kCmmfVx90HU,Lurking Orange,ytmusic,96.55172413793103,2026-09-04T01:11:35
Electro,"Interstellar Funk, Loradeniz",Situational Lullaby,yes,3OJiTFo1f7E,https://music.youtube.com/watch?v=3OJiTFo1f7E,Situational Lullaby,ytmusic,96.90721649484536,2026-09-04T01:11:34
Electro,Juaan,Arandanos,yes,z8xb6sc8HJA,https://music.youtube.com/watch?v=z8xb6sc8HJA,Juaan - Arandanos [STR001],ytmusic,100.0,2026-09-04T01:12:24
Electro,Juaan,Carasho,yes,21eAe2T5gTk,https://music.youtube.com/watch?v=21eAe2T5gTk,Juaan - Carasho [GEEZA001],ytmusic,100.0,2026-09-04T01:18:09
Electro,Juaan,Dr. Ritmo,yes,Dm8FKPGoOgY,https://music.youtube.com/watch?v=Dm8FKPGoOgY,Juaan - Dr. Ritmo [GEEZA001],ytmusic,100.0,2026-09-04T01:18:08
Electro,Juaan,Entre 2,yes,3Bodt20th-Y,https://music.youtube.com/watch?v=3Bodt20th-Y,Juaan - Entre 2 [STR001],ytmusic,100.0,2026-09-04T01:12:24
Electro,Juaan,Maicrofon,yes,TaiekbjmymQ,https://music.youtube.com/watch?v=TaiekbjmymQ,Juaan - Maicrofon [STR001],ytmusic,100.0,2026-09-04T01:12:25
Electro,Juaan,Perdóname 30,yes,icDq2_DVoCY,https://music.youtube.com/watch?v=icDq2_DVoCY,Juaan - Perdóname 30 [GEEZA001],ytmusic,100.0,2026-09-04T01:18:07
Electro,Juaan,Placer,yes,lCrnd5j1Tdc,https://music.youtube.com/watch?v=lCrnd5j1Tdc,Juaan - Placer [STR001],ytmusic,100.0,2026-09-04T01:12:23
Electro,Juaan,Very Perdido,yes,gRN8eXPFiXw,https://music.youtube.com/watch?v=gRN8eXPFiXw,Juaan - Very Perdido [GEEZA001],ytmusic,100.0,2026-09-04T01:18:10
Electro,Kiki,Classix Nouveaux,yes,lEL4ix1GEtk,https://music.youtube.com/watch?v=lEL4ix1GEtk,Classic Nouveaux,ytmusic,95.23809523809524,2026-09-04T01:10:16
Electro,Kiki,Drawing Circles,yes,6v9wkUh03Zs,https://music.youtube.com/watch?v=6v9wkUh03Zs,Drawing Circles,ytmusic,100.0,2026-09-04T01:10:17
Electro,Kiki,Intimacy,yes,92KML01ZaZE,https://music.youtube.com/watch?v=92KML01ZaZE,Intimacy,ytmusic,100.0,2026-09-04T01:10:15
Electro,Kiki,On The 104th Day,yes,nHGauNSaqy8,https://music.youtube.com/watch?v=nHGauNSaqy8,On the 104th Day,ytmusic,100.0,2026-09-04T01:10:19
Electro,Kiki,Run With Me,yes,cREdXFSwdAE,https://music.youtube.com/watch?v=cREdXFSwdAE,Run with Me,ytmusic,100.0,2026-09-04T01:10:14
Electro,Kiki,So Easy To Forget,yes,JhrKTm57At8,https://music.youtube.com/watch?v=JhrKTm57At8,So Easy to Forget,ytmusic,100.0,2026-09-04T01:10:13
Electro,Kiki,The Big Picture,yes,S5c5CCGlnZs,https://music.youtube.com/watch?v=S5c5CCGlnZs,The Big Picture,ytmusic,100.0,2026-09-04T01:10:15
Electro,Kiki,The Calling,yes,1mE7GKf4eSw,https://music.youtube.com/watch?v=1mE7GKf4eSw,The Calling,ytmusic,100.0,2026-09-04T01:10:17
Electro,Kiki,The End Of The World,yes,Bu1CoOX018Q,https://music.youtube.com/watch?v=Bu1CoOX018Q,The End of the World,ytmusic,100.0,2026-09-04T01:10:12
Electro,Kiki,Turn The Lights Down,yes,AZj7K4Au0QM,https://music.youtube.com/watch?v=AZj7K4Au0QM,Turn the Lights Down,ytmusic,100.0,2026-09-04T01:10:19
Electro,Kiki,Up,yes,VA_yeYXyO1c,https://music.youtube.com/watch?v=VA_yeYXyO1c,Up,ytmusic,100.0,2026-09-04T01:10:18
Electro,Kiko,Planet Earth,yes,jJTX5LtzFIw,https://music.youtube.com/watch?v=jJTX5LtzFIw,Kiko - Planet Earth,ytmusic,100.0,2026-09-04T01:10:22
Electro,Kiko,Take A Chance,yes,SG_wTFlqbjs,https://music.youtube.com/watch?v=SG_wTFlqbjs,Take a Chance - Ozyriz,ytmusic,100.0,2026-09-04T01:10:22
Electro,Lamalice,Creatures Don't Lie,yes,YeH8NtvQENA,https://music.youtube.com/watch?v=YeH8NtvQENA,Lamalice - Creatures Don't Lie [PF004],ytmusic,100.0,2026-09-04T01:20:05
Electro,Lamalice,Disco Saucer,yes,9lmu7O41LWE,https://music.youtube.com/watch?v=9lmu7O41LWE,Lamalice - Disco Saucer [PF004],ytmusic,100.0,2026-09-04T01:20:03
Electro,Lamalice,Earth Attack,yes,TSu5_QWmim4,https://music.youtube.com/watch?v=TSu5_QWmim4,Lamalice - Earth Attack [PF004],ytmusic,100.0,2026-09-04T01:20:03
Electro,Lamalice,Humanoid Contact (E.T. Speaking Mix),yes,JlJM3-bcYFA,https://music.youtube.com/watch?v=JlJM3-bcYFA,Lamalice - Humanoïd Contact (E.T. Speaking Mix) [PF004],ytmusic,88.88888888888889,2026-09-04T01:20:04
Electro,Lamalice,On a Mission,yes,ATfVqh40qjM,https://music.youtube.com/watch?v=ATfVqh40qjM,MAN ON A MISSION,ytmusic,74.4186046511628,2026-09-04T01:20:02
Electro,Laurent Garnier,City Sphere (Sax Mix),yes,DLDsfm7Uum4,https://music.youtube.com/watch?v=DLDsfm7Uum4,City Sphere,ytmusic,100.0,2026-09-04T01:09:33
Electro,Laurent Garnier,Dangerous Drive,yes,ItZ00OWRnSw,https://music.youtube.com/watch?v=ItZ00OWRnSw,Dangerous Drive,ytmusic,100.0,2026-09-04T01:09:30
Electro,Laurent Garnier,Downfall,yes,VAtmWKbB3a4,https://music.youtube.com/watch?v=VAtmWKbB3a4,Downfall,ytmusic,100.0,2026-09-04T01:09:32
Electro,Laurent Garnier,"Greed 1 (12"" Mix)",yes,S--0Zb3TSeA,https://music.youtube.com/watch?v=S--0Zb3TSeA,Greed,ytmusic,100.0,2026-09-04T01:09:35
Electro,Laurent Garnier,Greed 2 (Long Version),yes,S--0Zb3TSeA,https://music.youtube.com/watch?v=S--0Zb3TSeA,Greed,ytmusic,100.0,2026-09-04T01:09:36
Electro,Laurent Garnier,Last Tribute From The 20th Century,yes,GM5tnTLZvAA,https://music.youtube.com/watch?v=GM5tnTLZvAA,Last Tribute From The 20Th Century,ytmusic,100.0,2026-09-04T01:09:37
Electro,Laurent Garnier,Le Groove De Ta Mère,yes,oOhLsC-ZMSU,https://music.youtube.com/watch?v=oOhLsC-ZMSU,Laurent Garnier -  Le Groove De Ta Mère (2000 - F Communications - F 115 DLP),ytmusic,100.0,2026-09-04T01:09:31
Electro,Laurent Garnier,Smart Move,yes,sBLI7qlaKQ8,https://music.youtube.com/watch?v=sBLI7qlaKQ8,Laurent Garnier - Smart Move,ytmusic,100.0,2026-09-04T01:09:34
Electro,Laurent Garnier,The Man With The Red Face,yes,JjNcukPxxds,https://music.youtube.com/watch?v=JjNcukPxxds,The Man With The Red Face,ytmusic,100.0,2026-09-04T01:09:35
Electro,Laurent Garnier,The Sound Of The Big Babou,yes,Wp9OPpEy9mc,https://music.youtube.com/watch?v=Wp9OPpEy9mc,The Sound Of The Big Babou,ytmusic,100.0,2026-09-04T01:09:32
Electro,Levat,Cali G,yes,zVqnGxx8NC8,https://music.youtube.com/watch?v=zVqnGxx8NC8,Levat - Cali G [USR028],ytmusic,100.0,2026-09-04T01:12:12
Electro,Levat,Greenumb,no,,,,none,0.0,2026-09-04T01:59:14
Electro,Levat,K-Kraze,no,,,,none,0.0,2026-09-04T01:59:16
Electro,Levat,Oddlove,yes,zVqnGxx8NC8,https://music.youtube.com/watch?v=zVqnGxx8NC8,Levat - Cali G [USR028],ytdlp,55.55555555555556,2026-09-04T01:12:16
Electro,Levat,Plazma,yes,B0jSZ6FAFE8,https://music.youtube.com/watch?v=B0jSZ6FAFE8,Levat -- Plazma,ytmusic,100.0,2026-09-04T01:12:14
Electro,Log _In,Like LegoWelt,yes,dY5MXJ-41QY,https://music.youtube.com/watch?v=dY5MXJ-41QY,Like Twin Peaks,ytmusic,76.47058823529412,2026-09-04T01:12:00
Electro,Log _In,Mad Not Sad,yes,pQOWKhmvK9E,https://music.youtube.com/watch?v=pQOWKhmvK9E,Mad Not Sad,ytmusic,78.57142857142857,2026-09-04T01:11:59
Electro,Log _In,Not Brain Damage,yes,Wzw7xYKiD34,https://music.youtube.com/watch?v=Wzw7xYKiD34,Brain Damage,ytmusic,82.75862068965517,2026-09-04T01:11:58
Electro,Log _In,Sound of the South,yes,EEZPZucLTJo,https://music.youtube.com/watch?v=EEZPZucLTJo,Sound of the South,ytmusic,81.81818181818181,2026-09-04T01:12:00
Electro,"MYNC Project, Danny Rampling",Strobelight (Random House Project Mix),yes,bqQweK-Csx8,https://music.youtube.com/watch?v=bqQweK-Csx8,Strobelight (Random House Project Remix),ytmusic,83.80952380952381,2026-09-04T01:19:41
Electro,"MYNC Project, Danny Rampling",Strobelight (Steve Mac's Tribute Mix),yes,LfDFwpXHTfo,https://music.youtube.com/watch?v=LfDFwpXHTfo,Strobelight (Steve Mac's Tribute Mix),ytmusic,91.93548387096774,2026-09-04T01:19:40
Electro,Mamosato,Be Positive,yes,tPjSZoY_Fx0,https://music.youtube.com/watch?v=tPjSZoY_Fx0,Be Positive,ytmusic,100.0,2026-09-04T01:20:21
Electro,Mamosato,Mamotool,yes,QVsHq7P3OSE,https://music.youtube.com/watch?v=QVsHq7P3OSE,Mamosato - Mamotool [STL006],ytmusic,100.0,2026-09-04T01:20:23
Electro,Mamosato,Second On Seven,yes,Dwre48XLKP8,https://music.youtube.com/watch?v=Dwre48XLKP8,Second On Seven,ytmusic,100.0,2026-09-04T01:20:21
Electro,Mamosato,Silence Mood,yes,wzB3GsIr8To,https://music.youtube.com/watch?v=wzB3GsIr8To,Silence Mood,ytmusic,100.0,2026-09-04T01:20:22
Electro,Matthias,Fender Strato,yes,tpOoIeccRDw,https://music.youtube.com/watch?v=tpOoIeccRDw,Matthias - Fender Strato [REDISCO003],ytmusic,100.0,2026-09-04T01:15:09
Electro,Matthias,Les Rythmes Sont Robotiques,yes,PTPVXAGCHac,https://music.youtube.com/watch?v=PTPVXAGCHac,Matthias - Les Rhytmes Sont Robotiques [REDISCO003],ytmusic,87.5,2026-09-04T01:15:10
Electro,Matthias,Psy Dance,yes,xmu_5M3_j-w,https://music.youtube.com/watch?v=xmu_5M3_j-w,Matthias - Psy Dance [REDISCO003],ytmusic,100.0,2026-09-04T01:15:08
Electro,Matthias,Robot Axe,yes,qAhAqk84ieE,https://music.youtube.com/watch?v=qAhAqk84ieE,Matthias - Robot Axe [REDISCO003],ytmusic,100.0,2026-09-04T01:15:08
Electro,Melomanics,Energize,yes,Bp2N73Vi0Bw,https://music.youtube.com/watch?v=Bp2N73Vi0Bw,Energize,ytmusic,100.0,2026-09-04T01:19:44
Electro,Melomanics,My Style,yes,LMBYZZpKhWo,https://music.youtube.com/watch?v=LMBYZZpKhWo,My Style,ytmusic,100.0,2026-09-04T01:19:45
Electro,Melomanics,WYSIWYL,yes,IqY40KVpmiY,https://music.youtube.com/watch?v=IqY40KVpmiY,WYSIWYL,ytmusic,100.0,2026-09-04T01:19:43
Electro,Melomanics,WYSIWYL (JA!-Remix),yes,WhC12D1v1ys,https://music.youtube.com/watch?v=WhC12D1v1ys,Melomanics - Paranoid,ytdlp,64.51612903225806,2026-09-04T01:19:46
Electro,Mimo,Break Yourself (Original),yes,o-HL3uQLuxk,https://music.youtube.com/watch?v=o-HL3uQLuxk,Break Yourself,ytmusic,77.77777777777777,2026-09-04T01:10:39
Electro,Mimo,Break Yourself (Robert Babicz Remix),yes,2h-EPZUcuTc,https://music.youtube.com/watch?v=2h-EPZUcuTc,Moix (Robert Babicz Remix),ytmusic,79.24528301886792,2026-09-04T01:10:40
Electro,Mirko Felicioli,Air Felix,yes,yAfOG9pGPck,https://music.youtube.com/watch?v=yAfOG9pGPck,Mirko Felicioli - Air Felix [SENTAKU009],ytmusic,100.0,2026-09-04T01:13:11
Electro,Mirko Felicioli,Analong Time,yes,JBGbwYvmq5I,https://music.youtube.com/watch?v=JBGbwYvmq5I,Mirko Felicioli - Analong Time [SENTAKU009],ytmusic,100.0,2026-09-04T01:13:11
Electro,Mirko Felicioli,Fantasy,yes,blFJwZWVM5k,https://music.youtube.com/watch?v=blFJwZWVM5k,Mirko Felicioli - Fantasy [SENTAKU009],ytmusic,100.0,2026-09-04T01:13:12
Electro,Mirko Felicioli,Tsukuyomi,yes,PfnnWKZF2A0,https://music.youtube.com/watch?v=PfnnWKZF2A0,Mirko Felicioli - Tsukuyomi [SENTAKU009],ytmusic,100.0,2026-09-04T01:13:10
Electro,Moguai,Go Ahead,yes,EKvMd-3LpRw,https://music.youtube.com/watch?v=EKvMd-3LpRw,Go Ahead,ytmusic,100.0,2026-09-04T01:19:36
Electro,Moguai,Old 'N' New,yes,Uqvg0eKsk20,https://music.youtube.com/watch?v=Uqvg0eKsk20,Moguai – Old 'N' New [2004],ytmusic,100.0,2026-09-04T01:19:35
Electro,Monorecords,Monorecords Vol. 2,yes,Ip1Jv0CzWz8,https://music.youtube.com/watch?v=Ip1Jv0CzWz8,Monorecords - Vol. 2,ytmusic,100.0,2026-09-04T01:19:37
Electro,Montei,Cortes,yes,2mwIir7U56Y,https://music.youtube.com/watch?v=2mwIir7U56Y,Montei ─ Cortes [3MA004],ytmusic,100.0,2026-09-04T01:12:59
Electro,Montei,Gravedad,yes,mgdw-dbLiDg,https://music.youtube.com/watch?v=mgdw-dbLiDg,Montei - Gravedad,ytmusic,100.0,2026-09-04T01:13:00
Electro,Montei,Indistinto,yes,ohyXsq07WvM,https://music.youtube.com/watch?v=ohyXsq07WvM,Montei  - Indistinto,ytmusic,100.0,2026-09-04T01:13:00
Electro,Montei,Rufiàn,yes,78nj3EGnRyY,https://music.youtube.com/watch?v=78nj3EGnRyY,Montei - Rufiàn [3MA004],ytmusic,100.0,2026-09-04T01:13:01
Electro,Mr. Barcode,Girl From The Stars,yes,GUNwhEuehPY,https://music.youtube.com/watch?v=GUNwhEuehPY,Mr Barcode - Girl From The Stars,ytmusic,93.10344827586206,2026-09-04T01:19:38
Electro,Mr. Barcode,Schizophrenic,yes,8r92hFKW9SY,https://music.youtube.com/watch?v=8r92hFKW9SY,Mr Barcode - Schizophrenic,ytmusic,91.30434782608695,2026-09-04T01:19:39
Electro,Mr. Barcode,Telectro City,yes,zX9asvrhB7c,https://music.youtube.com/watch?v=zX9asvrhB7c,Mr Barcode - Telectro City,ytmusic,91.30434782608695,2026-09-04T01:19:38
Electro,Nitsch & Gleinser,Illusion,yes,l50YVgj6TK4,https://music.youtube.com/watch?v=l50YVgj6TK4,Nitsch & Gleinser  - Illusion (feat. Randos),ytmusic,100.0,2026-09-04T01:19:30
Electro,Nitsch & Gleinser,Self,yes,GfcIrmTPVck,https://music.youtube.com/watch?v=GfcIrmTPVck,Self,ytmusic,93.02325581395348,2026-09-04T01:19:28
Electro,Nitsch & Gleinser,The Loop,yes,1C7BSH5yqs0,https://music.youtube.com/watch?v=1C7BSH5yqs0,The Loop,ytmusic,100.0,2026-09-04T01:19:28
Electro,Nitsch & Gleinser,Time Control,yes,1nEGF7xg0D4,https://music.youtube.com/watch?v=1nEGF7xg0D4,Time Control,ytmusic,94.91525423728814,2026-09-04T01:19:29
Electro,Nudisco,Rock Im-Puls,yes,yHewOA0GPWQ,https://music.youtube.com/watch?v=yHewOA0GPWQ,Nudisco – Rock Im-Puls B1,ytmusic,100.0,2026-09-04T01:19:47
Electro,Nudisco,Strange Games,yes,AcOCFUQOz84,https://music.youtube.com/watch?v=AcOCFUQOz84,Nudisco - Strange Games,ytmusic,100.0,2026-09-04T01:19:48
Electro,Nudisco,Thumbsucker,yes,05IYZh4Xcf4,https://music.youtube.com/watch?v=05IYZh4Xcf4,NUDISCO - THUMBSUCKER 2006,ytmusic,100.0,2026-09-04T01:19:47
Electro,OK Rocks,Protein Sequence,yes,6QKns5za0NU,https://music.youtube.com/watch?v=6QKns5za0NU,Sounds of HIV: Protein 5 - Protein 6,ytmusic,78.04878048780488,2026-09-04T01:10:08
Electro,OK Rocks,So High,yes,kbJT6BmL-nI,https://music.youtube.com/watch?v=kbJT6BmL-nI,OK ROCKS - So high - 2004,ytmusic,100.0,2026-09-04T01:10:07
Electro,"Occibel, Marius",31 Peascod Street (Vocal Mix),yes,pahxXL6otiI,https://music.youtube.com/watch?v=pahxXL6otiI,31 Peascod Street (Vocal Mix),ytmusic,100.0,2026-09-04T01:20:25
Electro,"Occibel, Marius",Don't Look Back,yes,muxkgCufSkk,https://music.youtube.com/watch?v=muxkgCufSkk,Look Back,ytmusic,100.0,2026-09-04T01:20:23
Electro,"Occibel, Marius",Mellor Walk,yes,7cnjKeI4AFc,https://music.youtube.com/watch?v=7cnjKeI4AFc,Mellor Walk,ytmusic,100.0,2026-09-04T01:20:25
Electro,"Occibel, Marius",The Green Guy,yes,HyYjNapfH4E,https://music.youtube.com/watch?v=HyYjNapfH4E,The Green Guy,ytmusic,84.0,2026-09-04T01:20:24
Electro,Oliver Huntemann,Disco Tech (Die Raketen Remix),yes,6AISGcKHabA,https://music.youtube.com/watch?v=6AISGcKHabA,Discotech (Die Raketen Remix),ytmusic,90.69767441860465,2026-09-04T01:10:05
Electro,Oliver Huntemann,Disco Tech (Monika Kruse @ VooDooAmt Remix),yes,POjntl5-K7M,https://music.youtube.com/watch?v=POjntl5-K7M,Discotech (Monika Kruse Remix),ytmusic,85.71428571428571,2026-09-04T01:10:06
Electro,Oliver Huntemann,Disco Tech (Original Mix),yes,l9wJqLtVKM0,https://music.youtube.com/watch?v=l9wJqLtVKM0,Disco Tech,ytmusic,85.0,2026-09-04T01:10:06
Electro,Palorim,Alien encounter,yes,1FnvBJeDZVc,https://music.youtube.com/watch?v=1FnvBJeDZVc,Alien Encounter,ytmusic,78.94736842105263,2026-09-04T01:19:05
Electro,Palorim,Cracky nuts,yes,3OTZE0C60e4,https://music.youtube.com/watch?v=3OTZE0C60e4,Cracker & Nuts,ytmusic,65.21739130434783,2026-09-04T01:19:04
Electro,Palorim,Double trouble,yes,uDcmjcM5t2k,https://music.youtube.com/watch?v=uDcmjcM5t2k,Palorim ─ Double Trouble [KDM001],ytmusic,100.0,2026-09-04T01:19:04
Electro,Palorim,Trippin,yes,V6l8Qv9opTU,https://music.youtube.com/watch?v=V6l8Qv9opTU,Palorim - Trippin [KDM001],ytmusic,100.0,2026-09-04T01:19:06
Electro,Panico En Directo,About Last Night,yes,34PcyaDN1Yw,https://music.youtube.com/watch?v=34PcyaDN1Yw,About last night,ytmusic,100.0,2026-09-04T01:18:38
Electro,Panico En Directo,Causalidad,yes,nq4oHrnUL6I,https://music.youtube.com/watch?v=nq4oHrnUL6I,Causalidad,ytmusic,100.0,2026-09-04T01:18:39
Electro,Panico En Directo,Die Blet,yes,Z5Kbm4eKveI,https://music.youtube.com/watch?v=Z5Kbm4eKveI,DIE Blet,ytmusic,100.0,2026-09-04T01:18:37
Electro,Panico En Directo,El Sueño De La Sirena,yes,8AAm5wtjUkc,https://music.youtube.com/watch?v=8AAm5wtjUkc,El sueño de la sirena,ytmusic,100.0,2026-09-04T01:18:39
Electro,Panico En Directo,Falso Atentado,yes,KNRRSRu6yHI,https://music.youtube.com/watch?v=KNRRSRu6yHI,Falso atentado,ytmusic,100.0,2026-09-04T01:18:36
Electro,Panico En Directo,Por La Sombra,yes,FPw-9UPhykk,https://music.youtube.com/watch?v=FPw-9UPhykk,Por la sombra,ytmusic,100.0,2026-09-04T01:18:40
Electro,"Peaches, Electric Six",Rock Show,yes,5utHwfJhIms,https://music.youtube.com/watch?v=5utHwfJhIms,Electric Six,ytmusic,100.0,2026-09-04T01:19:30
Electro,"Peaches, Electric Six",Rock Show,yes,5utHwfJhIms,https://music.youtube.com/watch?v=5utHwfJhIms,Electric Six,ytmusic,100.0,2026-09-04T01:19:30
Electro,Percy Filth,Show Me Your Monkey (Original Version),yes,IbgtfgKVe9M,https://music.youtube.com/watch?v=IbgtfgKVe9M,Show Me Your Monkey,ytmusic,100.0,2026-09-04T01:15:58
Electro,Percy Filth,Show Me Your Monkey (Punkers Cheetah Remix),yes,hUSmcS23dYo,https://music.youtube.com/watch?v=hUSmcS23dYo,Show Me Your Monkey (Punkers Cheetah Remix),ytmusic,100.0,2026-09-04T01:15:59
Electro,Prohibited Zone,PZ01,yes,IrPDtk_Ijak,https://music.youtube.com/watch?v=IrPDtk_Ijak,Prohibited Zone - Prohibited Zone - PZ01 [PZ01] [PZ01],ytmusic,100.0,2026-09-04T01:20:33
Electro,Prohibited Zone,PZ02,yes,mhbwVmlRp7M,https://music.youtube.com/watch?v=mhbwVmlRp7M,Prohibited Zone - Prohibited Zone - PZ02 [PZ01] [PZ01],ytmusic,100.0,2026-09-04T01:20:33
Electro,Prohibited Zone,PZ03,yes,tOr72BaBCos,https://music.youtube.com/watch?v=tOr72BaBCos,Prohibited Zone - Prohibited Zone - PZ03 [PZ01] [PZ01],ytmusic,100.0,2026-09-04T01:20:34
Electro,Prohibited Zone,PZ04,yes,53LSFQtCKOg,https://music.youtube.com/watch?v=53LSFQtCKOg,Prohibited Zone - Prohibited Zone - PZ04 [PZ01] [PZ01],ytmusic,100.0,2026-09-04T01:20:34
Electro,Punx Soundcheck,Blow Your Speaker,yes,K2TqGRpQV9I,https://music.youtube.com/watch?v=K2TqGRpQV9I,Blow Your Speaker (feat. Kid Robot),ytmusic,100.0,2026-09-04T01:12:36
Electro,Punx Soundcheck,Lifeform,yes,T4yWiGa7c-U,https://music.youtube.com/watch?v=T4yWiGa7c-U,Lifeform (feat. Kid Robot),ytmusic,100.0,2026-09-04T01:12:34
Electro,Punx Soundcheck,Mutant,yes,-9ZdwpkLJtY,https://music.youtube.com/watch?v=-9ZdwpkLJtY,Punx Soundcheck - Mutant [RM 002],ytmusic,100.0,2026-09-04T01:12:37
Electro,Punx Soundcheck,Nano,yes,iCahNdTi3x0,https://music.youtube.com/watch?v=iCahNdTi3x0,Punx Soundcheck -- Nano,ytmusic,100.0,2026-09-04T01:12:35
Electro,Punx Soundcheck,Sonic Playground,yes,MC5EsS1NFvo,https://music.youtube.com/watch?v=MC5EsS1NFvo,Stop,ytmusic,85.71428571428571,2026-09-04T01:12:36
Electro,Roto,1312,yes,hqHaPukusK4,https://music.youtube.com/watch?v=hqHaPukusK4,Roto - 1312 (XRD026),ytmusic,100.0,2026-09-04T01:20:26
Electro,Roto,A Place in My Heart,yes,2UhVky7__Xk,https://music.youtube.com/watch?v=2UhVky7__Xk,Roto - A Place in My Heart (XRD026),ytmusic,100.0,2026-09-04T01:20:27
Electro,Roto,I'll Break You,yes,OygUqZtNRZk,https://music.youtube.com/watch?v=OygUqZtNRZk,Roto - I'll Break You (XRD026),ytmusic,100.0,2026-09-04T01:20:28
Electro,Roto,Tell Tale Heart,yes,M4ptFimdf_0,https://music.youtube.com/watch?v=M4ptFimdf_0,Roto - Tell Tale Heart (XRD026),ytmusic,100.0,2026-09-04T01:20:26
Electro,"Ruben Lombroso, Nativo (6), Kamyar Keramati, Tibahuult",Delayscura,no,,,,none,0.0,2026-09-04T01:59:47
Electro,"Ruben Lombroso, Nativo (6), Kamyar Keramati, Tibahuult",Elements Of A Thread,no,,,,none,0.0,2026-09-04T01:59:48
Electro,"Ruben Lombroso, Nativo (6), Kamyar Keramati, Tibahuult",Feel Some Of My Jam,no,,,,none,0.0,2026-09-04T01:59:50
Electro,"Ruben Lombroso, Nativo (6), Kamyar Keramati, Tibahuult",The Last Midnight,no,,,,none,0.0,2026-09-04T01:59:45
Electro,"SINM, Look Perry",Got The Data,yes,C_cQw7LZrzk,https://music.youtube.com/watch?v=C_cQw7LZrzk,SINM - Got The Data [MAAI007],ytdlp,65.51724137931035,2026-09-04T01:18:29
Electro,"SINM, Look Perry",I Can't Love U,yes,SKp1HKM_4TY,https://music.youtube.com/watch?v=SKp1HKM_4TY,And I Love You So,ytmusic,74.57627118644068,2026-09-04T01:18:32
Electro,"SINM, Look Perry",Layerz,yes,b0lZ6uvghdc,https://music.youtube.com/watch?v=b0lZ6uvghdc,Perry,ytmusic,71.42857142857143,2026-09-04T01:18:28
Electro,"SINM, Look Perry",Stone Pilots,yes,mFgpWbI3Czo,https://music.youtube.com/watch?v=mFgpWbI3Czo,Sin,ytmusic,68.57142857142857,2026-09-04T01:18:32
Electro,"SINM, Look Perry",Wonky Aftermath,yes,QAMSJvUYQ1I,https://music.youtube.com/watch?v=QAMSJvUYQ1I,SINM - Wonky Aftermath (MAAI007),ytdlp,68.75,2026-09-04T01:18:31
Electro,Sans Sucre,Ampullae Of Lorenzini,yes,n7YF-ltX35U,https://music.youtube.com/watch?v=n7YF-ltX35U,Ampullae Of Lorenzini,ytmusic,100.0,2026-09-04T01:17:06
Electro,Sans Sucre,Aqualung,yes,1HCj2pDT1pc,https://music.youtube.com/watch?v=1HCj2pDT1pc,Aqualung,ytmusic,100.0,2026-09-04T01:17:04
Electro,Sans Sucre,Sequential Hermaphrodism,yes,JRmh9dfuOho,https://music.youtube.com/watch?v=JRmh9dfuOho,Sequential Hermaphrodism,ytmusic,100.0,2026-09-04T01:17:05
Electro,Sans Sucre,Tetrodoxin,yes,AYUmwzCXToM,https://music.youtube.com/watch?v=AYUmwzCXToM,Tetrodoxin,ytmusic,100.0,2026-09-04T01:17:03
Electro,Savas Pascalidis,Raw Mission,yes,hG379Fg_hUI,https://music.youtube.com/watch?v=hG379Fg_hUI,Savas Pascalidis - Raw Mission,ytmusic,100.0,2026-09-04T01:10:27
Electro,Savas Pascalidis,Superman (DJ Naughty Edit),yes,U6zOTel4qq4,https://music.youtube.com/watch?v=U6zOTel4qq4,Superman,ytmusic,100.0,2026-09-04T01:10:27
Electro,Savas Pascalidis,U Can Dance If You Do It,yes,ToAiyyfqCbs,https://music.youtube.com/watch?v=ToAiyyfqCbs,Savas Pascalidis - U can dance if you do it,ytmusic,100.0,2026-09-04T01:10:28
Electro,Scratch Massive,B. Dolly,yes,husXtRpIuxU,https://music.youtube.com/watch?v=husXtRpIuxU,Sunken,ytmusic,81.08108108108108,2026-09-04T01:10:21
Electro,Scratch Massive,Talk Now Mix,yes,iAhEBkvrF58,https://music.youtube.com/watch?v=iAhEBkvrF58,Scratch Massive - Talk Now Mix,ytmusic,100.0,2026-09-04T01:10:20
Electro,Sweely,Back N Up,yes,qcHMHJlcdk0,https://music.youtube.com/watch?v=qcHMHJlcdk0,Sweely - Back n Up,ytmusic,100.0,2026-09-04T01:18:55
Electro,Sweely,Deejays Bringing The Heat,yes,7wCMeEqrzec,https://music.youtube.com/watch?v=7wCMeEqrzec,Sweely - Deejays Bringing The Heat,ytmusic,100.0,2026-09-04T01:18:56
Electro,Sweely,Treat Me Like A Slut,yes,fQxFE9kqUig,https://music.youtube.com/watch?v=fQxFE9kqUig,Sweely - Treat Me Like A Slut  (Vocal : Kim Petras),ytmusic,100.0,2026-09-04T01:18:55
Electro,Sweely,What'S The Name,yes,CitcVgiMk8g,https://music.youtube.com/watch?v=CitcVgiMk8g,Sweely - What's the Name [YYKPLAY],ytmusic,100.0,2026-09-04T01:18:54
Electro,Sweet Slave,Fear,yes,BXvS9423pHg,https://music.youtube.com/watch?v=BXvS9423pHg,Fear,ytmusic,100.0,2026-09-04T01:19:31
Electro,Sweet Slave,Rotten,yes,Zt3f7ZBIvrs,https://music.youtube.com/watch?v=Zt3f7ZBIvrs,Rotten,ytmusic,100.0,2026-09-04T01:19:32
Electro,Targa,Candy (Phil Fuldner vs. Targa Clubmix Instrumental),yes,Au6mT0GCqN0,https://music.youtube.com/watch?v=Au6mT0GCqN0,Targa - Candy (Phil Fuldner vs Targa Clubmix Instrumental) [2005],ytmusic,95.91836734693878,2026-09-04T01:19:54
Electro,Targa,Candy (Phil Fuldner vs. Targa Clubmix),yes,Au6mT0GCqN0,https://music.youtube.com/watch?v=Au6mT0GCqN0,Targa - Candy (Phil Fuldner vs Targa Clubmix Instrumental) [2005],ytmusic,79.36507936507937,2026-09-04T01:19:52
Electro,Targa,Candy (Radio Version),yes,aejTr2NEM_4,https://music.youtube.com/watch?v=aejTr2NEM_4,Candy Dreams / Targa Top,ytdlp,62.857142857142854,2026-09-04T01:19:53
Electro,Teack & Phase,Flavor,yes,Sby0S72BCFs,https://music.youtube.com/watch?v=Sby0S72BCFs,Teack & Phase – Flavor,ytmusic,100.0,2026-09-04T01:16:41
Electro,Teack & Phase,People,yes,nGgdKoVVkKU,https://music.youtube.com/watch?v=nGgdKoVVkKU,People Phase,ytmusic,77.41935483870968,2026-09-04T01:16:42
Electro,Teack & Phase,The Street (Part 1),yes,J_me0T2w5n8,https://music.youtube.com/watch?v=J_me0T2w5n8,Teack & Phase – The Street Part 1,ytmusic,84.21052631578948,2026-09-04T01:16:40
Electro,Terraflow,5 am Gillian House,yes,epxVm2pZIOY,https://music.youtube.com/watch?v=epxVm2pZIOY,Terraflow -- 5am Gillian House,ytmusic,90.19607843137254,2026-09-04T01:15:17
Electro,Terraflow,Clay,yes,i0MJw-rKEsM,https://music.youtube.com/watch?v=i0MJw-rKEsM,Terraflow -- Clay,ytmusic,100.0,2026-09-04T01:15:16
Electro,Terraflow,Dysania,yes,PHr4JPkzgPc,https://music.youtube.com/watch?v=PHr4JPkzgPc,Terraflow -- Dysania,ytmusic,100.0,2026-09-04T01:15:16
Electro,Terraflow,Intergalactic Space Time Travel,yes,Gn7J7Vmk0dM,https://music.youtube.com/watch?v=Gn7J7Vmk0dM,Terraflow -- Intergalactic Space Time Travel,ytmusic,100.0,2026-09-04T01:15:17
Electro,The Force,Galactic Alliance,yes,eIcWljI6MUs,https://music.youtube.com/watch?v=eIcWljI6MUs,Galactic Alliance,ytmusic,100.0,2026-09-04T01:20:12
Electro,The Force,Haroid,yes,ph9LzQi0Aso,https://music.youtube.com/watch?v=ph9LzQi0Aso,The Force - Haroid [CD004],ytmusic,100.0,2026-09-04T01:20:12
Electro,The Force,Haroid (Calypso's Reinterpretation),yes,RBYEx7vHjSs,https://music.youtube.com/watch?v=RBYEx7vHjSs,The Force - Haroid (Calypso's Reinterpretation) [CALYPSO004],ytmusic,100.0,2026-09-04T01:20:14
Electro,The Force,Pit Box Mens,yes,8Gzt4rPNwJ0,https://music.youtube.com/watch?v=8Gzt4rPNwJ0,Pit box mens,ytmusic,100.0,2026-09-04T01:20:13
Electro,The Glass,Hear The Music (Mylo Remix),yes,svG6btD-CVM,https://music.youtube.com/watch?v=svG6btD-CVM,The Glass - Hear the music (Mylo Remix),ytmusic,100.0,2026-09-04T01:19:34
Electro,The Glass,Hear The Music (Nick Moore vs. Computer Disco Mix),yes,0tgyMewuDNU,https://music.youtube.com/watch?v=0tgyMewuDNU,The Glass - Hear The Music (Nick Moore vs. Computer Disco Mix),ytmusic,100.0,2026-09-04T01:19:34
Electro,The Glass,Hear The Music (Original Mix),yes,0tgyMewuDNU,https://music.youtube.com/watch?v=0tgyMewuDNU,The Glass - Hear The Music (Nick Moore vs. Computer Disco Mix),ytmusic,83.33333333333333,2026-09-04T01:19:33
Electro,Various,Afraid (Simon Acetone Remix),yes,6ba5Xs-h_DM,https://music.youtube.com/watch?v=6ba5Xs-h_DM,Afraid (Simon Acetone Remix) (feat. Simon Acetone),ytmusic,87.5,2026-09-04T01:16:09
Electro,Various,All Dayz,yes,pTqpNn7miHM,https://music.youtube.com/watch?v=pTqpNn7miHM,HAPPY Dayz - VARIOUS Artist.,ytmusic,85.71428571428571,2026-09-04T01:17:50
Electro,Various,Bittersweet Thereafter,yes,YHFH5tJSeC8,https://music.youtube.com/watch?v=YHFH5tJSeC8,Sneak-Thief -- Bittersweet Thereafter,ytmusic,84.61538461538461,2026-09-04T01:20:06
Electro,Various,Blitz,yes,JNgAsTUT2vY,https://music.youtube.com/watch?v=JNgAsTUT2vY,Warriors,ytmusic,81.48148148148148,2026-09-04T01:12:47
Electro,Various,Cave Ceremony,yes,C93WgQkcoh8,https://music.youtube.com/watch?v=C93WgQkcoh8,Sacred Ceremony in the Cave of Windchimes,ytmusic,76.47058823529412,2026-09-04T01:12:30
Electro,Various,Dance With Me,yes,cvgdEdJDzNI,https://music.youtube.com/watch?v=cvgdEdJDzNI,DANCE WITH ME,ytmusic,100.0,2026-09-04T01:18:05
Electro,Various,Data Transparency,yes,DTkYqdq-5CQ,https://music.youtube.com/watch?v=DTkYqdq-5CQ,Transparency,ytmusic,88.88888888888889,2026-09-04T01:19:13
Electro,Various,Deeming Lights,yes,TdEutBYiteE,https://music.youtube.com/watch?v=TdEutBYiteE,Dry/Wet - Deeming Lights [VS006],ytmusic,77.77777777777777,2026-09-04T01:19:08
Electro,Various,Electrofornication,no,,,,none,0.0,2026-09-04T01:59:53
Electro,Various,Ellen,yes,mmjJUv8VPuE,https://music.youtube.com/watch?v=mmjJUv8VPuE,Ellen,ytmusic,71.42857142857143,2026-09-04T01:12:48
Electro,Various,Feel The B,yes,pRrXD8PjJW0,https://music.youtube.com/watch?v=pRrXD8PjJW0,Feel The B Praak Mashup | Soul Music 2.0 | Bpraak X Jaani X Ammy Virk X Sunanda | Punjabi Sad Mashup,ytmusic,71.42857142857143,2026-09-04T01:19:07
Electro,Various,Festichola,yes,s2FNKNSVa9U,https://music.youtube.com/watch?v=s2FNKNSVa9U,Festichola,ytmusic,74.07407407407408,2026-09-04T01:12:20
Electro,Various,Future Moves,yes,4Ng_xailBhU,https://music.youtube.com/watch?v=4Ng_xailBhU,Future Moves,ytmusic,82.05128205128204,2026-09-04T01:17:49
Electro,Various,Gabriel,yes,-RXGQqAeSWw,https://music.youtube.com/watch?v=-RXGQqAeSWw,Gabriel Jesus ● Welcome to Barcelona 2026 🔵🔴🇧🇷 Best Goals & Skills,ytdlp,63.63636363636363,2026-09-04T01:20:18
Electro,Various,Gogo Dança,yes,7Pp7IRhfK8o,https://music.youtube.com/watch?v=7Pp7IRhfK8o,Edy Lemond - Dança do Gogo Boy,ytmusic,71.42857142857143,2026-09-04T01:18:06
Electro,Various,Got That Buzz,yes,JyrilPyg_1I,https://music.youtube.com/watch?v=JyrilPyg_1I,Got That Buzz,ytmusic,76.47058823529412,2026-09-04T01:12:31
Electro,Various,I'd Rather Dance,yes,XEr8cutB3sg,https://music.youtube.com/watch?v=XEr8cutB3sg,I'd Rather Dance With You (Radio Mix),ytmusic,80.0,2026-09-04T01:17:48
Electro,Various,Interstellar Intercept,yes,dZPWQje1-vY,https://music.youtube.com/watch?v=dZPWQje1-vY,Sweater - Interstellar Intercept [HTP001],ytmusic,84.61538461538461,2026-09-04T01:12:29
Electro,Various,Interstellar Object,yes,yw9xaGFr_uE,https://music.youtube.com/watch?v=yw9xaGFr_uE,Interstellar Object,ytmusic,88.37209302325581,2026-09-04T01:14:55
Electro,Various,Just Go With the Billow,yes,zxRFJajrSyQ,https://music.youtube.com/watch?v=zxRFJajrSyQ,Poten - Just Go With The Billow [HTP001],ytmusic,85.18518518518519,2026-09-04T01:12:29
Electro,Various,Ketamine Chic,yes,ThCoyYa8Kmc,https://music.youtube.com/watch?v=ThCoyYa8Kmc,Ketamine Chic,ytmusic,76.47058823529412,2026-09-04T01:19:11
Electro,Various,Last Organ I Promise,yes,u19nAWoXTqE,https://music.youtube.com/watch?v=u19nAWoXTqE,ILyes - Last Organ I Promise,ytmusic,83.33333333333333,2026-09-04T01:14:57
Electro,Various,Latetest,no,,,,none,0.0,2026-09-04T01:58:51
Electro,Various,Le Gigolo,yes,XjNlP3LrFiY,https://music.youtube.com/watch?v=XjNlP3LrFiY,gigolo,ytmusic,66.66666666666666,2026-09-04T01:20:08
Electro,Various,Like Dis,yes,hTZjJjjs-A0,https://music.youtube.com/watch?v=hTZjJjjs-A0,Like Dis,ytmusic,72.72727272727272,2026-09-04T01:19:09
Electro,Various,Local warming,yes,Ct5MskMQpxw,https://music.youtube.com/watch?v=Ct5MskMQpxw,Local Warming,ytmusic,78.78787878787878,2026-09-04T01:20:17
Electro,Various,Loop Da Loop,yes,kagqFmoOTu4,https://music.youtube.com/watch?v=kagqFmoOTu4,Loop Da Loop,ytmusic,73.6842105263158,2026-09-04T01:14:56
Electro,Various,Loop Hole,yes,9OEIRJNPp9I,https://music.youtube.com/watch?v=9OEIRJNPp9I,Loop Hole,ytmusic,78.26086956521739,2026-09-04T01:12:19
Electro,Various,Mindener,yes,7DeAVCh3Xxg,https://music.youtube.com/watch?v=7DeAVCh3Xxg,Various Mind,ytmusic,73.17073170731707,2026-09-04T01:12:07
Electro,Various,More Than A Lesson,yes,m0N70xhFZcM,https://music.youtube.com/watch?v=m0N70xhFZcM,More Than A Lesson,ytmusic,81.81818181818181,2026-09-04T01:18:25
Electro,Various,My Deutsche Machine,yes,U-bCp_zUERw,https://music.youtube.com/watch?v=U-bCp_zUERw,A.LM.A -- My Deutsche Machine,ytmusic,82.6086956521739,2026-09-04T01:20:08
Electro,Various,Myrtle The Moaner,yes,73fLEFtukoc,https://music.youtube.com/watch?v=73fLEFtukoc,Jhobei & Charleze - Myrtle The Moaner [VS006],ytmusic,80.95238095238095,2026-09-04T01:19:07
Electro,Various,NRJ,yes,35HzBw6M-K0,https://music.youtube.com/watch?v=35HzBw6M-K0,ACTRICES,ytmusic,69.56521739130434,2026-09-04T01:18:02
Electro,Various,New World Order,yes,_bAVEuPhb7U,https://music.youtube.com/watch?v=_bAVEuPhb7U,New World Order,ytmusic,82.6086956521739,2026-09-04T01:20:06
Electro,Various,Nothing,yes,I1Fu8mjaC94,https://music.youtube.com/watch?v=I1Fu8mjaC94,Topic x HRVY - All Or Nothing (Official Music Video),ytdlp,63.63636363636363,2026-09-04T01:16:07
Electro,Various,Oh No (Baklava Mix),yes,lvK2AhvBIDU,https://music.youtube.com/watch?v=lvK2AhvBIDU,Kiddy Castle - Oh No (Baklava Mix) [VS003],ytmusic,82.6086956521739,2026-09-04T01:17:47
Electro,Various,Rising Down,yes,NscoHuEJdbQ,https://music.youtube.com/watch?v=NscoHuEJdbQ,Rising Down,ytmusic,78.57142857142857,2026-09-04T01:12:21
Electro,Various,Rock The Beat,yes,kMMzWMccGbE,https://music.youtube.com/watch?v=kMMzWMccGbE,Various ‎– The Garage Zone Vol 2 : 60s Garage Beat Rock Punk Psychedelic Moxie Records Music Bands,ytmusic,100.0,2026-09-04T01:18:22
Electro,Various,Rushin,yes,aD7-1o2mrnk,https://music.youtube.com/watch?v=aD7-1o2mrnk,Various composers - Variations on a Russian theme for string quartet (audio + sheet music),ytmusic,66.66666666666666,2026-09-04T01:19:10
Electro,Various,Satisfied,yes,61bKls-Yvls,https://music.youtube.com/watch?v=61bKls-Yvls,Satisfied (Live),ytmusic,69.23076923076923,2026-09-04T01:14:53
Electro,Various,Shoes,yes,eW8kfD6x00M,https://music.youtube.com/watch?v=eW8kfD6x00M,Black Rubber Shoes,ytmusic,100.0,2026-09-04T01:18:06
Electro,Various,Sinodia,yes,EBSOY-wmFb4,https://music.youtube.com/watch?v=EBSOY-wmFb4,Nativo - Sinodia,ytdlp,70.96774193548387,2026-09-04T01:12:11
Electro,Various,Slipping Into Fiction (Mujik Remix),yes,P4NzC_asPk8,https://music.youtube.com/watch?v=P4NzC_asPk8,Slipping into Fiction (mujik remix),ytmusic,89.74358974358974,2026-09-04T01:16:08
Electro,Various,Technological Choose,yes,C5_vEcxJNfg,https://music.youtube.com/watch?v=C5_vEcxJNfg,Two Opposites - Technological Choose,ytmusic,83.33333333333333,2026-09-04T01:12:07
Electro,Various,That Is Right!,no,,,,none,0.0,2026-09-04T01:59:44
Electro,Various,The Adventure,yes,Vu3cD7LmFXE,https://music.youtube.com/watch?v=Vu3cD7LmFXE,Various Artists - The Adventure Continues- Full Album,ytmusic,100.0,2026-09-04T01:18:21
Electro,Various,The Foil,yes,fSosJperUrI,https://music.youtube.com/watch?v=fSosJperUrI,The Foil,ytmusic,70.27027027027027,2026-09-04T01:14:54
Electro,Various,"The Sky, The Sea",no,,,,none,0.0,2026-09-04T01:59:24
Electro,Various,The state of mind,yes,nH_h5C3YoTQ,https://music.youtube.com/watch?v=nH_h5C3YoTQ,State of Mind,ytmusic,83.87096774193549,2026-09-04T01:20:20
Electro,Various,Toad Ship,yes,zw92GbnV5aY,https://music.youtube.com/watch?v=zw92GbnV5aY,Toad Shaped Ship,ytdlp,72.0,2026-09-04T01:18:24
Electro,Various,Touch Me,yes,-FjiUfTR3fs,https://music.youtube.com/watch?v=-FjiUfTR3fs,Touch Me,ytmusic,77.41935483870968,2026-09-04T01:12:50
Electro,Various,Villain,yes,XnZXW-PgyMA,https://music.youtube.com/watch?v=XnZXW-PgyMA,Villain,ytmusic,100.0,2026-09-04T01:19:10
Electro,Various,What's dat called again,yes,OlY_TPj9Cms,https://music.youtube.com/watch?v=OlY_TPj9Cms,B1 Pagenty - What's dat called again,ytmusic,85.18518518518519,2026-09-04T01:20:19
Electro,Various,You,no,,,,none,0.0,2026-09-04T01:59:32
Electro,Various,You Are,yes,iyHDHYrdWPs,https://music.youtube.com/watch?v=iyHDHYrdWPs,All the things you are - Backing Track,ytdlp,63.63636363636363,2026-09-04T01:12:22
Electro,Venetia,Camel,yes,GYfSBbDg4hw,https://music.youtube.com/watch?v=GYfSBbDg4hw,Venetia - Camel,ytmusic,100.0,2026-09-04T01:18:49
Electro,Venetia,Jet,yes,l88zEiBVK_s,https://music.youtube.com/watch?v=l88zEiBVK_s,Venetia - Jet [SN003],ytmusic,100.0,2026-09-04T01:18:49
Electro,Venetia,Shangri-La Disco,yes,FUXaf-XCkOY,https://music.youtube.com/watch?v=FUXaf-XCkOY,Venetia - Shangri-La Disco [SN003],ytmusic,100.0,2026-09-04T01:18:51
Electro,Venetia,The Mind,yes,I8_aRo_zpQs,https://music.youtube.com/watch?v=I8_aRo_zpQs,Venetia - The Mind (SN003),ytmusic,100.0,2026-09-04T01:18:50
Electro,Voom:Voom,All I Need,no,,,,none,0.0,2026-09-04T01:59:39
Electro,Voom:Voom,Sao Verought,yes,OdqGYtoD87o,https://music.youtube.com/watch?v=OdqGYtoD87o,Poppen,ytmusic,72.0,2026-09-04T01:16:22
Electro,Wedding Acid Group,City Gate Funk,yes,eZG6HOEq43k,https://music.youtube.com/watch?v=eZG6HOEq43k,Wedding Acid Group -- City Gate Funk,ytmusic,100.0,2026-09-04T01:11:52
Electro,Wedding Acid Group,Colombo Acid,yes,aE7SDnVv5CI,https://music.youtube.com/watch?v=aE7SDnVv5CI,Wedding Acid Group -- Colombo Acid,ytmusic,100.0,2026-09-04T01:11:48
Electro,Wedding Acid Group,Dog Park Memories,yes,dlitH46rTdg,https://music.youtube.com/watch?v=dlitH46rTdg,Wedding Acid Group  -- Dog Park Memories,ytmusic,100.0,2026-09-04T01:11:51
Electro,Wedding Acid Group,Lost Memory FM,yes,d_9LzXchABY,https://music.youtube.com/watch?v=d_9LzXchABY,Wedding Acid Group -- Lost Memory Fm,ytmusic,100.0,2026-09-04T01:11:49
Electro,Wedding Acid Group,Low Moisture Acid,yes,BJvwYpfu4U8,https://music.youtube.com/watch?v=BJvwYpfu4U8,Wedding Acid Group - Low Moisture Acid [USR027],ytmusic,100.0,2026-09-04T01:11:48
Electro,Wedding Acid Group,Optimistic Acid,yes,1VXR1VyI3eU,https://music.youtube.com/watch?v=1VXR1VyI3eU,Wedding Acid Group -- Optimistic Acid,ytmusic,100.0,2026-09-04T01:11:50
Electro,Wedding Acid Group,Sunday Circles,yes,TenxTel3_9Y,https://music.youtube.com/watch?v=TenxTel3_9Y,Wedding Acid Group -- Sunday Circles,ytmusic,100.0,2026-09-04T01:11:51
Electro,Wedding Acid Group,Toy Story,yes,dr4b-a0zt8E,https://music.youtube.com/watch?v=dr4b-a0zt8E,Wedding Acid Group -- Toy Story,ytmusic,100.0,2026-09-04T01:11:47
Electro,WestBam,Born To Bang,yes,urT8NsBGUts,https://music.youtube.com/watch?v=urT8NsBGUts,Born to Bang,ytmusic,100.0,2026-09-04T01:15:54
Electro,WestBam,Born To Bang (Sharam Remix),yes,urT8NsBGUts,https://music.youtube.com/watch?v=urT8NsBGUts,Born to Bang,ytmusic,100.0,2026-09-04T01:15:52
Electro,WestBam,Westbound Express,yes,kE27yOHMd9o,https://music.youtube.com/watch?v=kE27yOHMd9o,WestBam - Westbound Express [1996],ytmusic,100.0,2026-09-04T01:15:53
Electro House,Akyki,One Hundred Years,yes,IRjBvCb3YXM,https://music.youtube.com/watch?v=IRjBvCb3YXM,Years,ytmusic,100.0,2026-09-04T01:21:51
Electro House,Akyki,River Denizens,yes,16A9PqG9DmA,https://music.youtube.com/watch?v=16A9PqG9DmA,Akyki - River Denizens,ytmusic,100.0,2026-09-04T01:21:53
Electro House,Akyki,Salted Suite,yes,T_qeJqACNII,https://music.youtube.com/watch?v=T_qeJqACNII,Akyki - Salted Suite,ytmusic,100.0,2026-09-04T01:21:52
Electro House,Akyki,The Bell On Ice,yes,JXfoGqKtWKg,https://music.youtube.com/watch?v=JXfoGqKtWKg,Akyki - The Bell On Ice,ytmusic,100.0,2026-09-04T01:21:53
Electro House,Alex Neri,Club Element,yes,7KJUyQLYBtw,https://music.youtube.com/watch?v=7KJUyQLYBtw,Club Element,ytmusic,100.0,2026-09-04T01:14:18
Electro House,Alex Neri,Housetrack,yes,zHBOVa5pkxM,https://music.youtube.com/watch?v=zHBOVa5pkxM,Housetrack,ytmusic,100.0,2026-09-04T01:14:17
Electro House,"Chris Roxx, Farley",Rude Boy,yes,fin-_zn3uvw,https://music.youtube.com/watch?v=fin-_zn3uvw,Rude Boy,ytmusic,82.35294117647058,2026-09-04T01:14:44
Electro House,"Chris Roxx, Farley",Rude Boy (Roxx),yes,afn-JubIMIo,https://music.youtube.com/watch?v=afn-JubIMIo,Rude Boy Roxx,ytmusic,68.85245901639344,2026-09-04T01:14:43
Electro House,"Chris Roxx, Farley",The Thrill,yes,x_McMc1vi6E,https://music.youtube.com/watch?v=x_McMc1vi6E,The Thrill Is Gone,ytmusic,71.11111111111111,2026-09-04T01:14:44
Electro House,"DJ Gamba, Adrien Calvet",Soleil,yes,QV9L14JRD98,https://music.youtube.com/watch?v=QV9L14JRD98,[New Vinyl Release] DJ Gamba & Adrien Calvet – Stay At Home Ebi,ytmusic,69.56521739130434,2026-09-04T01:18:35
Electro House,"DJ Gamba, Adrien Calvet",Summer of 05,yes,0La_SeziRgg,https://music.youtube.com/watch?v=0La_SeziRgg,Summer of 05,ytmusic,100.0,2026-09-04T01:18:35
Electro House,"DJ Gamba, Adrien Calvet","Toi, Mon Rêve",yes,g_D6ogTop-Y,https://music.youtube.com/watch?v=g_D6ogTop-Y,"DJ Gamba - Toi, Mon Rêve",ytmusic,75.0,2026-09-04T01:18:33
Electro House,"DJ Gamba, Adrien Calvet",Trafalgar Square,yes,TCrBqeHlOrE,https://music.youtube.com/watch?v=TCrBqeHlOrE,Trafalgar Square,ytmusic,100.0,2026-09-04T01:18:34
Electro House,Electromen,Air Road (Album Mix),yes,CAVPFCi76yI,https://music.youtube.com/watch?v=CAVPFCi76yI,Air Raid (Club Version),ytmusic,70.76923076923077,2026-09-04T01:21:48
Electro House,Electromen,Air Road (Moog Version),yes,25op5V_FfDI,https://music.youtube.com/watch?v=25op5V_FfDI,In The Air (Moog One Version) (feat. Flavor Fay),ytmusic,69.23076923076923,2026-09-04T01:21:48
Electro House,Electromen,Chatroom Romance (Original),yes,WS8qYPvROS4,https://music.youtube.com/watch?v=WS8qYPvROS4,Chatroom Romance,ytmusic,100.0,2026-09-04T01:21:46
Electro House,Electromen,Chatroom Romance (Remix),yes,WS8qYPvROS4,https://music.youtube.com/watch?v=WS8qYPvROS4,Chatroom Romance,ytmusic,100.0,2026-09-04T01:21:47
Electro House,Eric OS,Cherry Red,yes,cZHmF_bvQF4,https://music.youtube.com/watch?v=cZHmF_bvQF4,Cherry Red,ytmusic,100.0,2026-09-04T01:13:09
Electro House,Eric OS,Electrodreammachine,yes,UcXiWqMyaYk,https://music.youtube.com/watch?v=UcXiWqMyaYk,Electrodreammachine,ytmusic,100.0,2026-09-04T01:13:08
Electro House,Eric OS,Elusive,yes,VxWtCrWkmxw,https://music.youtube.com/watch?v=VxWtCrWkmxw,Elusive,ytmusic,100.0,2026-09-04T01:13:07
Electro House,Eric OS,Feeling Real,yes,0SuB_Iw5wqw,https://music.youtube.com/watch?v=0SuB_Iw5wqw,Feeling Real,ytmusic,100.0,2026-09-04T01:13:09
Electro House,Eric OS,Stereophysical,yes,4Mv8AfV7iKE,https://music.youtube.com/watch?v=4Mv8AfV7iKE,Stereophysical,ytmusic,100.0,2026-09-04T01:13:06
Electro House,Eric OS,Underworld,yes,UhPYy_EUVfg,https://music.youtube.com/watch?v=UhPYy_EUVfg,Underworld,ytmusic,100.0,2026-09-04T01:13:06
Electro House,Felix Rennefeld,Rebel,yes,647Mp9_AEww,https://music.youtube.com/watch?v=647Mp9_AEww,Rebel,ytmusic,100.0,2026-09-04T01:20:55
Electro House,Felix Rennefeld,Rock With Me,yes,V1HZn_UwtPc,https://music.youtube.com/watch?v=V1HZn_UwtPc,Rock With Me,ytmusic,100.0,2026-09-04T01:20:54
Electro House,Felix Rennefeld,Sports,yes,ntem3TS-2rw,https://music.youtube.com/watch?v=ntem3TS-2rw,Sports,ytmusic,100.0,2026-09-04T01:20:55
Electro House,Gogo Gadgeto,Bigger Better,yes,RxMIMQ0QWR0,https://music.youtube.com/watch?v=RxMIMQ0QWR0,Gogo Gadgeto - Bigger Better [KRAFTPHUNK001],ytmusic,100.0,2026-09-04T01:19:02
Electro House,Gogo Gadgeto,Camille,yes,DbRM-h-NgKM,https://music.youtube.com/watch?v=DbRM-h-NgKM,Gogo Gadgeto - Camille [KRAFTPHUNK001],ytmusic,100.0,2026-09-04T01:19:01
Electro House,Gogo Gadgeto,Funky Evil,yes,2E6hn2zAuFg,https://music.youtube.com/watch?v=2E6hn2zAuFg,Gogo Gadgeto - Funky Evil [KRAFTPHUNK001],ytmusic,100.0,2026-09-04T01:19:03
Electro House,Gogo Gadgeto,Romantic Rights,yes,hr1Re625MHs,https://music.youtube.com/watch?v=hr1Re625MHs,Gogo Gadgeto - Romantic Rights [KRAFTPHUNK001],ytmusic,100.0,2026-09-04T01:19:02
Electro House,NND,Break the kick,yes,zyH36iyw9xY,https://music.youtube.com/watch?v=zyH36iyw9xY,NND - Break The Kick,ytmusic,100.0,2026-09-04T01:12:51
Electro House,NND,I'm coming for you,yes,XwaEcQ8KRKg,https://music.youtube.com/watch?v=XwaEcQ8KRKg,NND - I'm Coming For You,ytmusic,100.0,2026-09-04T01:12:52
Electro House,NND,Made in Italy '80,yes,fpK1FSdvj20,https://music.youtube.com/watch?v=fpK1FSdvj20,NND - Made in Italy '80,ytmusic,100.0,2026-09-04T01:12:53
Electro House,NND,Spirano Vice,yes,cvXD6UXo3F0,https://music.youtube.com/watch?v=cvXD6UXo3F0,NND - Spirano Vice,ytmusic,100.0,2026-09-04T01:12:52
Electro House,Unknown Artist,Chewing gum,yes,nJVntfqTd-0,https://music.youtube.com/watch?v=nJVntfqTd-0,nobody,ytmusic,75.86206896551724,2026-09-04T01:17:56
Electro House,Unknown Artist,Night demons,yes,_kMnjieBUn0,https://music.youtube.com/watch?v=_kMnjieBUn0,Demons visit me every night and they don't let me sleep.,ytmusic,100.0,2026-09-04T01:17:55
Electro House,Unknown Artist,Scubafunk,yes,YDP-fFZN7pY,https://music.youtube.com/watch?v=YDP-fFZN7pY,Unknown Artist - Scubafunk,ytmusic,100.0,2026-09-04T01:17:54
Electro House,Unknown Artist,Sound picture,yes,CNiFbtOeFe0,https://music.youtube.com/watch?v=CNiFbtOeFe0,Unknown Artist / Sound Picture / Oblique Records / 2024,ytmusic,100.0,2026-09-04T01:17:56
Electro House,Various,All Dayz,yes,pTqpNn7miHM,https://music.youtube.com/watch?v=pTqpNn7miHM,HAPPY Dayz - VARIOUS Artist.,ytmusic,85.71428571428571,2026-09-04T01:17:50
Electro House,Various,Atomic Generation,yes,h9rwJK-RQbs,https://music.youtube.com/watch?v=h9rwJK-RQbs,Atomic Generation,ytmusic,80.95238095238095,2026-09-04T01:21:55
Electro House,Various,Chapter 24,yes,edSzaipR7sc,https://music.youtube.com/watch?v=edSzaipR7sc,Chapter 24 - Page 189 to 200,ytmusic,71.42857142857143,2026-09-04T01:21:54
Electro House,Various,Future Moves,yes,4Ng_xailBhU,https://music.youtube.com/watch?v=4Ng_xailBhU,Future Moves,ytmusic,82.05128205128204,2026-09-04T01:17:49
Electro House,Various,I'd Rather Dance,yes,XEr8cutB3sg,https://music.youtube.com/watch?v=XEr8cutB3sg,I'd Rather Dance With You (Radio Mix),ytmusic,80.0,2026-09-04T01:17:48
Electro House,Various,Oh No (Baklava Mix),yes,lvK2AhvBIDU,https://music.youtube.com/watch?v=lvK2AhvBIDU,Kiddy Castle - Oh No (Baklava Mix) [VS003],ytmusic,82.6086956521739,2026-09-04T01:17:47
Electro House,Various,The Night,yes,TFVP7lOqw0c,https://music.youtube.com/watch?v=TFVP7lOqw0c,All Day and All of the Night,ytmusic,69.23076923076923,2026-09-04T01:21:57
Electro House,Various,Wicked Soul,yes,_c_MD_dMf1w,https://music.youtube.com/watch?v=_c_MD_dMf1w,Wicked Soul,ytmusic,81.48148148148148,2026-09-04T01:21:56
Electro House,mattrogg,Crazy Wilhelm,yes,gqZiAafaE6c,https://music.youtube.com/watch?v=gqZiAafaE6c,Mattrogg - Crazy Wilhelm,ytmusic,100.0,2026-09-04T01:21:49
Electro House,mattrogg,I Come To You,yes,t7PFEiohndk,https://music.youtube.com/watch?v=t7PFEiohndk,Mattrogg - I Come To You,ytmusic,100.0,2026-09-04T01:21:51
Electro House,mattrogg,Steel Feather,yes,JKsMP2UR0wY,https://music.youtube.com/watch?v=JKsMP2UR0wY,Mattrogg - Steel Feather,ytmusic,100.0,2026-09-04T01:21:49
Electro House,mattrogg,The Duke,yes,IzYACw3YM8g,https://music.youtube.com/watch?v=IzYACw3YM8g,Mattrogg - The Duke,ytmusic,100.0,2026-09-04T01:21:50
Euro House,Celvin Rotane,I Believe (Dub Version),yes,8QwrMLWVfrI,https://music.youtube.com/watch?v=8QwrMLWVfrI,I Believe (Dub Version),ytmusic,100.0,2026-09-04T01:13:51
Euro House,Celvin Rotane,I Believe (Mel O'Ween's Remix),yes,h6xMmvTBxaU,https://music.youtube.com/watch?v=h6xMmvTBxaU,Celvin Rotane - I Believe (Mel O'Ween's Remix),ytmusic,100.0,2026-09-04T01:13:51
Euro House,Celvin Rotane,I Believe (Misjah's  Remix),yes,3zpvbiOYdvw,https://music.youtube.com/watch?v=3zpvbiOYdvw,I Believe (Misjah's Remix),ytmusic,100.0,2026-09-04T01:13:49
Euro House,Celvin Rotane,I Believe (Radio Version),yes,zuKVF-Ue4ls,https://music.youtube.com/watch?v=zuKVF-Ue4ls,B2 – Celvin Rotane – I Believe (Radio Version) Vinyl Rip B2,ytmusic,100.0,2026-09-04T01:13:50
Euro House,Celvin Rotane,I Believe (Rozzo's Remix),yes,rFVtm9tKGMk,https://music.youtube.com/watch?v=rFVtm9tKGMk,I Believe (Rozzo's Remix),ytmusic,100.0,2026-09-04T01:13:48
Euro House,"Groovecult, Safiye",Bang To The Beat (Chris Kain Mix),yes,rMQr39MB2Zk,https://music.youtube.com/watch?v=rMQr39MB2Zk,Groovecult Feat. Safiye – Bang To The Beat (Chris Kain Mix),ytmusic,86.95652173913044,2026-09-04T01:16:33
Euro House,"Groovecult, Safiye",Bang To The Beat (Planet-E Team) (Club Mix),yes,lfdiWRxxV5k,https://music.youtube.com/watch?v=lfdiWRxxV5k,Groovecult Feat. Safiye – Bang To The Beat (Planet-E-Team) (Club Mix),ytmusic,79.16666666666667,2026-09-04T01:16:32
Euro House,"Groovecult, Safiye",Bang To The Beat (U-Mix),yes,7OI4IobwLos,https://music.youtube.com/watch?v=7OI4IobwLos,Groovecult Feat. Safiye – Bang To The Beat (U-Mix),ytmusic,83.78378378378378,2026-09-04T01:16:31
Euro House,"Groovecult, Safiye",Bang To The Beat (X-Tended-Mix),yes,SkmF6ZvSLa0,https://music.youtube.com/watch?v=SkmF6ZvSLa0,Groovecult Feat. Safiye – Bang To The Beat (X-Tended-Mix),ytmusic,86.36363636363636,2026-09-04T01:16:31
Euro House,Head Room,How U Feel (Al Faris & Andrew Wooden Rmx),yes,RzYe7T0wppI,https://music.youtube.com/watch?v=RzYe7T0wppI,Head Room - How U Feel (Al Faris & Andrew Wooden Rmx),ytmusic,100.0,2026-09-04T01:10:10
Euro House,Head Room,How U Feel (Brooklyn Bounce Rmx),yes,BvWCRJG5dXs,https://music.youtube.com/watch?v=BvWCRJG5dXs,Headroom - How U Feel (Brooklyn Bounce Mix) 1997,ytmusic,78.26086956521739,2026-09-04T01:10:08
Euro House,Head Room,How U Feel (Feelmachine Rmx),yes,czda5UyTQvI,https://music.youtube.com/watch?v=czda5UyTQvI,Head Room – How U Feel (Feelmachine Rmx) - Gang Go Music 1997,ytmusic,100.0,2026-09-04T01:10:11
Euro House,Head Room,How U Feel (Video Edit),yes,7TpscN7uMBQ,https://music.youtube.com/watch?v=7TpscN7uMBQ,How Would U Feel (Radio Edit),ytmusic,68.42105263157895,2026-09-04T01:10:09
Euro House,ICE MC,Dolce Vita,yes,V1GjN5IVQsA,https://music.youtube.com/watch?v=V1GjN5IVQsA,Dolce Vita,ytmusic,100.0,2026-09-04T01:21:25
Euro House,ICE MC,Peace,yes,8H2Jx8n10I0,https://music.youtube.com/watch?v=8H2Jx8n10I0,Peace,ytmusic,100.0,2026-09-04T01:21:24
Euro House,Slamm,"Energize (12"" Master)",yes,BvRHfkcxvec,https://music.youtube.com/watch?v=BvRHfkcxvec,Energize,ytmusic,100.0,2026-09-04T01:13:22
Euro House,Slamm,Energize (Captain's Log Mix),yes,BvRHfkcxvec,https://music.youtube.com/watch?v=BvRHfkcxvec,Energize,ytmusic,100.0,2026-09-04T01:13:25
Euro House,Slamm,Energize (La Camorra Headless Mix),yes,BvRHfkcxvec,https://music.youtube.com/watch?v=BvRHfkcxvec,Energize,ytmusic,100.0,2026-09-04T01:13:22
Euro House,Slamm,Energize (Ride Of The Vulcans Mix),yes,BvRHfkcxvec,https://music.youtube.com/watch?v=BvRHfkcxvec,Energize,ytmusic,100.0,2026-09-04T01:13:24
Euro House,Slamm,Energize (Safe Hands Planet Mix),yes,BvRHfkcxvec,https://music.youtube.com/watch?v=BvRHfkcxvec,Energize,ytmusic,100.0,2026-09-04T01:13:23
Euro House,The Object,Theme From Terminator 2 (Bass Bompers Remix),yes,SMp3DSfADGw,https://music.youtube.com/watch?v=SMp3DSfADGw,The Theme From Terminator 2,ytmusic,100.0,2026-09-04T01:16:06
Euro House,The Object,Theme From Terminator 2 (Bass Team Remix 1),yes,SMp3DSfADGw,https://music.youtube.com/watch?v=SMp3DSfADGw,The Theme From Terminator 2,ytmusic,100.0,2026-09-04T01:16:04
Euro House,The Object,Theme From Terminator 2 (Bass Team Remix 2),yes,SMp3DSfADGw,https://music.youtube.com/watch?v=SMp3DSfADGw,The Theme From Terminator 2,ytmusic,100.0,2026-09-04T01:16:04
Euro House,The Object,Theme From Terminator 2 (Bass Team Remix 3),yes,SMp3DSfADGw,https://music.youtube.com/watch?v=SMp3DSfADGw,The Theme From Terminator 2,ytmusic,100.0,2026-09-04T01:16:05
Euro House,U-People,Freedom (House Mix),yes,4lr2k6dwO6c,https://music.youtube.com/watch?v=4lr2k6dwO6c,Freedom (House Mix),ytmusic,100.0,2026-09-04T01:21:19
Euro House,U-People,Freedom (Native Drum Mix),yes,ShjZGlkDo5E,https://music.youtube.com/watch?v=ShjZGlkDo5E,Freedom (Native Drum Mix),ytmusic,100.0,2026-09-04T01:21:21
Euro House,U-People,French Vibes,yes,WYlABAltjls,https://music.youtube.com/watch?v=WYlABAltjls,French Vibes,ytmusic,100.0,2026-09-04T01:21:20
Euro House,U.S.U.R.A.,The Spaceman (Edit Mix),yes,znQqPKwaJPg,https://music.youtube.com/watch?v=znQqPKwaJPg,The Spaceman (Edit Mix),ytmusic,100.0,2026-09-04T01:21:22
Euro House,U.S.U.R.A.,The Spaceman (Planet Mix),yes,7K6x1NUkj14,https://music.youtube.com/watch?v=7K6x1NUkj14,The Spaceman (Planet Mix),ytmusic,100.0,2026-09-04T01:21:21
Euro House,U.S.U.R.A.,The Spaceman (Space Mix),yes,ih9UURiLlPw,https://music.youtube.com/watch?v=ih9UURiLlPw,The Spaceman (Space Mix),ytmusic,100.0,2026-09-04T01:21:23
Euro House,U.S.U.R.A.,The Spaceman (Unathorized Mix),yes,3buO7ZBpwF4,https://music.youtube.com/watch?v=3buO7ZBpwF4,The Spaceman,ytmusic,100.0,2026-09-04T01:21:23
Experimental,Notilus,Alien,yes,HUpAFG076n8,https://music.youtube.com/watch?v=HUpAFG076n8,Alien,ytmusic,100.0,2026-09-04T01:22:07
Experimental,Notilus,Behind,yes,s9syI40He28,https://music.youtube.com/watch?v=s9syI40He28,Behind,ytmusic,100.0,2026-09-04T01:22:04
Experimental,Notilus,Green Smile,yes,dtxUXzIiXTA,https://music.youtube.com/watch?v=dtxUXzIiXTA,Green Smile,ytmusic,100.0,2026-09-04T01:22:06
Experimental,Notilus,Kuku,yes,QtvHhzNp11c,https://music.youtube.com/watch?v=QtvHhzNp11c,Kuku,ytmusic,100.0,2026-09-04T01:22:06
Experimental,Notilus,Ned,yes,PH8g-sISjcE,https://music.youtube.com/watch?v=PH8g-sISjcE,Ned,ytmusic,100.0,2026-09-04T01:22:10
Experimental,Notilus,Orgella,yes,ZBtaioyEbRw,https://music.youtube.com/watch?v=ZBtaioyEbRw,Orgella,ytmusic,100.0,2026-09-04T01:22:08
Experimental,Notilus,Pop Porn,yes,hcYZ42AOffA,https://music.youtube.com/watch?v=hcYZ42AOffA,Pop Porn,ytmusic,100.0,2026-09-04T01:22:05
Experimental,Notilus,Sapin,yes,6pQ2ItXJDDM,https://music.youtube.com/watch?v=6pQ2ItXJDDM,Sapin,ytmusic,100.0,2026-09-04T01:22:08
Experimental,Notilus,Tangerine,yes,VmzJKyRg_oI,https://music.youtube.com/watch?v=VmzJKyRg_oI,Tangerine,ytmusic,100.0,2026-09-04T01:22:04
Experimental,Notilus,Valse à Plumes,yes,ZR2fmNX0OvA,https://music.youtube.com/watch?v=ZR2fmNX0OvA,Valse à Plumes,ytmusic,100.0,2026-09-04T01:22:09
Folk,Michael Kiwanuka,Always Waiting,yes,_qzgSzB2x7E,https://music.youtube.com/watch?v=_qzgSzB2x7E,Always Waiting,ytmusic,100.0,2026-09-04T01:22:18
Folk,Michael Kiwanuka,Any Day Will Do Fine,yes,BpUv72-fZdM,https://music.youtube.com/watch?v=BpUv72-fZdM,Any Day Will Do Fine,ytmusic,100.0,2026-09-04T01:22:19
Folk,Michael Kiwanuka,Bones,yes,bAiau0N04I8,https://music.youtube.com/watch?v=bAiau0N04I8,Bones,ytmusic,100.0,2026-09-04T01:22:17
Folk,Michael Kiwanuka,Home Again,yes,zC_m1qAmnbk,https://music.youtube.com/watch?v=zC_m1qAmnbk,Home Again,ytmusic,100.0,2026-09-04T01:22:16
Folk,Michael Kiwanuka,I Won't Lie,yes,DM0kQ1rO0qE,https://music.youtube.com/watch?v=DM0kQ1rO0qE,I Won't Lie,ytmusic,100.0,2026-09-04T01:22:18
Folk,Michael Kiwanuka,I'll Get Along,yes,mf2iQKojsQo,https://music.youtube.com/watch?v=mf2iQKojsQo,I'll Get Along,ytmusic,100.0,2026-09-04T01:22:15
Folk,Michael Kiwanuka,I'm Getting Ready,yes,stg5ug0aWg4,https://music.youtube.com/watch?v=stg5ug0aWg4,I'm Getting Ready,ytmusic,100.0,2026-09-04T01:22:14
Folk,Michael Kiwanuka,Rest,yes,9X-aCebgZPg,https://music.youtube.com/watch?v=9X-aCebgZPg,Rest,ytmusic,100.0,2026-09-04T01:22:16
Folk,Michael Kiwanuka,Tell Me A Tale,yes,ULZ7KG5Cju4,https://music.youtube.com/watch?v=ULZ7KG5Cju4,Tell Me A Tale,ytmusic,100.0,2026-09-04T01:22:13
Folk,Michael Kiwanuka,Worry Walks Beside Me,yes,FbpOUAnIbc4,https://music.youtube.com/watch?v=FbpOUAnIbc4,Worry Walks Beside Me,ytmusic,100.0,2026-09-04T01:22:20
French House,Atree,Smart Lock,yes,PQ2AtjeHNyQ,https://music.youtube.com/watch?v=PQ2AtjeHNyQ,Smart Lock,ytmusic,100.0,2026-09-04T01:18:18
French House,Atree,Spirit Of The Hawk,yes,ZRvgNiBWLyg,https://music.youtube.com/watch?v=ZRvgNiBWLyg,Spirit of the Hawk,ytmusic,100.0,2026-09-04T01:18:16
French House,Atree,Still Positive,yes,2qnVMUv64DE,https://music.youtube.com/watch?v=2qnVMUv64DE,Still Positive,ytmusic,100.0,2026-09-04T01:18:17
French House,Atree,You Make Me Feel,yes,QKqwQ7lUy0o,https://music.youtube.com/watch?v=QKqwQ7lUy0o,You Make Me Feel,ytmusic,100.0,2026-09-04T01:18:17
French House,Various,All Dayz,yes,pTqpNn7miHM,https://music.youtube.com/watch?v=pTqpNn7miHM,HAPPY Dayz - VARIOUS Artist.,ytmusic,85.71428571428571,2026-09-04T01:17:50
French House,Various,Future Moves,yes,4Ng_xailBhU,https://music.youtube.com/watch?v=4Ng_xailBhU,Future Moves,ytmusic,82.05128205128204,2026-09-04T01:17:49
French House,Various,I'd Rather Dance,yes,XEr8cutB3sg,https://music.youtube.com/watch?v=XEr8cutB3sg,I'd Rather Dance With You (Radio Mix),ytmusic,80.0,2026-09-04T01:17:48
French House,Various,Oh No (Baklava Mix),yes,lvK2AhvBIDU,https://music.youtube.com/watch?v=lvK2AhvBIDU,Kiddy Castle - Oh No (Baklava Mix) [VS003],ytmusic,82.6086956521739,2026-09-04T01:17:47
Funk,ADC Band,Hot Legs,yes,0JepkUEXqdw,https://music.youtube.com/watch?v=0JepkUEXqdw,THE ADC BAND - hot legs,ytmusic,100.0,2026-09-04T01:19:51
Funk,ADC Band,Hot Legs,yes,0JepkUEXqdw,https://music.youtube.com/watch?v=0JepkUEXqdw,THE ADC BAND - hot legs,ytmusic,100.0,2026-09-04T01:19:51
Future Jazz,Hugo LX,Emerge,yes,yM-og5XNVHY,https://music.youtube.com/watch?v=yM-og5XNVHY,Emerge,ytmusic,100.0,2026-09-04T01:17:12
Future Jazz,Hugo LX,"Gone Today, Here Tomorrow",yes,bIUo3xRgcn8,https://music.youtube.com/watch?v=bIUo3xRgcn8,"Gone Today, Here Tomorrow",ytmusic,100.0,2026-09-04T01:17:13
Future Jazz,Hugo LX,Oversight II,yes,q9sbd_sTl9k,https://music.youtube.com/watch?v=q9sbd_sTl9k,HUGO LX - Oversight II ft. Tony Tixier (Official Audio),ytmusic,100.0,2026-09-04T01:17:15
Future Jazz,Hugo LX,Surrender,yes,d409jde_0vY,https://music.youtube.com/watch?v=d409jde_0vY,Surrender,ytmusic,100.0,2026-09-04T01:17:13
Future Jazz,Hugo LX,Zio,yes,iSBcOyFI64E,https://music.youtube.com/watch?v=iSBcOyFI64E,HUGO LX - Zio ft. Christopher Johnson (Official Audio),ytmusic,100.0,2026-09-04T01:17:14
Future Jazz,Notilus,Alien,yes,HUpAFG076n8,https://music.youtube.com/watch?v=HUpAFG076n8,Alien,ytmusic,100.0,2026-09-04T01:22:07
Future Jazz,Notilus,Behind,yes,s9syI40He28,https://music.youtube.com/watch?v=s9syI40He28,Behind,ytmusic,100.0,2026-09-04T01:22:04
Future Jazz,Notilus,Green Smile,yes,dtxUXzIiXTA,https://music.youtube.com/watch?v=dtxUXzIiXTA,Green Smile,ytmusic,100.0,2026-09-04T01:22:06
Future Jazz,Notilus,Kuku,yes,QtvHhzNp11c,https://music.youtube.com/watch?v=QtvHhzNp11c,Kuku,ytmusic,100.0,2026-09-04T01:22:06
Future Jazz,Notilus,Ned,yes,PH8g-sISjcE,https://music.youtube.com/watch?v=PH8g-sISjcE,Ned,ytmusic,100.0,2026-09-04T01:22:10
Future Jazz,Notilus,Orgella,yes,ZBtaioyEbRw,https://music.youtube.com/watch?v=ZBtaioyEbRw,Orgella,ytmusic,100.0,2026-09-04T01:22:08
Future Jazz,Notilus,Pop Porn,yes,hcYZ42AOffA,https://music.youtube.com/watch?v=hcYZ42AOffA,Pop Porn,ytmusic,100.0,2026-09-04T01:22:05
Future Jazz,Notilus,Sapin,yes,6pQ2ItXJDDM,https://music.youtube.com/watch?v=6pQ2ItXJDDM,Sapin,ytmusic,100.0,2026-09-04T01:22:08
Future Jazz,Notilus,Tangerine,yes,VmzJKyRg_oI,https://music.youtube.com/watch?v=VmzJKyRg_oI,Tangerine,ytmusic,100.0,2026-09-04T01:22:04
Future Jazz,Notilus,Valse à Plumes,yes,ZR2fmNX0OvA,https://music.youtube.com/watch?v=ZR2fmNX0OvA,Valse à Plumes,ytmusic,100.0,2026-09-04T01:22:09
Future Jazz,Tate's Place,Burnin' (Jazzanova Remix),yes,_kFR3x2Ls-U,https://music.youtube.com/watch?v=_kFR3x2Ls-U,TATE'S PLACE - 17 Burnin' (Jazzanova Mix),ytmusic,89.85507246376811,2026-09-04T01:19:26
Future Jazz,Tate's Place,Burnin' (Original),yes,_kFR3x2Ls-U,https://music.youtube.com/watch?v=_kFR3x2Ls-U,TATE'S PLACE - 17 Burnin' (Jazzanova Mix),ytmusic,78.43137254901961,2026-09-04T01:19:24
Future Jazz,Tate's Place,Burnin' (Sound Boy Remix),yes,kEtpwGMcURs,https://music.youtube.com/watch?v=kEtpwGMcURs,09 - Tate's Place feat. July Dexter - Burnin' (Sound Boy remix),ytmusic,100.0,2026-09-04T01:19:25
Garage House,Body Clinic,E-Talking,yes,1donVmKJGs8,https://music.youtube.com/watch?v=1donVmKJGs8,E-Talking,ytmusic,100.0,2026-09-04T01:19:19
Garage House,Body Clinic,Give It To Me,yes,mZY5Rq9RMzA,https://music.youtube.com/watch?v=mZY5Rq9RMzA,Give It To Me,ytmusic,100.0,2026-09-04T01:19:17
Garage House,Body Clinic,Give It To Me (Baby Rollen Remix),yes,mZY5Rq9RMzA,https://music.youtube.com/watch?v=mZY5Rq9RMzA,Give It To Me,ytmusic,100.0,2026-09-04T01:19:18
Garage House,Body Clinic,Lost At Sea,yes,ZFgB9RhhjHY,https://music.youtube.com/watch?v=ZFgB9RhhjHY,Lost At Sea,ytmusic,100.0,2026-09-04T01:19:19
Garage House,Colonel Abrams,Trapped (A Cappella Version),yes,xfOHYh0j8Hg,https://music.youtube.com/watch?v=xfOHYh0j8Hg,Trapped,ytmusic,100.0,2026-09-04T01:22:03
Garage House,Colonel Abrams,Trapped (Dub Version),yes,msGN3CbYchs,https://music.youtube.com/watch?v=msGN3CbYchs,Trapped,ytmusic,100.0,2026-09-04T01:22:02
Garage House,Colonel Abrams,Trapped (Dub Version),yes,msGN3CbYchs,https://music.youtube.com/watch?v=msGN3CbYchs,Trapped,ytmusic,100.0,2026-09-04T01:22:02
Garage House,Colonel Abrams,Trapped (Vocal Version),yes,xfOHYh0j8Hg,https://music.youtube.com/watch?v=xfOHYh0j8Hg,Trapped,ytmusic,100.0,2026-09-04T01:22:02
Garage House,Colonel Abrams,Trapped (Vocal Version),yes,xfOHYh0j8Hg,https://music.youtube.com/watch?v=xfOHYh0j8Hg,Trapped,ytmusic,100.0,2026-09-04T01:22:02
Garage House,"Keraw, Marc Cotterell",2 Me (Instru-Me & U Mix),yes,oZdd7PC5BIA,https://music.youtube.com/watch?v=oZdd7PC5BIA,Keraw - 2 Me (Instru Me & U Mix),ytmusic,74.15730337078652,2026-09-04T01:17:17
Garage House,"Keraw, Marc Cotterell","Deeper District (12"" Mix)",yes,dRON9ZUwWRA,https://music.youtube.com/watch?v=dRON9ZUwWRA,"Deeper District (12"" Mix)",ytmusic,89.28571428571429,2026-09-04T01:17:16
Garage House,"Keraw, Marc Cotterell",Follow (Marc's 96's Classic Mix),yes,-9s9fLm6Vdk,https://music.youtube.com/watch?v=-9s9fLm6Vdk,Marc Cotterell Feat  Vanessa Jackson - Follow (Marc's 96's Classic Mix),ytmusic,93.06930693069307,2026-09-04T01:17:18
Garage House,"Keraw, Marc Cotterell",Slap Attack,yes,9nnGV3toFmc,https://music.youtube.com/watch?v=9nnGV3toFmc,Slap Attack,ytmusic,100.0,2026-09-04T01:17:18
Hands Up,tINI,2020,yes,JcJYzL_JooM,https://music.youtube.com/watch?v=JcJYzL_JooM,TINI TINI TINI - Show live Completo Esclusivo (Claro Session) 2020,ytmusic,100.0,2026-09-04T01:12:28
Hands Up,tINI,EX-PECT,yes,5_fW5bZA5Ag,https://music.youtube.com/watch?v=5_fW5bZA5Ag,tINI - EX-PECT,ytmusic,100.0,2026-09-04T01:12:26
Hands Up,tINI,Welcome Luz,yes,UP8rPb1RU7I,https://music.youtube.com/watch?v=UP8rPb1RU7I,tINI - a1. Welcome Luz,ytmusic,100.0,2026-09-04T01:12:26
Hands Up,tINI,What's Her Name?,yes,_uHgupjMf8w,https://music.youtube.com/watch?v=_uHgupjMf8w,tINI ~ What's Her Name? ~  Mood Waves ~ 2024,ytmusic,100.0,2026-09-04T01:12:27
Hard House,Overground Werx,Gonna Lose My Love (Prototype Remix),yes,Ss4q0YyTYcA,https://music.youtube.com/watch?v=Ss4q0YyTYcA,Overground Werx - Gonna Love My Love (Prototype Remix),ytmusic,94.94949494949495,2026-09-04T01:15:33
Hard House,Overground Werx,Gonna Lose My Love (Sundance Vocal Remix),yes,KX7TJrlq8xI,https://music.youtube.com/watch?v=KX7TJrlq8xI,Overground Werx - Gonna Lose My Love (Sundance Vocal Mix),ytmusic,93.45794392523365,2026-09-04T01:15:34
Hard House,Overground Werx,Gonna Lose My Love (The Generator Remix),yes,P8zS8_85gOU,https://music.youtube.com/watch?v=P8zS8_85gOU,Overground Werx - Gonna Lose My Love (Sundance Dub Mix),ytmusic,76.8,2026-09-04T01:15:34
Hard Trance,D-Noiser,Pump Up The Bass (House Ballroom Mix),yes,Z-i-Zc26sF4,https://music.youtube.com/watch?v=Z-i-Zc26sF4,D-NOISER - PUMP UP THE BASS (House Ballroom Mix),ytmusic,100.0,2026-09-04T01:14:05
Hard Trance,D-Noiser,Pump Up The Bass (Tekkno Mix),yes,NtQkyPwlDFY,https://music.youtube.com/watch?v=NtQkyPwlDFY,D-Noiser - Pump Up The Bass (Tekkno Mix) (Acid Trance 1995),ytmusic,100.0,2026-09-04T01:14:06
Hard Trance,D-Noiser,The House Of Pain (Wonder Mix),yes,HXXrffDZjoY,https://music.youtube.com/watch?v=HXXrffDZjoY,D-NOISER - THE HOUSE OF PAIN (WONDER MIX),ytmusic,100.0,2026-09-04T01:14:07
Hardcore,J-Zbel,Bertrand Au Mont D'Or,yes,mzCbZ68TqK0,https://music.youtube.com/watch?v=mzCbZ68TqK0,Bertrand au mont d'or,ytmusic,100.0,2026-09-04T01:11:09
Hardcore,J-Zbel,Check-In,yes,WQQ6BRWU4F8,https://music.youtube.com/watch?v=WQQ6BRWU4F8,Check-In,ytmusic,100.0,2026-09-04T01:11:06
Hardcore,J-Zbel,Diablo Verde Part. II,yes,MPEexaL-mU0,https://music.youtube.com/watch?v=MPEexaL-mU0,J-Zbel - Diablo Verde Part. II - Dog’s Fart Is So Bad That Cat Throws Up - BFDM020,ytmusic,100.0,2026-09-04T01:11:12
Hardcore,J-Zbel,Excremangue,yes,4axELLrP4qg,https://music.youtube.com/watch?v=4axELLrP4qg,Excremangue,ytmusic,100.0,2026-09-04T01:11:11
Hardcore,J-Zbel,Hardcore Jusqu'au PEF,yes,y3JWSsMsIi8,https://music.youtube.com/watch?v=y3JWSsMsIi8,Hardcore jusqu'au PEF,ytmusic,100.0,2026-09-04T01:11:06
Hardcore,J-Zbel,Le Riddim Du Bardouin,yes,6ywZMaW0czY,https://music.youtube.com/watch?v=6ywZMaW0czY,Le riddim du bardouin,ytmusic,100.0,2026-09-04T01:11:07
Hardcore,J-Zbel,Mortel Kombat,yes,Zc-SZYm9A5g,https://music.youtube.com/watch?v=Zc-SZYm9A5g,Mortal Kombat,ytmusic,95.0,2026-09-04T01:11:07
Hardcore,J-Zbel,Pardon Mouloud,yes,ceJAOla07WY,https://music.youtube.com/watch?v=ceJAOla07WY,Pardon mouloud,ytmusic,100.0,2026-09-04T01:11:11
Hardcore,J-Zbel,Rustie Le Clown,yes,fawH9f_UYrY,https://music.youtube.com/watch?v=fawH9f_UYrY,Rustie le clown,ytmusic,100.0,2026-09-04T01:11:09
Hardcore,J-Zbel,Sebulba,yes,GaOih2mc5NU,https://music.youtube.com/watch?v=GaOih2mc5NU,Sebulba (feat. Simo Cell),ytmusic,100.0,2026-09-04T01:11:10
Hardcore,J-Zbel,The J-Zbel Anthem,yes,8bRDvPhU3IY,https://music.youtube.com/watch?v=8bRDvPhU3IY,The J-Zbel Anthem,ytmusic,100.0,2026-09-04T01:11:12
Hardcore,J-Zbel,Tunnel Vision,yes,MG3TTKmJM1k,https://music.youtube.com/watch?v=MG3TTKmJM1k,Tunnel Vision,ytmusic,100.0,2026-09-04T01:11:08
Hip-House,ICE MC,Dolce Vita,yes,V1GjN5IVQsA,https://music.youtube.com/watch?v=V1GjN5IVQsA,Dolce Vita,ytmusic,100.0,2026-09-04T01:21:25
Hip-House,ICE MC,Peace,yes,8H2Jx8n10I0,https://music.youtube.com/watch?v=8H2Jx8n10I0,Peace,ytmusic,100.0,2026-09-04T01:21:24
House,"Alex Neri, Mennie",Find Me,yes,w_dLO7P7a-8,https://music.youtube.com/watch?v=w_dLO7P7a-8,Find Me,ytmusic,100.0,2026-09-04T01:18:13
House,"Alex Neri, Mennie",Reality,yes,D28yciAidSg,https://music.youtube.com/watch?v=D28yciAidSg,Reality,ytmusic,100.0,2026-09-04T01:18:13
House,"Alex Neri, Mennie",Rockets,yes,fH40zXMsS18,https://music.youtube.com/watch?v=fH40zXMsS18,Rockets,ytmusic,100.0,2026-09-04T01:18:14
House,"Alex Neri, Mennie",Watch Me,yes,xRWpJW-ySt8,https://music.youtube.com/watch?v=xRWpJW-ySt8,Watch Me,ytmusic,100.0,2026-09-04T01:18:15
House,Aloud,Rocky XIII (Extended Mix),yes,snts-ZjGGHg,https://music.youtube.com/watch?v=snts-ZjGGHg,Aloud - Rocky XIII (Extended Mix),ytmusic,100.0,2026-09-04T01:16:19
House,Aloud,Rocky XIII (Mylo Remix),yes,9JBKLF6XW-4,https://music.youtube.com/watch?v=9JBKLF6XW-4,Aloud - Rocky XIII (Mylo Remix),ytmusic,100.0,2026-09-04T01:16:19
House,Aloud,Sex & Sun Part III,yes,za3hneEpARk,https://music.youtube.com/watch?v=za3hneEpARk,Aloud – Sex & Sun Part III (Club Mix),ytmusic,100.0,2026-09-04T01:16:18
House,Angel Moraes,Tribal Function (Peter Bailey Final Remix),yes,TjIPnGeSfks,https://music.youtube.com/watch?v=TjIPnGeSfks,Angel Moraes - Tribal Function (Peter Bailey Final Remix),ytmusic,100.0,2026-09-04T01:16:49
House,Angel Moraes,Tribal Function (That Kid Chris Remix),yes,KIWTumgx7jo,https://music.youtube.com/watch?v=KIWTumgx7jo,Angel Moraes - A1 Tribal Function (That Kid Chris Remix)  (Tribal Function (Remixes) EP),ytmusic,100.0,2026-09-04T01:16:49
House,Antoine Clamaran,"Keep On Tryin' (12"" Vox Remix)",yes,sNOwR8Z_rko,https://music.youtube.com/watch?v=sNOwR8Z_rko,Antoine Clamaran feat. Emily Chick - Keep On Tryin' (12 Inch Vox Remix),ytmusic,94.38202247191012,2026-09-04T01:16:28
House,Antoine Clamaran,Keep On Tryin' (Original Club Mix),yes,dOcaRn0Ebxs,https://music.youtube.com/watch?v=dOcaRn0Ebxs,Antoine Clamaran – Keep On Tryin  (Original Club Mix),ytmusic,92.63157894736842,2026-09-04T01:16:26
House,Antoine Clamaran,Keep On Tryin' (Yohanne Simon Dub Remix),yes,ABpEkaSFGtM,https://music.youtube.com/watch?v=ABpEkaSFGtM,Antoine Clamaran feat. Emily Chick - Keep On Tryin' (Yohanne Simon Vocal Remix),ytmusic,96.36363636363636,2026-09-04T01:16:29
House,Antoine Clamaran,Keep On Tryin' (Yohanne Simon Vocal Remix),yes,ABpEkaSFGtM,https://music.youtube.com/watch?v=ABpEkaSFGtM,Antoine Clamaran feat. Emily Chick - Keep On Tryin' (Yohanne Simon Vocal Remix),ytmusic,100.0,2026-09-04T01:16:27
House,Atree,Smart Lock,yes,PQ2AtjeHNyQ,https://music.youtube.com/watch?v=PQ2AtjeHNyQ,Smart Lock,ytmusic,100.0,2026-09-04T01:18:18
House,Atree,Spirit Of The Hawk,yes,ZRvgNiBWLyg,https://music.youtube.com/watch?v=ZRvgNiBWLyg,Spirit of the Hawk,ytmusic,100.0,2026-09-04T01:18:16
House,Atree,Still Positive,yes,2qnVMUv64DE,https://music.youtube.com/watch?v=2qnVMUv64DE,Still Positive,ytmusic,100.0,2026-09-04T01:18:17
House,Atree,You Make Me Feel,yes,QKqwQ7lUy0o,https://music.youtube.com/watch?v=QKqwQ7lUy0o,You Make Me Feel,ytmusic,100.0,2026-09-04T01:18:17
House,Bee Cee,No Food (Beats),yes,2fABAyKMBTw,https://music.youtube.com/watch?v=2fABAyKMBTw,Bee Cee - No Food,ytmusic,78.94736842105263,2026-09-04T01:15:42
House,Bee Cee,No Food (Club Mix),yes,DLX8ZTuFCsI,https://music.youtube.com/watch?v=DLX8ZTuFCsI,Bee Cee no food club mix,ytmusic,77.41935483870968,2026-09-04T01:15:41
House,Bee Cee,No Food (Original Mix),yes,2fABAyKMBTw,https://music.youtube.com/watch?v=2fABAyKMBTw,Bee Cee - No Food,ytmusic,66.66666666666666,2026-09-04T01:15:41
House,Bingo Bango Bongo Collective,The Sweat (Bingo Bango Bongo Collective Original Mix),yes,pjeGXR5BoY4,https://music.youtube.com/watch?v=pjeGXR5BoY4,Bingo Bango Bongo Collective ‎-The Sweat - (Bingo Bango Bongo Collective Original Mix),ytmusic,96.49122807017544,2026-09-04T01:13:55
House,Bingo Bango Bongo Collective,The Sweat (Funky Disco & The Nu Groove Remix),yes,hf2hNL64saM,https://music.youtube.com/watch?v=hf2hNL64saM,Bingo Bango Bongo,ytmusic,85.0,2026-09-04T01:13:54
House,Bingo Bango Bongo Collective,The Sweat (Funky Disco's Wizz-ard Mix),yes,LuV45Yllf4k,https://music.youtube.com/watch?v=LuV45Yllf4k,Bingo Bango Bongo Collective - The Sweat (Funky Discos Wizz-ard Mix),ytmusic,93.65079365079364,2026-09-04T01:13:56
House,Bingo Bango Bongo Collective,The Sweat (Hard 2 Dance Remix),yes,2ERMoZMm_ls,https://music.youtube.com/watch?v=2ERMoZMm_ls,Bingo Bango Bongo Collective - The Sweat (Hard 2 Dance Remix),ytmusic,100.0,2026-09-04T01:13:57
House,Black Traxx,Dance Forever,yes,6unCx5U6hcY,https://music.youtube.com/watch?v=6unCx5U6hcY,Black Traxx - Dance Forever,ytmusic,100.0,2026-09-04T01:17:02
House,Black Traxx,Doctor's Housecall,yes,UJb28J4ByJk,https://music.youtube.com/watch?v=UJb28J4ByJk,Doctor's Housecall,ytmusic,100.0,2026-09-04T01:16:59
House,Black Traxx,Everything,yes,_5CXdeuDZ8U,https://music.youtube.com/watch?v=_5CXdeuDZ8U,Black Traxx 3 - Everything - 1992,ytmusic,100.0,2026-09-04T01:16:59
House,Black Traxx,Nite Dance,yes,pX_iBz8_g0Y,https://music.youtube.com/watch?v=pX_iBz8_g0Y,Black Traxx 3 - Nite Dance,ytmusic,100.0,2026-09-04T01:17:01
House,Black Traxx,S.A.D. (Tribal Mix),yes,C8sbmUKoJfY,https://music.youtube.com/watch?v=C8sbmUKoJfY,Black Traxx ‎– S.A.D. (Tribal Mix),ytmusic,100.0,2026-09-04T01:17:03
House,Black Traxx,Your Mind Is So Crazy,yes,XSUlVf050ZI,https://music.youtube.com/watch?v=XSUlVf050ZI,Your Mind Is So Crazy (Extended Mix),ytmusic,100.0,2026-09-04T01:17:00
House,Body Clinic,E-Talking,yes,1donVmKJGs8,https://music.youtube.com/watch?v=1donVmKJGs8,E-Talking,ytmusic,100.0,2026-09-04T01:19:19
House,Body Clinic,Give It To Me,yes,mZY5Rq9RMzA,https://music.youtube.com/watch?v=mZY5Rq9RMzA,Give It To Me,ytmusic,100.0,2026-09-04T01:19:17
House,Body Clinic,Give It To Me (Baby Rollen Remix),yes,mZY5Rq9RMzA,https://music.youtube.com/watch?v=mZY5Rq9RMzA,Give It To Me,ytmusic,100.0,2026-09-04T01:19:18
House,Body Clinic,Lost At Sea,yes,ZFgB9RhhjHY,https://music.youtube.com/watch?v=ZFgB9RhhjHY,Lost At Sea,ytmusic,100.0,2026-09-04T01:19:19
House,Boogie Buffet,Back 2 Boogie (Acid Burns Mix),yes,gyS7-3l02Gs,https://music.youtube.com/watch?v=gyS7-3l02Gs,Boogie Buffet - Back 2 Boogie (Acid Burns Mix),ytmusic,100.0,2026-09-04T01:15:48
House,Boogie Buffet,Back 2 Boogie (Deeper Mix),yes,BSLwkFogOjY,https://music.youtube.com/watch?v=BSLwkFogOjY,Back 2 Boogie (Revival Mix),ytmusic,86.20689655172414,2026-09-04T01:15:48
House,Boogie Buffet,Back 2 Boogie (Revival Mix),yes,BSLwkFogOjY,https://music.youtube.com/watch?v=BSLwkFogOjY,Back 2 Boogie (Revival Mix),ytmusic,100.0,2026-09-04T01:15:46
House,Boogie Buffet,Back 2 Boogie (Revival Re Edit),yes,BSLwkFogOjY,https://music.youtube.com/watch?v=BSLwkFogOjY,Back 2 Boogie (Revival Mix),ytmusic,92.06349206349206,2026-09-04T01:15:47
House,Boomshanka,Do What You Wanna Do (Blemished Mix),yes,54HZflJH4Qk,https://music.youtube.com/watch?v=54HZflJH4Qk,Boomshanka – Do What You Wanna Do (Blemished Mix),ytmusic,100.0,2026-09-04T01:14:00
House,Boomshanka,Do What You Wanna Do (Hyper Dub),yes,HXgIi9Ys4zA,https://music.youtube.com/watch?v=HXgIi9Ys4zA,AA - Boomshanka - Do What You Wanna Do (Hyper Dub),ytmusic,100.0,2026-09-04T01:14:02
House,Boomshanka,Do What You Wanna Do (Snake Dub),yes,wGk5dlu0AB0,https://music.youtube.com/watch?v=wGk5dlu0AB0,Boomshanka - Do What U Wanna Do (Snake Dub),ytmusic,94.73684210526315,2026-09-04T01:14:01
House,Calvin Stones,Celebrate,yes,QA0YCo8yI-I,https://music.youtube.com/watch?v=QA0YCo8yI-I,Calvin Stones 3 - Celebrate,ytmusic,100.0,2026-09-04T01:13:53
House,Calvin Stones,Disco Stretch,yes,Vm8cl8o7pJs,https://music.youtube.com/watch?v=Vm8cl8o7pJs,Calvin Stones 3 - Disco Stretch,ytmusic,100.0,2026-09-04T01:13:52
House,Calvin Stones,Karma,yes,i3mE-Y6rj_E,https://music.youtube.com/watch?v=i3mE-Y6rj_E,Calvin Stones 3 - Karma,ytmusic,100.0,2026-09-04T01:13:54
House,Cam Stockman,Chicktikka,yes,HuSBtJ33LT8,https://music.youtube.com/watch?v=HuSBtJ33LT8,Chicktikka,ytmusic,100.0,2026-09-04T01:18:52
House,Cam Stockman,Dreams In The RS,yes,lyGjxWvMACM,https://music.youtube.com/watch?v=lyGjxWvMACM,Dreams In The RS,ytmusic,100.0,2026-09-04T01:18:51
House,Cam Stockman,The Acceptance Speech,yes,li62882C4Sw,https://music.youtube.com/watch?v=li62882C4Sw,The Acceptance Speech,ytmusic,100.0,2026-09-04T01:18:53
House,Cam Stockman,Useless,yes,FqG5VmjPKkI,https://music.youtube.com/watch?v=FqG5VmjPKkI,Useless,ytmusic,100.0,2026-09-04T01:18:52
House,Carl A. Finlow,Count On It,yes,I9WPoiECGRk,https://music.youtube.com/watch?v=I9WPoiECGRk,Count On It,ytmusic,100.0,2026-09-04T01:18:46
House,Carl A. Finlow,Count On It (Noha Count On Me remix),yes,I9WPoiECGRk,https://music.youtube.com/watch?v=I9WPoiECGRk,Count On It,ytmusic,100.0,2026-09-04T01:18:48
House,Carl A. Finlow,Reprise,yes,8AkNOTItM2U,https://music.youtube.com/watch?v=8AkNOTItM2U,Reprise,ytmusic,100.0,2026-09-04T01:18:46
House,Carl A. Finlow,Reprise (Noha Reprize edit),yes,8nUYJLtBkpw,https://music.youtube.com/watch?v=8nUYJLtBkpw,Reprise,ytmusic,100.0,2026-09-04T01:18:47
House,"Cesare Muraca, Aymeric",365 Days,yes,nKuvinxp06Y,https://music.youtube.com/watch?v=nKuvinxp06Y,Cesare Muraca - 365 Days,ytmusic,68.65671641791045,2026-09-04T01:11:14
House,"Cesare Muraca, Aymeric",Funky Things,yes,7ajmkib0R0M,https://music.youtube.com/watch?v=7ajmkib0R0M,Aymeric - Funky Things,ytmusic,74.07407407407408,2026-09-04T01:11:15
House,"Cesare Muraca, Aymeric",Initial Commit,yes,KzCc8sLZdZM,https://music.youtube.com/watch?v=KzCc8sLZdZM,Aymeric - Initial Commit,ytmusic,75.86206896551724,2026-09-04T01:11:14
House,"Cesare Muraca, Aymeric",Possibilities,yes,_SqWMXMpXjc,https://music.youtube.com/watch?v=_SqWMXMpXjc,Cesare Muraca - Possibilities,ytmusic,72.72727272727272,2026-09-04T01:11:13
House,"Cesare Muraca, Aymeric",Tasty Bonus,yes,U04PMWOZUhk,https://music.youtube.com/watch?v=U04PMWOZUhk,Aymeric - Tasty Bonus,ytmusic,73.07692307692308,2026-09-04T01:11:16
House,Charonne,Ghostface Lova,yes,JP9OxAhv1uA,https://music.youtube.com/watch?v=JP9OxAhv1uA,Charonne - Ghostface Lova [VS005],ytmusic,100.0,2026-09-04T01:18:26
House,Charonne,Girl,yes,AqPsUKnVi_c,https://music.youtube.com/watch?v=AqPsUKnVi_c,Charonne - Girl [VS005],ytmusic,100.0,2026-09-04T01:18:27
House,Charonne,Heavy Metal,yes,7EFgfbg6bVA,https://music.youtube.com/watch?v=7EFgfbg6bVA,Charonne - Heavy Metal [VS005],ytmusic,100.0,2026-09-04T01:18:25
House,Charonne,Lunatic Boogie,yes,Atb52--lhUE,https://music.youtube.com/watch?v=Atb52--lhUE,Lunatic,ytmusic,100.0,2026-09-04T01:18:26
House,Coburn,We Interrupt This Program (Einmusik Remix),yes,Z4HiC_gMcF4,https://music.youtube.com/watch?v=Z4HiC_gMcF4,We Interrupt This Program (Einmusik Remix),ytmusic,100.0,2026-09-04T01:16:17
House,Coburn,We Interrupt This Program (Interrupted Vocal Mix),yes,wJm9kbQFO9c,https://music.youtube.com/watch?v=wJm9kbQFO9c,We Interrupt This Program (Interrupted Vocal Mix),ytmusic,100.0,2026-09-04T01:16:16
House,Connor Mikami,Foolish Human,yes,x-AMu1UYYX8,https://music.youtube.com/watch?v=x-AMu1UYYX8,Connor Mikami – Foolish Human,ytmusic,100.0,2026-09-04T01:11:57
House,Connor Mikami,January Blues,yes,otZJrby424w,https://music.youtube.com/watch?v=otZJrby424w,Connor Mikami & Michi – January Blues,ytmusic,100.0,2026-09-04T01:11:56
House,Connor Mikami,None Of My Friends Are Normal,yes,6q3I_j1Oguo,https://music.youtube.com/watch?v=6q3I_j1Oguo,Connor Mikami - None Of My Friends Are Normal [IYKYK004],ytmusic,100.0,2026-09-04T01:11:58
House,Connor Mikami,Zigon,yes,6RiyTtEzBEQ,https://music.youtube.com/watch?v=6RiyTtEzBEQ,Connor Mikami - Zigon  [IYKYK004],ytmusic,100.0,2026-09-04T01:11:57
House,Cowgum,Filthy & Raw,yes,dk_W4iapxNo,https://music.youtube.com/watch?v=dk_W4iapxNo,Press The Issue ft Raw Dawg Filthy & Ken Masters (Official Video),ytmusic,77.41935483870968,2026-09-04T01:16:36
House,D.O.P.,Oh Yeah (Murk Boys Mix),yes,YoBci5ottgY,https://music.youtube.com/watch?v=YoBci5ottgY,Oh Yeah (MURK Boys Mix),ytmusic,100.0,2026-09-04T01:15:38
House,D.O.P.,Oh Yeah (Oscar G's Mix),yes,sDOX3wppk5w,https://music.youtube.com/watch?v=sDOX3wppk5w,Oh Yeah (Oscar G's Mix),ytmusic,100.0,2026-09-04T01:15:39
House,D.O.P.,Oh Yeah (The Chameleon Dub),yes,TpmZgTT-E4U,https://music.youtube.com/watch?v=TpmZgTT-E4U,Oh Yeah (The Chameleon Dub),ytmusic,100.0,2026-09-04T01:15:40
House,D.O.P.,Oh Yeah (The Chameleon Mix),yes,BouKUOi-KgQ,https://music.youtube.com/watch?v=BouKUOi-KgQ,Oh Yeah (The Chameleon Mix),ytmusic,100.0,2026-09-04T01:15:39
House,DJ Chus,Get Funky (Kadoc Remix),yes,X8C_G8YP3cw,https://music.youtube.com/watch?v=X8C_G8YP3cw,DJ Chus - Get Funky (Kadoc Remix) (1997),ytmusic,100.0,2026-09-04T01:15:51
House,DJ Chus,Get Funky (Original Disko Influence),yes,INmkDRT48LY,https://music.youtube.com/watch?v=INmkDRT48LY,KADOC Featuring Dj Chus - Get Funky (Original Disko Influence) - 1997,ytmusic,100.0,2026-09-04T01:15:50
House,DJ Chus,Get Funky (Polaris Tribe Attack),yes,1NpbVKFKyu0,https://music.youtube.com/watch?v=1NpbVKFKyu0,Get Get Funky,ytmusic,82.75862068965517,2026-09-04T01:15:52
House,"DJ Gamba, Adrien Calvet",Soleil,yes,QV9L14JRD98,https://music.youtube.com/watch?v=QV9L14JRD98,[New Vinyl Release] DJ Gamba & Adrien Calvet – Stay At Home Ebi,ytmusic,69.56521739130434,2026-09-04T01:18:35
House,"DJ Gamba, Adrien Calvet",Summer of 05,yes,0La_SeziRgg,https://music.youtube.com/watch?v=0La_SeziRgg,Summer of 05,ytmusic,100.0,2026-09-04T01:18:35
House,"DJ Gamba, Adrien Calvet","Toi, Mon Rêve",yes,g_D6ogTop-Y,https://music.youtube.com/watch?v=g_D6ogTop-Y,"DJ Gamba - Toi, Mon Rêve",ytmusic,75.0,2026-09-04T01:18:33
House,"DJ Gamba, Adrien Calvet",Trafalgar Square,yes,TCrBqeHlOrE,https://music.youtube.com/watch?v=TCrBqeHlOrE,Trafalgar Square,ytmusic,100.0,2026-09-04T01:18:34
House,Dan Ghenacia,Ravehouse,yes,amvxxSe18D4,https://music.youtube.com/watch?v=amvxxSe18D4,Dan Ghenacia - Ravehouse,ytmusic,100.0,2026-09-04T01:17:46
House,Dan Ghenacia,Rolanda,yes,4EFI2DdsGV8,https://music.youtube.com/watch?v=4EFI2DdsGV8,Dan Ghenacia - Rolanda,ytmusic,100.0,2026-09-04T01:17:46
House,Dan Ghenacia,Sydney 23,yes,OUG4OwpArcw,https://music.youtube.com/watch?v=OUG4OwpArcw,[DIG] Dan Ghenacia - Sydney 23,ytmusic,100.0,2026-09-04T01:17:45
House,Dannii Minogue,This Is It (Alternative Mix),yes,-v9aaShZ0X4,https://music.youtube.com/watch?v=-v9aaShZ0X4,This Is It,ytmusic,100.0,2026-09-04T01:16:02
House,Dannii Minogue,This Is It (Dannii Got Murked Mix),yes,-v9aaShZ0X4,https://music.youtube.com/watch?v=-v9aaShZ0X4,This Is It,ytmusic,100.0,2026-09-04T01:15:59
House,Dannii Minogue,This Is It (Doc & Baron Freestyle Remix),yes,L-Zkt9kVZww,https://music.youtube.com/watch?v=L-Zkt9kVZww,This Is It (Doc & Baron Freestyle Remix),ytmusic,100.0,2026-09-04T01:16:01
House,Dannii Minogue,This Is It (Extended Version),yes,-v9aaShZ0X4,https://music.youtube.com/watch?v=-v9aaShZ0X4,This Is It,ytmusic,100.0,2026-09-04T01:16:00
House,Dannii Minogue,This Is It (Miami Heat Mix),yes,-v9aaShZ0X4,https://music.youtube.com/watch?v=-v9aaShZ0X4,This Is It,ytmusic,100.0,2026-09-04T01:16:03
House,Dannii Minogue,This Is It (Vapor Rub Dub),yes,-v9aaShZ0X4,https://music.youtube.com/watch?v=-v9aaShZ0X4,This Is It,ytmusic,100.0,2026-09-04T01:16:01
House,Danny Howells,Throb,yes,6lVYZo0-noI,https://music.youtube.com/watch?v=6lVYZo0-noI,Throb,ytmusic,100.0,2026-09-04T01:15:22
House,Danny Howells,Thrunk,yes,WE09w2Wyzf8,https://music.youtube.com/watch?v=WE09w2Wyzf8,Thrunk,ytmusic,100.0,2026-09-04T01:15:22
House,Data Memory Access,Atmosfear,yes,dAUT_NQOqA0,https://music.youtube.com/watch?v=dAUT_NQOqA0,Atmosfear (feat. Giammarco Orsini & Jacopo Latini),ytmusic,100.0,2026-09-04T01:12:34
House,Data Memory Access,DR. Esse,yes,dSrho_hv6LI,https://music.youtube.com/watch?v=dSrho_hv6LI,Data Memory Access - DR. Esse,ytmusic,100.0,2026-09-04T01:12:32
House,Data Memory Access,Neukölln,yes,GsMGo-oBhJk,https://music.youtube.com/watch?v=GsMGo-oBhJk,Neukölln (Live) (feat. Giammarco Orsini & Jacopo Latini),ytmusic,100.0,2026-09-04T01:13:14
House,Data Memory Access,Powah,yes,6Lk6q105F5E,https://music.youtube.com/watch?v=6Lk6q105F5E,Powah (Live) (feat. Giammarco Orsini & Jacopo Latini),ytmusic,100.0,2026-09-04T01:13:12
House,Data Memory Access,Reflexion,yes,QHE0-36OuiU,https://music.youtube.com/watch?v=QHE0-36OuiU,Reflexion (Live) (feat. Jacopo Latini & Giammarco Orsini),ytmusic,100.0,2026-09-04T01:13:14
House,Data Memory Access,Running Around,yes,5lXogOpz8B4,https://music.youtube.com/watch?v=5lXogOpz8B4,Running Around (feat. Giammarco Orsini & Jacopo Latini),ytmusic,100.0,2026-09-04T01:12:32
House,Data Memory Access,Slam Jam,yes,PwvUCRum27E,https://music.youtube.com/watch?v=PwvUCRum27E,Slam Jam (feat. Jacopo Latini & Giammarco Orsini),ytmusic,100.0,2026-09-04T01:12:33
House,Data Memory Access,We are,yes,FP7mqei-ipg,https://music.youtube.com/watch?v=FP7mqei-ipg,We Are (Live) (feat. Jacopo Latini & Giammarco Orsini),ytmusic,100.0,2026-09-04T01:13:13
House,Dauwd,SpaceSamba (Huerta Remix),yes,cb2xkHE45II,https://music.youtube.com/watch?v=cb2xkHE45II,SpaceSamba (Huerta Remix),ytmusic,100.0,2026-09-04T01:17:34
House,Dauwd,SpaceSamba (Live Mix),yes,LvF_qdbzKos,https://music.youtube.com/watch?v=LvF_qdbzKos,SpaceSamba,ytmusic,100.0,2026-09-04T01:17:33
House,Dauwd,The Yuzer (Aubrey's Solid Groove Mix),yes,6k8FG0QQG3s,https://music.youtube.com/watch?v=6k8FG0QQG3s,The Yuzer,ytmusic,100.0,2026-09-04T01:17:35
House,Dauwd,The Yuzer (DJ Plead),yes,6k8FG0QQG3s,https://music.youtube.com/watch?v=6k8FG0QQG3s,The Yuzer,ytmusic,100.0,2026-09-04T01:17:32
House,Dauwd,The Yuzer (Dub Mix),yes,6k8FG0QQG3s,https://music.youtube.com/watch?v=6k8FG0QQG3s,The Yuzer,ytmusic,100.0,2026-09-04T01:17:34
House,Deja Vu,Why Why Why (Déja Dub),yes,udTPA-oz78Q,https://music.youtube.com/watch?v=udTPA-oz78Q,Why Why Why,ytmusic,100.0,2026-09-04T01:13:33
House,Deja Vu,Why Why Why (Déja Vu Club Mix),yes,udTPA-oz78Q,https://music.youtube.com/watch?v=udTPA-oz78Q,Why Why Why,ytmusic,100.0,2026-09-04T01:13:32
House,Deja Vu,Why Why Why (H.A.L.F. Acid Workout),yes,1WWSmkX4F10,https://music.youtube.com/watch?v=1WWSmkX4F10,DEJA VU - WHY WHY WHY (H.A.L.F. ACID WORKOUT),ytmusic,100.0,2026-09-04T01:13:35
House,Deja Vu,Why Why Why (Rolo's Alternative Mix),yes,81YSMBuui3A,https://music.youtube.com/watch?v=81YSMBuui3A,DEJA VU - WHY WHY WHY (ROLO'S ALTERNATIVE MIX),ytmusic,100.0,2026-09-04T01:13:34
House,Digitalism,4th Floor,yes,BvS8TCNQaKE,https://music.youtube.com/watch?v=BvS8TCNQaKE,4th Floor,ytmusic,100.0,2026-09-04T01:17:25
House,Digitalism,Chicagostrasse,yes,LxJpfGTjYNM,https://music.youtube.com/watch?v=LxJpfGTjYNM,Chicagostrasse,ytmusic,100.0,2026-09-04T01:17:25
House,Digitalism,Empty Warehaus,yes,usMIb5dF5Cs,https://music.youtube.com/watch?v=usMIb5dF5Cs,Empty Warehaus,ytmusic,100.0,2026-09-04T01:17:26
House,Digitalism,Haus It Going,yes,YfMZwww9-tY,https://music.youtube.com/watch?v=YfMZwww9-tY,Haus It Going (Extended Version),ytmusic,100.0,2026-09-04T01:17:23
House,Digitalism,Warehaus,yes,k1WXhFs57Sc,https://music.youtube.com/watch?v=k1WXhFs57Sc,Warehaus,ytmusic,100.0,2026-09-04T01:17:24
House,Djinxx,212,yes,EfTHYn6x9PU,https://music.youtube.com/watch?v=EfTHYn6x9PU,212,ytmusic,100.0,2026-09-04T01:10:32
House,Djinxx,Electric City,yes,GkjzStwoYk8,https://music.youtube.com/watch?v=GkjzStwoYk8,Djinxx - Electric City,ytmusic,100.0,2026-09-04T01:10:34
House,Djinxx,Not Bio,yes,x5oTpZq5J2o,https://music.youtube.com/watch?v=x5oTpZq5J2o,Not Bio,ytmusic,100.0,2026-09-04T01:10:33
House,Djinxx,Soul Savana,yes,XL6YDwUvBTc,https://music.youtube.com/watch?v=XL6YDwUvBTc,Soul Savana,ytmusic,100.0,2026-09-04T01:10:34
House,Djinxx,The Show,yes,07CvoYvMnZ8,https://music.youtube.com/watch?v=07CvoYvMnZ8,Djinxx - The Show,ytmusic,100.0,2026-09-04T01:10:32
House,Doctor Love,Stay Out All Night (Dr. Drums Mix),yes,5kY3OEaaNds,https://music.youtube.com/watch?v=5kY3OEaaNds,Doctor Love,ytmusic,100.0,2026-09-04T01:16:53
House,Doctor Love,Stay Out All Night (Jose's All Night Long Groove),yes,E6zrT1YlkVU,https://music.youtube.com/watch?v=E6zrT1YlkVU,Doctor Love - Stay Out All Night (Jose's All Night Long Groove),ytmusic,100.0,2026-09-04T01:16:52
House,Doctor Love,Stay Out All Night (Radio Version),yes,pRnL33fob7s,https://music.youtube.com/watch?v=pRnL33fob7s,Doctor Love ft Miko - Stay Out All Night (Jose's All Night Long Groove) [1996],ytmusic,78.94736842105263,2026-09-04T01:16:52
House,Doctor Love,Stay Out All Night (Stay Out Vocal Mix),yes,AwUiAY0DyLY,https://music.youtube.com/watch?v=AwUiAY0DyLY,Doctor Love feat. Miko - Stay Out All Night (Stay Out Vocal Mix),ytmusic,100.0,2026-09-04T01:16:51
House,E.T.I.,Lookout (On Tha Fly Mix),yes,OeshHn-Fq2A,https://music.youtube.com/watch?v=OeshHn-Fq2A,E.T.I. - Lookout (On Tha Fly Mix) [AGT Records – AGTE03],ytmusic,100.0,2026-09-04T01:17:20
House,E.T.I.,Lookout (Tha Luv Bomb Mix),yes,BYgDXnu1-0Y,https://music.youtube.com/watch?v=BYgDXnu1-0Y,E.T.I. - Lookout (Tha Luv Bomb Mix),ytmusic,100.0,2026-09-04T01:17:19
House,"Eden Burns, Tubbs",Made Of Brass,yes,aDYxgLJ2ySM,https://music.youtube.com/watch?v=aDYxgLJ2ySM,Made Of Brass,ytmusic,100.0,2026-09-04T01:17:22
House,"Eden Burns, Tubbs",Shaker,yes,fBqOkbjWzdQ,https://music.youtube.com/watch?v=fBqOkbjWzdQ,Shaker,ytmusic,100.0,2026-09-04T01:17:20
House,"Eden Burns, Tubbs",Timmy's Dream (Monday 5am Mix),yes,A1fUCulLVAI,https://music.youtube.com/watch?v=A1fUCulLVAI,Timmy's Dream (Monday 5am Mix),ytmusic,100.0,2026-09-04T01:17:22
House,"Eden Burns, Tubbs",Timmy's Dream (Ritual Dub),yes,8k7pSkeLxiE,https://music.youtube.com/watch?v=8k7pSkeLxiE,Timmy's Dream (Ritual Dub),ytmusic,100.0,2026-09-04T01:17:21
House,"Elijah Something, Nathan Alzon",Heat Don't Stop (Original Mix),yes,hXSdw4rYi2Q,https://music.youtube.com/watch?v=hXSdw4rYi2Q,Hot Stuff,ytmusic,70.58823529411765,2026-09-04T01:19:22
House,"Elijah Something, Nathan Alzon",Heat Don't Stop (Wilba's Sloopaholic Mix),no,,,,none,0.0,2026-09-04T01:59:56
House,"Elijah Something, Nathan Alzon",I've Got The Funk (Monica Venturella Remix),no,,,,none,0.0,2026-09-04T01:59:54
House,"Elijah Something, Nathan Alzon",I've Got The Funk (Original Mix),yes,wt2mnDEwXvA,https://music.youtube.com/watch?v=wt2mnDEwXvA,Elijah Something & Nathan Alzon - I Got The Funk [TP002],ytmusic,72.44094488188976,2026-09-04T01:19:20
House,Erick Morillo,Break Down The Doors (David Morales Stereo Dub),yes,2yY5DA9nPnA,https://music.youtube.com/watch?v=2yY5DA9nPnA,Break Down The Doors (David Morales Club Mix),ytmusic,89.0909090909091,2026-09-04T01:16:12
House,Erick Morillo,Break Down The Doors (David Morales Stereo Mix),yes,2yY5DA9nPnA,https://music.youtube.com/watch?v=2yY5DA9nPnA,Break Down The Doors (David Morales Club Mix),ytmusic,93.91304347826087,2026-09-04T01:16:11
House,Eversines,Achterna,yes,NXhCEDSf8ZI,https://music.youtube.com/watch?v=NXhCEDSf8ZI,Achterna,ytmusic,100.0,2026-09-04T01:17:06
House,Eversines,Achterna (Eris Drew Remix),yes,4pd8LdG0NQc,https://music.youtube.com/watch?v=4pd8LdG0NQc,Achterna (Eris Drew Remix) (feat. Eris Drew),ytmusic,100.0,2026-09-04T01:17:08
House,Eversines,Eens,yes,MrDa40o9j8o,https://music.youtube.com/watch?v=MrDa40o9j8o,Eens,ytmusic,100.0,2026-09-04T01:17:07
House,Eversines,Uitzicht,yes,4Tu0PuUEYnA,https://music.youtube.com/watch?v=4Tu0PuUEYnA,Uitzicht,ytmusic,100.0,2026-09-04T01:17:08
House,F.H.R,Free (Mix 2),no,,,,none,0.0,2026-09-04T01:59:41
House,F.H.R,Free-House Rocker (Mix 1),yes,eHUtnb0DXkI,https://music.youtube.com/watch?v=eHUtnb0DXkI,F.H.R. - Free House Rocker,ytmusic,65.71428571428572,2026-09-04T01:16:54
House,Felix Da Housecat,Like Something 4 Porno! (Armand Van Helden Remix),yes,Ucrw6XcMGh8,https://music.youtube.com/watch?v=Ucrw6XcMGh8,Like Something 4 Porno! (Teenage Bad Girl Remix),ytmusic,84.21052631578948,2026-09-04T01:16:35
House,Felix Da Housecat,Like Something 4 Porno! (Kris Menace Remix),yes,HVp2EA6e1ao,https://music.youtube.com/watch?v=HVp2EA6e1ao,Like Something 4 Porno!,ytmusic,100.0,2026-09-04T01:16:34
House,Felix Da Housecat,Like Something 4 Porno! (Teenage Bad Girl Remix),yes,Ucrw6XcMGh8,https://music.youtube.com/watch?v=Ucrw6XcMGh8,Like Something 4 Porno! (Teenage Bad Girl Remix),ytmusic,100.0,2026-09-04T01:16:34
House,Felix Da Housecat,Pretty Girls Don't Dance (What Should I Do?),yes,mZT4tjG06DU,https://music.youtube.com/watch?v=mZT4tjG06DU,Pretty Girls Don't Dance,ytmusic,100.0,2026-09-04T01:16:36
House,"Film Noir, Princess Julia",Out Of My Box (Accapella),yes,LhCQejWjNb8,https://music.youtube.com/watch?v=LhCQejWjNb8,Out Of My Box,ytmusic,100.0,2026-09-04T01:10:00
House,"Film Noir, Princess Julia",Out Of My Box (DJ Antoine's Photomontage),yes,LhCQejWjNb8,https://music.youtube.com/watch?v=LhCQejWjNb8,Out Of My Box,ytmusic,100.0,2026-09-04T01:09:59
House,"Film Noir, Princess Julia",Out Of My Box (Director's Cut),yes,mZhHyuDa1pc,https://music.youtube.com/watch?v=mZhHyuDa1pc,Out of My Box (Acapella),ytmusic,83.58208955223881,2026-09-04T01:09:58
House,"Film Noir, Princess Julia",Out Of My Box (Physique's Smokescreen Footage),yes,LhCQejWjNb8,https://music.youtube.com/watch?v=LhCQejWjNb8,Out Of My Box,ytmusic,100.0,2026-09-04T01:09:58
House,Finitribe,Forevergreen (Forever Egocentric Instrumental Mix),yes,IBI9Xcfugyk,https://music.youtube.com/watch?v=IBI9Xcfugyk,Forevergreen,ytmusic,100.0,2026-09-04T01:10:53
House,Finitribe,Forevergreen (Forever Egocentric Vocal Edit),yes,IBI9Xcfugyk,https://music.youtube.com/watch?v=IBI9Xcfugyk,Forevergreen,ytmusic,100.0,2026-09-04T01:10:54
House,Finitribe,Forevergreen (Forever Most Excellent Mix),yes,IBI9Xcfugyk,https://music.youtube.com/watch?v=IBI9Xcfugyk,Forevergreen,ytmusic,100.0,2026-09-04T01:10:53
House,Future Breeze,Read My Lips,yes,pEc0Ke-8XqM,https://music.youtube.com/watch?v=pEc0Ke-8XqM,Read My Lips,ytmusic,100.0,2026-09-04T01:14:02
House,Future Breeze,Read My Lips (Future Breeze Remix),yes,pEc0Ke-8XqM,https://music.youtube.com/watch?v=pEc0Ke-8XqM,Read My Lips,ytmusic,100.0,2026-09-04T01:14:03
House,Gogo Gadgeto,Bigger Better,yes,RxMIMQ0QWR0,https://music.youtube.com/watch?v=RxMIMQ0QWR0,Gogo Gadgeto - Bigger Better [KRAFTPHUNK001],ytmusic,100.0,2026-09-04T01:19:02
House,Gogo Gadgeto,Camille,yes,DbRM-h-NgKM,https://music.youtube.com/watch?v=DbRM-h-NgKM,Gogo Gadgeto - Camille [KRAFTPHUNK001],ytmusic,100.0,2026-09-04T01:19:01
House,Gogo Gadgeto,Funky Evil,yes,2E6hn2zAuFg,https://music.youtube.com/watch?v=2E6hn2zAuFg,Gogo Gadgeto - Funky Evil [KRAFTPHUNK001],ytmusic,100.0,2026-09-04T01:19:03
House,Gogo Gadgeto,Romantic Rights,yes,hr1Re625MHs,https://music.youtube.com/watch?v=hr1Re625MHs,Gogo Gadgeto - Romantic Rights [KRAFTPHUNK001],ytmusic,100.0,2026-09-04T01:19:02
House,"Gorillaz, Nelly Furtado",Dare (Remix),yes,nVq_Gua4wsQ,https://music.youtube.com/watch?v=nVq_Gua4wsQ,Maneater,ytmusic,74.28571428571428,2026-09-04T01:16:29
House,"Gorillaz, Nelly Furtado",Maneater (Remix),yes,nVq_Gua4wsQ,https://music.youtube.com/watch?v=nVq_Gua4wsQ,Maneater,ytmusic,100.0,2026-09-04T01:16:30
House,Greed,Pump Up The Volume (DMC Remix),yes,5MWRfkjhoFo,https://music.youtube.com/watch?v=5MWRfkjhoFo,Greed – Pump Up The Volume (DMC Remix),ytmusic,100.0,2026-09-04T01:15:50
House,Greed,Pump Up The Volume (Original Mix),yes,3eiSDCXacIM,https://music.youtube.com/watch?v=3eiSDCXacIM,Greed - Pump Up The Volume (Original DMC Mix),ytmusic,100.0,2026-09-04T01:15:49
House,"Groovecult, Safiye",Bang To The Beat (Chris Kain Mix),yes,rMQr39MB2Zk,https://music.youtube.com/watch?v=rMQr39MB2Zk,Groovecult Feat. Safiye – Bang To The Beat (Chris Kain Mix),ytmusic,86.95652173913044,2026-09-04T01:16:33
House,"Groovecult, Safiye",Bang To The Beat (Planet-E Team) (Club Mix),yes,lfdiWRxxV5k,https://music.youtube.com/watch?v=lfdiWRxxV5k,Groovecult Feat. Safiye – Bang To The Beat (Planet-E-Team) (Club Mix),ytmusic,79.16666666666667,2026-09-04T01:16:32
House,"Groovecult, Safiye",Bang To The Beat (U-Mix),yes,7OI4IobwLos,https://music.youtube.com/watch?v=7OI4IobwLos,Groovecult Feat. Safiye – Bang To The Beat (U-Mix),ytmusic,83.78378378378378,2026-09-04T01:16:31
House,"Groovecult, Safiye",Bang To The Beat (X-Tended-Mix),yes,SkmF6ZvSLa0,https://music.youtube.com/watch?v=SkmF6ZvSLa0,Groovecult Feat. Safiye – Bang To The Beat (X-Tended-Mix),ytmusic,86.36363636363636,2026-09-04T01:16:31
House,HNNY,Caypio,yes,FYyXOUhYqE0,https://music.youtube.com/watch?v=FYyXOUhYqE0,Caypio,ytmusic,100.0,2026-09-04T01:16:56
House,HNNY,Good,yes,8PZuVVsf0AE,https://music.youtube.com/watch?v=8PZuVVsf0AE,Good,ytmusic,100.0,2026-09-04T01:16:57
House,HNNY,Kitigai,yes,RttQxGUjVVE,https://music.youtube.com/watch?v=RttQxGUjVVE,Kitigai,ytmusic,100.0,2026-09-04T01:16:58
House,HOSTOM,Untitled,yes,KI1TUhJ3INU,https://music.youtube.com/watch?v=KI1TUhJ3INU,Untitled BA,ytmusic,100.0,2026-09-04T01:15:21
House,HOSTOM,Untitled,yes,KI1TUhJ3INU,https://music.youtube.com/watch?v=KI1TUhJ3INU,Untitled BA,ytmusic,100.0,2026-09-04T01:15:21
House,HOSTOM,Untitled,yes,KI1TUhJ3INU,https://music.youtube.com/watch?v=KI1TUhJ3INU,Untitled BA,ytmusic,100.0,2026-09-04T01:15:21
House,HOSTOM,Untitled,yes,KI1TUhJ3INU,https://music.youtube.com/watch?v=KI1TUhJ3INU,Untitled BA,ytmusic,100.0,2026-09-04T01:15:21
House,HOSTOM,Untitled,yes,KI1TUhJ3INU,https://music.youtube.com/watch?v=KI1TUhJ3INU,Untitled BA,ytmusic,100.0,2026-09-04T01:15:21
House,HOSTOM,Untitled,yes,KI1TUhJ3INU,https://music.youtube.com/watch?v=KI1TUhJ3INU,Untitled BA,ytmusic,100.0,2026-09-04T01:15:21
House,HOSTOM,Untitled,yes,KI1TUhJ3INU,https://music.youtube.com/watch?v=KI1TUhJ3INU,Untitled BA,ytmusic,100.0,2026-09-04T01:15:21
House,HOSTOM,Untitled,yes,KI1TUhJ3INU,https://music.youtube.com/watch?v=KI1TUhJ3INU,Untitled BA,ytmusic,100.0,2026-09-04T01:15:21
House,Hip Service,Badaboom Badabing (Drax & Gooding Café Mambo Remix),yes,JMkCUawRZHw,https://music.youtube.com/watch?v=JMkCUawRZHw,BadaBing BadaBoom,ytmusic,100.0,2026-09-04T01:16:13
House,Hip Service,Badaboom Badabing (Spectors Caught By The Ballearics Mix),yes,fR3QMxD6iQ4,https://music.youtube.com/watch?v=fR3QMxD6iQ4,Joined At The Hip,ytmusic,83.33333333333333,2026-09-04T01:16:14
House,Hip Service,Badaboom Badabing (Stel & Good Newz Remix),yes,Vgdhujy3lAE,https://music.youtube.com/watch?v=Vgdhujy3lAE,Hip Service - Badaboom Badabing (Stel & Good Newz Remix),ytmusic,100.0,2026-09-04T01:16:13
House,Hugo LX,Emerge,yes,yM-og5XNVHY,https://music.youtube.com/watch?v=yM-og5XNVHY,Emerge,ytmusic,100.0,2026-09-04T01:17:12
House,Hugo LX,"Gone Today, Here Tomorrow",yes,bIUo3xRgcn8,https://music.youtube.com/watch?v=bIUo3xRgcn8,"Gone Today, Here Tomorrow",ytmusic,100.0,2026-09-04T01:17:13
House,Hugo LX,Oversight II,yes,q9sbd_sTl9k,https://music.youtube.com/watch?v=q9sbd_sTl9k,HUGO LX - Oversight II ft. Tony Tixier (Official Audio),ytmusic,100.0,2026-09-04T01:17:15
House,Hugo LX,Surrender,yes,d409jde_0vY,https://music.youtube.com/watch?v=d409jde_0vY,Surrender,ytmusic,100.0,2026-09-04T01:17:13
House,Hugo LX,Zio,yes,iSBcOyFI64E,https://music.youtube.com/watch?v=iSBcOyFI64E,HUGO LX - Zio ft. Christopher Johnson (Official Audio),ytmusic,100.0,2026-09-04T01:17:14
House,Jesse Saunders,On & On (2003 Groove Vocal),yes,TmtuRDfqZhQ,https://music.youtube.com/watch?v=TmtuRDfqZhQ,On & On,ytmusic,100.0,2026-09-04T01:14:25
House,Jesse Saunders,On & On (Chikenskin Tribal Mix),yes,TmtuRDfqZhQ,https://music.youtube.com/watch?v=TmtuRDfqZhQ,On & On,ytmusic,100.0,2026-09-04T01:14:24
House,Jesse Saunders,On & On (Hard & Funky),yes,TmtuRDfqZhQ,https://music.youtube.com/watch?v=TmtuRDfqZhQ,On & On,ytmusic,100.0,2026-09-04T01:14:26
House,Jesse Saunders,On & On (Jesse's Jazz Mix),yes,mtRK_EuE9_g,https://music.youtube.com/watch?v=mtRK_EuE9_g,On & On (Jesse's Jaz),ytmusic,92.95774647887323,2026-09-04T01:14:23
House,Jesse Saunders,On & On (Loop),yes,TmtuRDfqZhQ,https://music.youtube.com/watch?v=TmtuRDfqZhQ,On & On,ytmusic,100.0,2026-09-04T01:14:24
House,Jesse Saunders,On & On (Nu-Retro Elektro),yes,TmtuRDfqZhQ,https://music.youtube.com/watch?v=TmtuRDfqZhQ,On & On,ytmusic,100.0,2026-09-04T01:14:28
House,Jesse Saunders,On & On (On-apella),yes,TmtuRDfqZhQ,https://music.youtube.com/watch?v=TmtuRDfqZhQ,On & On,ytmusic,100.0,2026-09-04T01:14:26
House,Jesse Saunders,On & On (Stone's Throw Back MIx),yes,gF2QyCL6KH4,https://music.youtube.com/watch?v=gF2QyCL6KH4,On & On (Stone's Throwback),ytmusic,83.58208955223881,2026-09-04T01:14:23
House,Jesse Saunders,On & On (Tony B's Down & Dirty),yes,TmtuRDfqZhQ,https://music.youtube.com/watch?v=TmtuRDfqZhQ,On & On,ytmusic,100.0,2026-09-04T01:14:27
House,Juaan,Carasho,yes,21eAe2T5gTk,https://music.youtube.com/watch?v=21eAe2T5gTk,Juaan - Carasho [GEEZA001],ytmusic,100.0,2026-09-04T01:18:09
House,Juaan,Dr. Ritmo,yes,Dm8FKPGoOgY,https://music.youtube.com/watch?v=Dm8FKPGoOgY,Juaan - Dr. Ritmo [GEEZA001],ytmusic,100.0,2026-09-04T01:18:08
House,Juaan,Perdóname 30,yes,icDq2_DVoCY,https://music.youtube.com/watch?v=icDq2_DVoCY,Juaan - Perdóname 30 [GEEZA001],ytmusic,100.0,2026-09-04T01:18:07
House,Juaan,Very Perdido,yes,gRN8eXPFiXw,https://music.youtube.com/watch?v=gRN8eXPFiXw,Juaan - Very Perdido [GEEZA001],ytmusic,100.0,2026-09-04T01:18:10
House,KG Beat,Full Moon Escapade,yes,6kIW3FdhyqI,https://music.youtube.com/watch?v=6kIW3FdhyqI,Kg Beat - Full Moon Escapade,ytmusic,100.0,2026-09-04T01:17:51
House,KG Beat,The Breathing Engine,yes,ur2GNYme3Qs,https://music.youtube.com/watch?v=ur2GNYme3Qs,The Breathing Engine,ytmusic,100.0,2026-09-04T01:17:51
House,KG Beat,The Spies Are Among Us,yes,zAT-dOoMzPE,https://music.youtube.com/watch?v=zAT-dOoMzPE,KG Beat - The Spies Are Among US,ytmusic,100.0,2026-09-04T01:17:53
House,KG Beat,You Can Fly,yes,sWuDTnc1MvA,https://music.youtube.com/watch?v=sWuDTnc1MvA,You Can Fly,ytmusic,100.0,2026-09-04T01:17:52
House,"Keraw, Marc Cotterell",2 Me (Instru-Me & U Mix),yes,oZdd7PC5BIA,https://music.youtube.com/watch?v=oZdd7PC5BIA,Keraw - 2 Me (Instru Me & U Mix),ytmusic,74.15730337078652,2026-09-04T01:17:17
House,"Keraw, Marc Cotterell","Deeper District (12"" Mix)",yes,dRON9ZUwWRA,https://music.youtube.com/watch?v=dRON9ZUwWRA,"Deeper District (12"" Mix)",ytmusic,89.28571428571429,2026-09-04T01:17:16
House,"Keraw, Marc Cotterell",Follow (Marc's 96's Classic Mix),yes,-9s9fLm6Vdk,https://music.youtube.com/watch?v=-9s9fLm6Vdk,Marc Cotterell Feat  Vanessa Jackson - Follow (Marc's 96's Classic Mix),ytmusic,93.06930693069307,2026-09-04T01:17:18
House,"Keraw, Marc Cotterell",Slap Attack,yes,9nnGV3toFmc,https://music.youtube.com/watch?v=9nnGV3toFmc,Slap Attack,ytmusic,100.0,2026-09-04T01:17:18
House,KiNK,Fantasia (Original Mix),yes,5wOQ_2DnTC0,https://music.youtube.com/watch?v=5wOQ_2DnTC0,Fantasia,ytmusic,100.0,2026-09-04T01:10:55
House,KiNK,Fantasia (Truncate Remix),yes,dLFhp1Lbvj8,https://music.youtube.com/watch?v=dLFhp1Lbvj8,Fantasia (Truncate Remix),ytmusic,100.0,2026-09-04T01:10:56
House,Kx9000,Air Dodge,yes,hjr7k1TQgdY,https://music.youtube.com/watch?v=hjr7k1TQgdY,Air Dodge,ytmusic,100.0,2026-09-04T01:17:27
House,Kx9000,Sit Back Disco,yes,bv00uUp9OYk,https://music.youtube.com/watch?v=bv00uUp9OYk,Sit Back Disco,ytmusic,100.0,2026-09-04T01:17:27
House,Kx9000,Smoking Lobby,yes,XxED6CbWj6w,https://music.youtube.com/watch?v=XxED6CbWj6w,Smoking Lobby,ytmusic,100.0,2026-09-04T01:17:28
House,Kx9000,That Jewel,yes,ELF-xXauxtc,https://music.youtube.com/watch?v=ELF-xXauxtc,Kx9000 – That Jewel,ytmusic,100.0,2026-09-04T01:17:28
House,Laurent Garnier,City Sphere (Sax Mix),yes,DLDsfm7Uum4,https://music.youtube.com/watch?v=DLDsfm7Uum4,City Sphere,ytmusic,100.0,2026-09-04T01:09:33
House,Laurent Garnier,Dangerous Drive,yes,ItZ00OWRnSw,https://music.youtube.com/watch?v=ItZ00OWRnSw,Dangerous Drive,ytmusic,100.0,2026-09-04T01:09:30
House,Laurent Garnier,Downfall,yes,VAtmWKbB3a4,https://music.youtube.com/watch?v=VAtmWKbB3a4,Downfall,ytmusic,100.0,2026-09-04T01:09:32
House,Laurent Garnier,"Greed 1 (12"" Mix)",yes,S--0Zb3TSeA,https://music.youtube.com/watch?v=S--0Zb3TSeA,Greed,ytmusic,100.0,2026-09-04T01:09:35
House,Laurent Garnier,Greed 2 (Long Version),yes,S--0Zb3TSeA,https://music.youtube.com/watch?v=S--0Zb3TSeA,Greed,ytmusic,100.0,2026-09-04T01:09:36
House,Laurent Garnier,Last Tribute From The 20th Century,yes,GM5tnTLZvAA,https://music.youtube.com/watch?v=GM5tnTLZvAA,Last Tribute From The 20Th Century,ytmusic,100.0,2026-09-04T01:09:37
House,Laurent Garnier,Le Groove De Ta Mère,yes,oOhLsC-ZMSU,https://music.youtube.com/watch?v=oOhLsC-ZMSU,Laurent Garnier -  Le Groove De Ta Mère (2000 - F Communications - F 115 DLP),ytmusic,100.0,2026-09-04T01:09:31
House,Laurent Garnier,Smart Move,yes,sBLI7qlaKQ8,https://music.youtube.com/watch?v=sBLI7qlaKQ8,Laurent Garnier - Smart Move,ytmusic,100.0,2026-09-04T01:09:34
House,Laurent Garnier,The Man With The Red Face,yes,JjNcukPxxds,https://music.youtube.com/watch?v=JjNcukPxxds,The Man With The Red Face,ytmusic,100.0,2026-09-04T01:09:35
House,Laurent Garnier,The Sound Of The Big Babou,yes,Wp9OPpEy9mc,https://music.youtube.com/watch?v=Wp9OPpEy9mc,The Sound Of The Big Babou,ytmusic,100.0,2026-09-04T01:09:32
House,Live Element,Broken Soul,yes,elEHxtXhb-0,https://music.youtube.com/watch?v=elEHxtXhb-0,Live Element - Broken Soul,ytmusic,100.0,2026-09-04T01:15:43
House,Live Element,Broken Tribal Beats,yes,xc5vhRvZIM4,https://music.youtube.com/watch?v=xc5vhRvZIM4,Broken,ytmusic,100.0,2026-09-04T01:15:44
House,Live Element,Get Away!,yes,wmA6qC5Oyxg,https://music.youtube.com/watch?v=wmA6qC5Oyxg,Live Element - Get Away!,ytmusic,100.0,2026-09-04T01:15:45
House,Live Element,I Can't Understand,yes,K3Ivtl5atyQ,https://music.youtube.com/watch?v=K3Ivtl5atyQ,Live Element - I Can't Understand,ytmusic,100.0,2026-09-04T01:15:45
House,Log _In,Like LegoWelt,yes,dY5MXJ-41QY,https://music.youtube.com/watch?v=dY5MXJ-41QY,Like Twin Peaks,ytmusic,76.47058823529412,2026-09-04T01:12:00
House,Log _In,Mad Not Sad,yes,pQOWKhmvK9E,https://music.youtube.com/watch?v=pQOWKhmvK9E,Mad Not Sad,ytmusic,78.57142857142857,2026-09-04T01:11:59
House,Log _In,Not Brain Damage,yes,Wzw7xYKiD34,https://music.youtube.com/watch?v=Wzw7xYKiD34,Brain Damage,ytmusic,82.75862068965517,2026-09-04T01:11:58
House,Log _In,Sound of the South,yes,EEZPZucLTJo,https://music.youtube.com/watch?v=EEZPZucLTJo,Sound of the South,ytmusic,81.81818181818181,2026-09-04T01:12:00
House,Lost In Process,Keep On Rising (Funk Patrol Remix),yes,AGwGwadYhwk,https://music.youtube.com/watch?v=AGwGwadYhwk,Lost In Process - Keep On Rising (Funk Patrol Remix) [1995],ytmusic,100.0,2026-09-04T01:16:20
House,Lost In Process,Keep On Rising (Original Mix),yes,zV5YJ7D3ltM,https://music.youtube.com/watch?v=zV5YJ7D3ltM,Keep On Rising,ytmusic,100.0,2026-09-04T01:16:21
House,Matthias,Fender Strato,yes,tpOoIeccRDw,https://music.youtube.com/watch?v=tpOoIeccRDw,Matthias - Fender Strato [REDISCO003],ytmusic,100.0,2026-09-04T01:15:09
House,Matthias,Les Rythmes Sont Robotiques,yes,PTPVXAGCHac,https://music.youtube.com/watch?v=PTPVXAGCHac,Matthias - Les Rhytmes Sont Robotiques [REDISCO003],ytmusic,87.5,2026-09-04T01:15:10
House,Matthias,Psy Dance,yes,xmu_5M3_j-w,https://music.youtube.com/watch?v=xmu_5M3_j-w,Matthias - Psy Dance [REDISCO003],ytmusic,100.0,2026-09-04T01:15:08
House,Matthias,Robot Axe,yes,qAhAqk84ieE,https://music.youtube.com/watch?v=qAhAqk84ieE,Matthias - Robot Axe [REDISCO003],ytmusic,100.0,2026-09-04T01:15:08
House,Miles Mercer,My Name Is What,yes,qCtCAeCFSxo,https://music.youtube.com/watch?v=qCtCAeCFSxo,MY NAME IS MY NAME,ytmusic,91.42857142857143,2026-09-04T01:18:20
House,Miles Mercer,Occult Explosion,yes,9sdUVxkaFIU,https://music.youtube.com/watch?v=9sdUVxkaFIU,Miles Mercer — Occult Explosion [Premiere],ytmusic,100.0,2026-09-04T01:18:21
House,Miles Mercer,Outta The Window,yes,MCldwjG2mEo,https://music.youtube.com/watch?v=MCldwjG2mEo,Miles Mercer - Outta the Window [2024],ytmusic,100.0,2026-09-04T01:18:19
House,Mirko Felicioli,Aeolus,yes,nzmJuv3CkUo,https://music.youtube.com/watch?v=nzmJuv3CkUo,Mirko Felicioli - Aeolus [CM008],ytmusic,100.0,2026-09-04T01:12:45
House,Mirko Felicioli,Air Felix,yes,yAfOG9pGPck,https://music.youtube.com/watch?v=yAfOG9pGPck,Mirko Felicioli - Air Felix [SENTAKU009],ytmusic,100.0,2026-09-04T01:13:11
House,Mirko Felicioli,Analong Time,yes,JBGbwYvmq5I,https://music.youtube.com/watch?v=JBGbwYvmq5I,Mirko Felicioli - Analong Time [SENTAKU009],ytmusic,100.0,2026-09-04T01:13:11
House,Mirko Felicioli,Fantasy,yes,blFJwZWVM5k,https://music.youtube.com/watch?v=blFJwZWVM5k,Mirko Felicioli - Fantasy [SENTAKU009],ytmusic,100.0,2026-09-04T01:13:12
House,Mirko Felicioli,Grave & Weep,yes,bG9jSSVXzvw,https://music.youtube.com/watch?v=bG9jSSVXzvw,A2. Mirko Felicioli - Grave & Weep,ytmusic,100.0,2026-09-04T01:12:44
House,Mirko Felicioli,Lava Waves,yes,L7JS1rE_GCo,https://music.youtube.com/watch?v=L7JS1rE_GCo,A1. Mirko Felicioli - Lava Waves,ytmusic,100.0,2026-09-04T01:12:43
House,Mirko Felicioli,Touch The Clouds,yes,xFZSUGzL2lg,https://music.youtube.com/watch?v=xFZSUGzL2lg,B3. Mirko Felicioli - Touch The Clouds,ytmusic,100.0,2026-09-04T01:12:46
House,Mirko Felicioli,Tsukuyomi,yes,PfnnWKZF2A0,https://music.youtube.com/watch?v=PfnnWKZF2A0,Mirko Felicioli - Tsukuyomi [SENTAKU009],ytmusic,100.0,2026-09-04T01:13:10
House,Mirko Felicioli,Vulcanic Ash,yes,_nPISoRHx1M,https://music.youtube.com/watch?v=_nPISoRHx1M,Mirko Felicioli - Volcanic Ash [CM008],ytmusic,80.85106382978724,2026-09-04T01:12:45
House,"Miroloja, Janeret",Comex,yes,G42tSUu1nsQ,https://music.youtube.com/watch?v=G42tSUu1nsQ,Comex,ytmusic,100.0,2026-09-04T01:18:00
House,"Miroloja, Janeret",Yaw,yes,aismRXvlT2Q,https://music.youtube.com/watch?v=aismRXvlT2Q,Yaw,ytmusic,100.0,2026-09-04T01:18:01
House,Moby,That's When I Reach For My Revolver (Moby's Mix 1-Edit),yes,zC-ey1am3ao,https://music.youtube.com/watch?v=zC-ey1am3ao,That's When I Reach for My Revolver,ytmusic,100.0,2026-09-04T01:10:02
House,Moby,That's When I Reach For My Revolver (Moby's Mix),yes,zC-ey1am3ao,https://music.youtube.com/watch?v=zC-ey1am3ao,That's When I Reach for My Revolver,ytmusic,100.0,2026-09-04T01:10:01
House,Moby,That's When I Reach For My Revolver (Psychotic VE-GUN Mix Edit - Vocal Dub),yes,zC-ey1am3ao,https://music.youtube.com/watch?v=zC-ey1am3ao,That's When I Reach for My Revolver,ytmusic,100.0,2026-09-04T01:10:01
House,Moby,That's When I Reach For My Revolver (The Rollo & Sister Bliss Vocal Mix),yes,3dBaT4INyj0,https://music.youtube.com/watch?v=3dBaT4INyj0,Moby - That's When I Reach For My Revolver (The Rollo & Sister Bliss Vocal Mix),ytmusic,100.0,2026-09-04T01:10:03
House,Munir Nadir,Breaking Point,yes,Ae8Ab7LlhnQ,https://music.youtube.com/watch?v=Ae8Ab7LlhnQ,Breaking Point,ytmusic,100.0,2026-09-04T01:17:42
House,Munir Nadir,Dream Team,yes,qWtWbNuAWlI,https://music.youtube.com/watch?v=qWtWbNuAWlI,Dream Team,ytmusic,100.0,2026-09-04T01:17:39
House,Munir Nadir,It's Time To Kick Ass,yes,xDP8a-JsVQI,https://music.youtube.com/watch?v=xDP8a-JsVQI,It's Time To Kick Ass,ytmusic,100.0,2026-09-04T01:17:40
House,Munir Nadir,Just For,yes,YBTjIuYUlN0,https://music.youtube.com/watch?v=YBTjIuYUlN0,Just For,ytmusic,100.0,2026-09-04T01:17:41
House,Munir Nadir,Roast-Beat,yes,HU1uG2nTgOk,https://music.youtube.com/watch?v=HU1uG2nTgOk,Roast-Beat,ytmusic,100.0,2026-09-04T01:17:40
House,Olsvangèr,Bubble Toy,yes,eGnstvOhOds,https://music.youtube.com/watch?v=eGnstvOhOds,Bubble Toy,ytmusic,100.0,2026-09-04T01:15:15
House,Olsvangèr,Goldman’s Propeller,yes,2uezkhXgowM,https://music.youtube.com/watch?v=2uezkhXgowM,Goldman's Propeller,ytmusic,96.55172413793103,2026-09-04T01:15:24
House,Olsvangèr,Grand Slammin',yes,nVykCx-m1bI,https://music.youtube.com/watch?v=nVykCx-m1bI,Grand Slammin',ytmusic,100.0,2026-09-04T01:15:13
House,Olsvangèr,Lava Luva,yes,pzDrcGrpy9E,https://music.youtube.com/watch?v=pzDrcGrpy9E,Lava Luva,ytmusic,100.0,2026-09-04T01:15:25
House,Olsvangèr,Lunar Kiss Baby Whale,yes,NB9p6fFWFas,https://music.youtube.com/watch?v=NB9p6fFWFas,Olsvangèr -- Lunar Kiss Baby Whale,ytmusic,100.0,2026-09-04T01:15:24
House,Olsvangèr,Paranoweed,yes,EMnOvIMo7Q8,https://music.youtube.com/watch?v=EMnOvIMo7Q8,Paranoweed,ytmusic,100.0,2026-09-04T01:15:14
House,Olsvangèr,Quadi B,yes,RyKD5azXw9M,https://music.youtube.com/watch?v=RyKD5azXw9M,Quadi B,ytmusic,100.0,2026-09-04T01:15:15
House,Olsvangèr,The Core,yes,i4Fnmo64QzU,https://music.youtube.com/watch?v=i4Fnmo64QzU,The Core,ytmusic,100.0,2026-09-04T01:15:23
House,Palorim,Alien encounter,yes,1FnvBJeDZVc,https://music.youtube.com/watch?v=1FnvBJeDZVc,Alien Encounter,ytmusic,78.94736842105263,2026-09-04T01:19:05
House,Palorim,Cracky nuts,yes,3OTZE0C60e4,https://music.youtube.com/watch?v=3OTZE0C60e4,Cracker & Nuts,ytmusic,65.21739130434783,2026-09-04T01:19:04
House,Palorim,Double trouble,yes,uDcmjcM5t2k,https://music.youtube.com/watch?v=uDcmjcM5t2k,Palorim ─ Double Trouble [KDM001],ytmusic,100.0,2026-09-04T01:19:04
House,Palorim,Trippin,yes,V6l8Qv9opTU,https://music.youtube.com/watch?v=V6l8Qv9opTU,Palorim - Trippin [KDM001],ytmusic,100.0,2026-09-04T01:19:06
House,Panico En Directo,About Last Night,yes,34PcyaDN1Yw,https://music.youtube.com/watch?v=34PcyaDN1Yw,About last night,ytmusic,100.0,2026-09-04T01:18:38
House,Panico En Directo,Causalidad,yes,nq4oHrnUL6I,https://music.youtube.com/watch?v=nq4oHrnUL6I,Causalidad,ytmusic,100.0,2026-09-04T01:18:39
House,Panico En Directo,Die Blet,yes,Z5Kbm4eKveI,https://music.youtube.com/watch?v=Z5Kbm4eKveI,DIE Blet,ytmusic,100.0,2026-09-04T01:18:37
House,Panico En Directo,El Sueño De La Sirena,yes,8AAm5wtjUkc,https://music.youtube.com/watch?v=8AAm5wtjUkc,El sueño de la sirena,ytmusic,100.0,2026-09-04T01:18:39
House,Panico En Directo,Falso Atentado,yes,KNRRSRu6yHI,https://music.youtube.com/watch?v=KNRRSRu6yHI,Falso atentado,ytmusic,100.0,2026-09-04T01:18:36
House,Panico En Directo,Por La Sombra,yes,FPw-9UPhykk,https://music.youtube.com/watch?v=FPw-9UPhykk,Por la sombra,ytmusic,100.0,2026-09-04T01:18:40
House,Paramist,Release Me (Instrumental Mix),yes,BW_m9je_tEw,https://music.youtube.com/watch?v=BW_m9je_tEw,B2 - Paramist - Release Me (Instrumental Mix),ytmusic,100.0,2026-09-04T01:09:57
House,Paramist,Release Me (Moon Mix),yes,BW_m9je_tEw,https://music.youtube.com/watch?v=BW_m9je_tEw,B2 - Paramist - Release Me (Instrumental Mix),ytmusic,88.88888888888889,2026-09-04T01:09:56
House,Paramist,Release Me (Vocal Mix),yes,Q3mj8SKV9N8,https://music.youtube.com/watch?v=Q3mj8SKV9N8,Paramist - Release Me (Vocal Mix),ytmusic,100.0,2026-09-04T01:09:55
House,Percy Filth,Show Me Your Monkey (Original Version),yes,IbgtfgKVe9M,https://music.youtube.com/watch?v=IbgtfgKVe9M,Show Me Your Monkey,ytmusic,100.0,2026-09-04T01:15:58
House,Percy Filth,Show Me Your Monkey (Punkers Cheetah Remix),yes,hUSmcS23dYo,https://music.youtube.com/watch?v=hUSmcS23dYo,Show Me Your Monkey (Punkers Cheetah Remix),ytmusic,100.0,2026-09-04T01:15:59
House,Perks Of Living Society,2 Damn Free (H.A.L.F. Boom Vocal Mix),yes,6HjRn4hehfw,https://music.youtube.com/watch?v=6HjRn4hehfw,2 Damn Free,ytmusic,100.0,2026-09-04T01:14:31
House,Perks Of Living Society,2 Damn Free (H.A.L.F. Vocal Remix),yes,6HjRn4hehfw,https://music.youtube.com/watch?v=6HjRn4hehfw,2 Damn Free,ytmusic,100.0,2026-09-04T01:14:30
House,Perks Of Living Society,2 Damn Free (P.L.S. Arena Mix),yes,rppfvzSRJxo,https://music.youtube.com/watch?v=rppfvzSRJxo,2 Damn Free (PLS Arena Edit),ytmusic,92.45283018867924,2026-09-04T01:14:28
House,Perks Of Living Society,2 Damn Free (Play Boys Cool Zone Dub),no,,,,none,0.0,2026-09-04T01:59:29
House,Praga Khan,Love Me Baby (Eurown Mix),yes,ukexiCevxng,https://music.youtube.com/watch?v=ukexiCevxng,Love Me Baby,ytmusic,100.0,2026-09-04T01:10:35
House,Praga Khan,Love Me Baby (London Style Biscuit),yes,ukexiCevxng,https://music.youtube.com/watch?v=ukexiCevxng,Love Me Baby,ytmusic,100.0,2026-09-04T01:10:37
House,Praga Khan,Love Me Baby (Midsummer's Gentle Scents),yes,ukexiCevxng,https://music.youtube.com/watch?v=ukexiCevxng,Love Me Baby,ytmusic,100.0,2026-09-04T01:10:35
House,Praga Khan,Love Me Baby (The Downtown Flava),yes,ukexiCevxng,https://music.youtube.com/watch?v=ukexiCevxng,Love Me Baby,ytmusic,100.0,2026-09-04T01:10:36
House,Praga Khan,Phantasia (Joey Beltram's A Slice Of Heaven Mix),yes,LwEll_vm0Xo,https://music.youtube.com/watch?v=LwEll_vm0Xo,Praga Khan – Phantasia (Joey Beltram's A Slice Of Heaven Mix),ytmusic,100.0,2026-09-04T01:10:39
House,Praga Khan,Phantasia (MNO Style),yes,_zl-VBX61cE,https://music.youtube.com/watch?v=_zl-VBX61cE,Praga Khan – Phantasia (MNO Style),ytmusic,100.0,2026-09-04T01:10:38
House,Praga Khan,Phantasia (Mental Radio Mix),yes,FZYRRlVz_CE,https://music.youtube.com/watch?v=FZYRRlVz_CE,Praga Khan – Phantasia (Mental Radio Mix),ytmusic,100.0,2026-09-04T01:10:37
House,"Public Request, WAS",C'mon,yes,9MApymDDgmg,https://music.youtube.com/watch?v=9MApymDDgmg,C'mon!,ytmusic,69.56521739130434,2026-09-04T01:13:02
House,"Public Request, WAS",Ego,no,,,,none,0.0,2026-09-04T01:59:25
House,"Public Request, WAS",Spoon My,yes,M7Ea6dy9P8o,https://music.youtube.com/watch?v=M7Ea6dy9P8o,Wild,ytmusic,66.66666666666666,2026-09-04T01:13:03
House,"Public Request, WAS",Tunnel,yes,5nMRKasQ27I,https://music.youtube.com/watch?v=5nMRKasQ27I,Tunnel du public,ytmusic,74.28571428571428,2026-09-04T01:13:05
House,Remote Control,Groove Me Baby (Dedicated To CY),yes,16RvKJyE_eY,https://music.youtube.com/watch?v=16RvKJyE_eY,Remote Control - Groove Me Baby (Dedicated To CY) [Kosmotune],ytmusic,100.0,2026-09-04T01:13:41
House,Remote Control,I Feel It,yes,BwxLj1c3W6o,https://music.youtube.com/watch?v=BwxLj1c3W6o,Remote Control – I Feel It,ytmusic,100.0,2026-09-04T01:13:40
House,Remote Control,Let It Go,yes,ES6jHpYRx-I,https://music.youtube.com/watch?v=ES6jHpYRx-I,Remote Control – Let It Go,ytmusic,100.0,2026-09-04T01:13:39
House,Rework,You're So Just Just (Cinthie Remix),yes,Qxcun2q_Eak,https://music.youtube.com/watch?v=Qxcun2q_Eak,You're So Just Just (CINTHIE Remix),ytmusic,100.0,2026-09-04T01:18:12
House,Rework,You're So Just Just (Rework Just Edit),yes,hAJZS85toTc,https://music.youtube.com/watch?v=hAJZS85toTc,You're So Just Just (Rework Just Edit),ytmusic,100.0,2026-09-04T01:18:10
House,Rework,You're So Just Just (Troxler x Crosson Remix),yes,L7NBif2fOUE,https://music.youtube.com/watch?v=L7NBif2fOUE,You're So Just Just,ytmusic,100.0,2026-09-04T01:18:11
House,"Ruben Lombroso, Nativo (6), Kamyar Keramati, Tibahuult",Delayscura,no,,,,none,0.0,2026-09-04T01:59:47
House,"Ruben Lombroso, Nativo (6), Kamyar Keramati, Tibahuult",Elements Of A Thread,no,,,,none,0.0,2026-09-04T01:59:48
House,"Ruben Lombroso, Nativo (6), Kamyar Keramati, Tibahuult",Feel Some Of My Jam,no,,,,none,0.0,2026-09-04T01:59:50
House,"Ruben Lombroso, Nativo (6), Kamyar Keramati, Tibahuult",The Last Midnight,no,,,,none,0.0,2026-09-04T01:59:45
House,"SINM, Look Perry",Got The Data,yes,C_cQw7LZrzk,https://music.youtube.com/watch?v=C_cQw7LZrzk,SINM - Got The Data [MAAI007],ytdlp,65.51724137931035,2026-09-04T01:18:29
House,"SINM, Look Perry",I Can't Love U,yes,SKp1HKM_4TY,https://music.youtube.com/watch?v=SKp1HKM_4TY,And I Love You So,ytmusic,74.57627118644068,2026-09-04T01:18:32
House,"SINM, Look Perry",Layerz,yes,b0lZ6uvghdc,https://music.youtube.com/watch?v=b0lZ6uvghdc,Perry,ytmusic,71.42857142857143,2026-09-04T01:18:28
House,"SINM, Look Perry",Stone Pilots,yes,mFgpWbI3Czo,https://music.youtube.com/watch?v=mFgpWbI3Czo,Sin,ytmusic,68.57142857142857,2026-09-04T01:18:32
House,"SINM, Look Perry",Wonky Aftermath,yes,QAMSJvUYQ1I,https://music.youtube.com/watch?v=QAMSJvUYQ1I,SINM - Wonky Aftermath (MAAI007),ytdlp,68.75,2026-09-04T01:18:31
House,Sans Sucre,Ampullae Of Lorenzini,yes,n7YF-ltX35U,https://music.youtube.com/watch?v=n7YF-ltX35U,Ampullae Of Lorenzini,ytmusic,100.0,2026-09-04T01:17:06
House,Sans Sucre,Aqualung,yes,1HCj2pDT1pc,https://music.youtube.com/watch?v=1HCj2pDT1pc,Aqualung,ytmusic,100.0,2026-09-04T01:17:04
House,Sans Sucre,Sequential Hermaphrodism,yes,JRmh9dfuOho,https://music.youtube.com/watch?v=JRmh9dfuOho,Sequential Hermaphrodism,ytmusic,100.0,2026-09-04T01:17:05
House,Sans Sucre,Tetrodoxin,yes,AYUmwzCXToM,https://music.youtube.com/watch?v=AYUmwzCXToM,Tetrodoxin,ytmusic,100.0,2026-09-04T01:17:03
House,Science Friction,Dirty Den,yes,crPehSjLqYw,https://music.youtube.com/watch?v=crPehSjLqYw,Science Friction,ytmusic,88.88888888888889,2026-09-04T01:16:15
House,Science Friction,Hooked,yes,87W0KM5QLKg,https://music.youtube.com/watch?v=87W0KM5QLKg,Science Friction - Hooked [SE12 019],ytmusic,100.0,2026-09-04T01:16:15
House,Slacker,Scared (Dylan Rhymes Remix),yes,buMbciHbdHs,https://music.youtube.com/watch?v=buMbciHbdHs,Slacker - Scared (Dylan Rhymes Remix),ytmusic,100.0,2026-09-04T01:14:14
House,Slacker,Scared (Edit),yes,waY-rplusJQ,https://music.youtube.com/watch?v=waY-rplusJQ,Slacker - Scared (AI upscale),ytmusic,80.0,2026-09-04T01:14:13
House,Slacker,Scared (Of Tomorrow Mix),yes,4YgUpXsOKyE,https://music.youtube.com/watch?v=4YgUpXsOKyE,Slacker - Scared (Scared Of Tomorrow Mix),ytmusic,93.33333333333333,2026-09-04T01:14:12
House,Slacker,Scared (P.O.B's Seismix),no,,,,none,0.0,2026-09-04T01:59:27
House,Slacker,Scared (The Lonely Traveller Mix),yes,jqlL952AOEg,https://music.youtube.com/watch?v=jqlL952AOEg,SLACKER   SCARED  LONELY TRAVELLER MIX    A  1997 MADE IN D,ytmusic,86.11111111111111,2026-09-04T01:14:11
House,Slamm,"Energize (12"" Master)",yes,BvRHfkcxvec,https://music.youtube.com/watch?v=BvRHfkcxvec,Energize,ytmusic,100.0,2026-09-04T01:13:22
House,Slamm,Energize (Captain's Log Mix),yes,BvRHfkcxvec,https://music.youtube.com/watch?v=BvRHfkcxvec,Energize,ytmusic,100.0,2026-09-04T01:13:25
House,Slamm,Energize (La Camorra Headless Mix),yes,BvRHfkcxvec,https://music.youtube.com/watch?v=BvRHfkcxvec,Energize,ytmusic,100.0,2026-09-04T01:13:22
House,Slamm,Energize (Ride Of The Vulcans Mix),yes,BvRHfkcxvec,https://music.youtube.com/watch?v=BvRHfkcxvec,Energize,ytmusic,100.0,2026-09-04T01:13:24
House,Slamm,Energize (Safe Hands Planet Mix),yes,BvRHfkcxvec,https://music.youtube.com/watch?v=BvRHfkcxvec,Energize,ytmusic,100.0,2026-09-04T01:13:23
House,Spank Spank,Freak It (Club Mix),yes,7LW6N8K95-Q,https://music.youtube.com/watch?v=7LW6N8K95-Q,Freak It (Club Mix),ytmusic,100.0,2026-09-04T01:15:57
House,Spank Spank,Freak It (Rhythm Dub),yes,7mmxnhexR6E,https://music.youtube.com/watch?v=7mmxnhexR6E,Freak It (Rhythm Dub),ytmusic,100.0,2026-09-04T01:15:57
House,Spank Spank,Freak It (Special Mix),yes,KPp37W6oltM,https://music.youtube.com/watch?v=KPp37W6oltM,Freak It (Special Mix),ytmusic,100.0,2026-09-04T01:15:56
House,"Steve ""Silk"" Hurley",Jack Your Body (Club Your Body),yes,kCy3VFfnews,https://music.youtube.com/watch?v=kCy3VFfnews,Steve Silk Hurley -  Jack Your Body (Club Your Body),ytmusic,91.76470588235294,2026-09-04T01:16:37
House,"Steve ""Silk"" Hurley",Jack Your Body (Dub Your Body),yes,S_iF2YWOevo,https://music.youtube.com/watch?v=S_iF2YWOevo,"Steve ""Silk"" Hurley - Jack Your Body (Dub Your Body)",ytmusic,100.0,2026-09-04T01:16:38
House,"Steve ""Silk"" Hurley",Jack Your Body - Home Made,yes,MyVLAEihbSU,https://music.youtube.com/watch?v=MyVLAEihbSU,"Steve ""Silk"" Hurley - Jack Your Body - Home Made",ytmusic,100.0,2026-09-04T01:16:39
House,"Steve ""Silk"" Hurley","Steve ""Silk""  Hurley",yes,0B6tfGuc1cs,https://music.youtube.com/watch?v=0B6tfGuc1cs,"Steve ""Silk"" Hurley - Steve ""Silk"" Hurley",ytmusic,100.0,2026-09-04T01:16:39
House,Sunaas,106 Kid Gang,yes,qkUzVL7ZmQI,https://music.youtube.com/watch?v=qkUzVL7ZmQI,106 Kid Gang,ytmusic,100.0,2026-09-04T01:17:30
House,Sunaas,Brother System,yes,ki5pOvQPHe0,https://music.youtube.com/watch?v=ki5pOvQPHe0,Brother System,ytmusic,100.0,2026-09-04T01:17:29
House,Sunaas,Funky Blaster (Admo Remix),yes,3znJQV-N85E,https://music.youtube.com/watch?v=3znJQV-N85E,Funky Blaster (Admo Remix),ytmusic,100.0,2026-09-04T01:17:31
House,Sunaas,Funky Blaster (Original Mix),yes,TSDBNSixLe4,https://music.youtube.com/watch?v=TSDBNSixLe4,Funky Blaster,ytmusic,100.0,2026-09-04T01:17:31
House,Sweely,Back N Up,yes,qcHMHJlcdk0,https://music.youtube.com/watch?v=qcHMHJlcdk0,Sweely - Back n Up,ytmusic,100.0,2026-09-04T01:18:55
House,Sweely,Call Me Tonight (Huerta Remix),yes,lNPXx6sDzKA,https://music.youtube.com/watch?v=lNPXx6sDzKA,Call Me Tonight (Huerta Remix) (feat. Huerta),ytmusic,100.0,2026-09-04T01:17:59
House,Sweely,Deejays Bringing The Heat,yes,7wCMeEqrzec,https://music.youtube.com/watch?v=7wCMeEqrzec,Sweely - Deejays Bringing The Heat,ytmusic,100.0,2026-09-04T01:18:56
House,Sweely,Minilook (Gene On Earth Remix),yes,N2RmON-uWZY,https://music.youtube.com/watch?v=N2RmON-uWZY,MiniLook (Gene On Earth Remix) (feat. Gene On Earth),ytmusic,100.0,2026-09-04T01:17:57
House,Sweely,No Part Of It (OCB Remix),yes,kn8jgOhLv2k,https://music.youtube.com/watch?v=kn8jgOhLv2k,Sweely - No Part Of It (OCB Remix) [BSU011],ytmusic,100.0,2026-09-04T01:18:00
House,Sweely,Security (Garrett David Remix),yes,VIS_p7fJXfc,https://music.youtube.com/watch?v=VIS_p7fJXfc,Security (Garrett David Remix) (feat. Garrett David),ytmusic,100.0,2026-09-04T01:17:58
House,Sweely,Treat Me Like A Slut,yes,fQxFE9kqUig,https://music.youtube.com/watch?v=fQxFE9kqUig,Sweely - Treat Me Like A Slut  (Vocal : Kim Petras),ytmusic,100.0,2026-09-04T01:18:55
House,Sweely,What'S The Name,yes,CitcVgiMk8g,https://music.youtube.com/watch?v=CitcVgiMk8g,Sweely - What's the Name [YYKPLAY],ytmusic,100.0,2026-09-04T01:18:54
House,Tatie Dee,Bulles d'Acid Fraise,yes,GlWGbaAbOoI,https://music.youtube.com/watch?v=GlWGbaAbOoI,Bulle d'Acid Frais,ytmusic,96.55172413793103,2026-09-04T01:17:37
House,Tatie Dee,OMZ,yes,9MRCqX8mXyY,https://music.youtube.com/watch?v=9MRCqX8mXyY,OMZ,ytmusic,100.0,2026-09-04T01:17:38
House,Tatie Dee,Sierra Nevada,yes,pR4LyK_5ths,https://music.youtube.com/watch?v=pR4LyK_5ths,Sierra Nevada,ytmusic,100.0,2026-09-04T01:17:36
House,Tatie Dee,Take Me Up,yes,OsBkbFcSvVQ,https://music.youtube.com/watch?v=OsBkbFcSvVQ,Take Me Up,ytmusic,100.0,2026-09-04T01:17:36
House,Tatie Dee,Take Me Up (Mr. G's Taken Dub),yes,OsBkbFcSvVQ,https://music.youtube.com/watch?v=OsBkbFcSvVQ,Take Me Up,ytmusic,100.0,2026-09-04T01:17:38
House,Teack & Phase,Flavor,yes,Sby0S72BCFs,https://music.youtube.com/watch?v=Sby0S72BCFs,Teack & Phase – Flavor,ytmusic,100.0,2026-09-04T01:16:41
House,Teack & Phase,People,yes,nGgdKoVVkKU,https://music.youtube.com/watch?v=nGgdKoVVkKU,People Phase,ytmusic,77.41935483870968,2026-09-04T01:16:42
House,Teack & Phase,The Street (Part 1),yes,J_me0T2w5n8,https://music.youtube.com/watch?v=J_me0T2w5n8,Teack & Phase – The Street Part 1,ytmusic,84.21052631578948,2026-09-04T01:16:40
House,Tenth Chapter,Prologue (Initial Dub Mix),yes,BOfe99gbf8U,https://music.youtube.com/watch?v=BOfe99gbf8U,Prologue (Initial Dub Mix),ytmusic,100.0,2026-09-04T01:15:26
House,Tenth Chapter,Prologue (Lisa Loud Mix),yes,BW1lEPW-ZUA,https://music.youtube.com/watch?v=BW1lEPW-ZUA,Prologue (Lisa Loud Mix),ytmusic,100.0,2026-09-04T01:15:26
House,Tenth Chapter,Prologue (Loud & Proud Dub),yes,aE5yg3VW_u8,https://music.youtube.com/watch?v=aE5yg3VW_u8,Prologue (Loud & Proud Dub),ytmusic,100.0,2026-09-04T01:15:27
House,The Aloof,Purity (Deep Mix),yes,X9bg8Ghl_EI,https://music.youtube.com/watch?v=X9bg8Ghl_EI,The Aloof - Purity (Deep Mix),ytmusic,100.0,2026-09-04T01:14:11
House,The Aloof,Purity (In The Shower Mix),yes,UAiZ8vgr2hU,https://music.youtube.com/watch?v=UAiZ8vgr2hU,The Aloof - Purity (In The Shower Mix),ytmusic,100.0,2026-09-04T01:14:10
House,The Aloof,Purity (Junior Style Disco Dub),yes,lVRzPaTE3lE,https://music.youtube.com/watch?v=lVRzPaTE3lE,Purity (Junior Style Remix),ytmusic,89.55223880597015,2026-09-04T01:14:09
House,The Boogie Pimps,Somebody To Love (CaterpillarClassich (Mark J Klak Mix)),yes,qllXGFJoZ_s,https://music.youtube.com/watch?v=qllXGFJoZ_s,Somebody to Love (Salt Shaker Remix) (CaterpillarClassich - Mark J Klak Mix),ytmusic,88.88888888888889,2026-09-04T01:16:25
House,The Boogie Pimps,Somebody To Love (ClubReise (Mirko Jacob Mix)),yes,0-McDbIclZg,https://music.youtube.com/watch?v=0-McDbIclZg,boogie pimps somebody to love,ytmusic,93.54838709677419,2026-09-04T01:16:24
House,The Boogie Pimps,Somebody To Love (Main Club Mix),yes,Yt_AjKDdpd4,https://music.youtube.com/watch?v=Yt_AjKDdpd4,Somebody to Love (Main Club Mix),ytmusic,100.0,2026-09-04T01:16:23
House,The Boogie Pimps,Somebody To Love (Moonbootica Mix),yes,0qZPW294rsQ,https://music.youtube.com/watch?v=0qZPW294rsQ,Somebody to Love (Moonbootica Mix),ytmusic,100.0,2026-09-04T01:16:23
House,The Glass,Hear The Music,yes,T30gRYn0weQ,https://music.youtube.com/watch?v=T30gRYn0weQ,Hear The Music Mylo Remix,ytmusic,100.0,2026-09-04T01:16:45
House,The Glass,Won't Bother Me (Junior Sanchez Remix),yes,ebVSxQjEIug,https://music.youtube.com/watch?v=ebVSxQjEIug,When We Fight (Junior Sanchez Remix),ytmusic,73.6842105263158,2026-09-04T01:16:43
House,The Glass,Won't Bother Me (Original),yes,aXT22DwXHcw,https://music.youtube.com/watch?v=aXT22DwXHcw,"Won't Bother Me Original 12"" Mix",ytmusic,87.17948717948718,2026-09-04T01:16:44
House,The Object,Theme From Terminator 2 (Bass Bompers Remix),yes,SMp3DSfADGw,https://music.youtube.com/watch?v=SMp3DSfADGw,The Theme From Terminator 2,ytmusic,100.0,2026-09-04T01:16:06
House,The Object,Theme From Terminator 2 (Bass Team Remix 1),yes,SMp3DSfADGw,https://music.youtube.com/watch?v=SMp3DSfADGw,The Theme From Terminator 2,ytmusic,100.0,2026-09-04T01:16:04
House,The Object,Theme From Terminator 2 (Bass Team Remix 2),yes,SMp3DSfADGw,https://music.youtube.com/watch?v=SMp3DSfADGw,The Theme From Terminator 2,ytmusic,100.0,2026-09-04T01:16:04
House,The Object,Theme From Terminator 2 (Bass Team Remix 3),yes,SMp3DSfADGw,https://music.youtube.com/watch?v=SMp3DSfADGw,The Theme From Terminator 2,ytmusic,100.0,2026-09-04T01:16:05
House,The Point,Dance Is The Nu Sex (Angel's Foreplay),yes,avt_72GmlnA,https://music.youtube.com/watch?v=avt_72GmlnA,The Point - Dance Is The Nu Sex (Angel's Foreplay) (1993),ytmusic,100.0,2026-09-04T01:09:41
House,The Point,Dance Is The Nu Sex (Dave Angel Vocal),yes,na1cx8zgwdQ,https://music.youtube.com/watch?v=na1cx8zgwdQ,The Point - Dance Is The Nu Sex (Dave Angel Vocal),ytmusic,100.0,2026-09-04T01:09:41
House,The Point,Dance Is The Nu Sex (Diss-Cuss Dub),yes,2VYfxPuVCnQ,https://music.youtube.com/watch?v=2VYfxPuVCnQ,The Point - Dance Is The Nu Sex (Diss-Cuss Dub) 1993,ytmusic,100.0,2026-09-04T01:09:40
House,The Point,Dance Is The Nu Sex (Diss-Cuss Vocal),yes,A-ha6PCPq3k,https://music.youtube.com/watch?v=A-ha6PCPq3k,The Point - Dance Is The Nu Sex (Diss-Cuss Vocal) 1993,ytmusic,100.0,2026-09-04T01:09:39
House,The Shamen,Make It Mine (Club Vocal),yes,sEUREik1DYc,https://music.youtube.com/watch?v=sEUREik1DYc,Make It Mine,ytmusic,100.0,2026-09-04T01:09:51
House,The Shamen,Make It Mine (Pro-Gress I Instrumental),yes,sEUREik1DYc,https://music.youtube.com/watch?v=sEUREik1DYc,Make It Mine,ytmusic,100.0,2026-09-04T01:09:54
House,The Shamen,Make It Mine (Pro-Gress I Vox),yes,sEUREik1DYc,https://music.youtube.com/watch?v=sEUREik1DYc,Make It Mine,ytmusic,100.0,2026-09-04T01:09:53
House,The Shamen,Make It Mine (V 2.1 Make It Minimal),yes,sEUREik1DYc,https://music.youtube.com/watch?v=sEUREik1DYc,Make It Mine,ytmusic,100.0,2026-09-04T01:09:52
House,The Shamen,Make It Mine (V 2.4 Micro Minimal),yes,sEUREik1DYc,https://music.youtube.com/watch?v=sEUREik1DYc,Make It Mine,ytmusic,100.0,2026-09-04T01:09:52
House,The Shamen,Make It Mine (V1.1 - Lenny D),yes,iFOUKp7qZt4,https://music.youtube.com/watch?v=iFOUKp7qZt4,Make It Mine (V1.1 Lenny D),ytmusic,100.0,2026-09-04T01:09:55
House,The Transatlatins,Mysteriosa (Beats),yes,Fm8PPcuausI,https://music.youtube.com/watch?v=Fm8PPcuausI,Mysteriosa (Beats),ytmusic,100.0,2026-09-04T01:14:20
House,The Transatlatins,Mysteriosa (Dub),yes,rIuIbTXukKc,https://music.youtube.com/watch?v=rIuIbTXukKc,Mysteriosa (Dub),ytmusic,100.0,2026-09-04T01:14:19
House,The Transatlatins,Mysteriosa (Original),yes,NnpNzByuA4M,https://music.youtube.com/watch?v=NnpNzByuA4M,Mysteriosa,ytmusic,100.0,2026-09-04T01:14:18
House,The Youngsters,Smile (Profil's Mix),yes,u_EaVWXv7GY,https://music.youtube.com/watch?v=u_EaVWXv7GY,Smile,ytmusic,100.0,2026-09-04T01:09:37
House,The Youngsters,Smile (Smirky Mix),yes,f95amhBqZE0,https://music.youtube.com/watch?v=f95amhBqZE0,Smile (Smirky Mix),ytmusic,100.0,2026-09-04T01:09:38
House,"Thoma Bulwer, N-Gynn",Body To Body,yes,95DvOIgRVYc,https://music.youtube.com/watch?v=95DvOIgRVYc,Thoma Bulwer & N-Gynn - Body To Body [RBTGN001],ytmusic,83.33333333333333,2026-09-04T01:17:43
House,"Thoma Bulwer, N-Gynn",Das Bul Gynn,yes,UeJ4kZXZvAE,https://music.youtube.com/watch?v=UeJ4kZXZvAE,Thoma Bulwer & N-Gynn - Das Bul Gynn [RBTGN001],ytmusic,86.20689655172414,2026-09-04T01:17:44
House,"Thoma Bulwer, N-Gynn",Let Ya Body (Be Free),yes,3_ND-do9WGg,https://music.youtube.com/watch?v=3_ND-do9WGg,Thoma Bulwer & N-Gynn - Let Ya Body (Be Free) [RBTGN001],ytmusic,89.47368421052632,2026-09-04T01:17:43
House,"Thoma Bulwer, N-Gynn",Spank Technology,yes,JvbvdUL-DdI,https://music.youtube.com/watch?v=JvbvdUL-DdI,Thoma Bulwer & N-Gynn - Spank Technology [RBTGN001],ytmusic,87.87878787878788,2026-09-04T01:17:42
House,Tornado Wallace,Dream Corner (Original Mix),yes,JbhlTJ8OqFs,https://music.youtube.com/watch?v=JbhlTJ8OqFs,Dream Corner,ytmusic,100.0,2026-09-04T01:17:09
House,Tornado Wallace,Dream Corner (Speed Bump Mix),yes,Ba0ooZdEAwU,https://music.youtube.com/watch?v=Ba0ooZdEAwU,Dream Corner (Speed Bump Mix),ytmusic,100.0,2026-09-04T01:17:10
House,Tornado Wallace,Sea Translation (Original Mix),yes,yLzhBVH8nY0,https://music.youtube.com/watch?v=yLzhBVH8nY0,Sea Translation,ytmusic,100.0,2026-09-04T01:17:10
House,Tornado Wallace,Sea Translation (Resurrected Mix),yes,yLzhBVH8nY0,https://music.youtube.com/watch?v=yLzhBVH8nY0,Sea Translation,ytmusic,100.0,2026-09-04T01:17:11
House,Trotters Independent Traders,Gotta Believe,yes,cmb9hD2hgRA,https://music.youtube.com/watch?v=cmb9hD2hgRA,TROTTERS INDEPENDENT TRADERS - GOTTA BELIEVE [HQ] (2/2),ytmusic,100.0,2026-09-04T01:15:55
House,Trotters Independent Traders,Love So Pure,yes,hTsDOB-i_SY,https://music.youtube.com/watch?v=hTsDOB-i_SY,Trotters Independent Traders - Love So Pure,ytmusic,100.0,2026-09-04T01:15:54
House,Unknown Artist,Chewing gum,yes,nJVntfqTd-0,https://music.youtube.com/watch?v=nJVntfqTd-0,nobody,ytmusic,75.86206896551724,2026-09-04T01:17:56
House,Unknown Artist,Night demons,yes,_kMnjieBUn0,https://music.youtube.com/watch?v=_kMnjieBUn0,Demons visit me every night and they don't let me sleep.,ytmusic,100.0,2026-09-04T01:17:55
House,Unknown Artist,Scubafunk,yes,YDP-fFZN7pY,https://music.youtube.com/watch?v=YDP-fFZN7pY,Unknown Artist - Scubafunk,ytmusic,100.0,2026-09-04T01:17:54
House,Unknown Artist,Sound picture,yes,CNiFbtOeFe0,https://music.youtube.com/watch?v=CNiFbtOeFe0,Unknown Artist / Sound Picture / Oblique Records / 2024,ytmusic,100.0,2026-09-04T01:17:56
House,Various,A Mezzanotte,yes,AtCGMTIxSIc,https://music.youtube.com/watch?v=AtCGMTIxSIc,OUAH OUAH,ytmusic,80.0,2026-09-04T01:12:06
House,Various,Acid Pop,yes,TdUAN18xsXM,https://music.youtube.com/watch?v=TdUAN18xsXM,Various - Acid Dreams. Sixties. Album Vinyl 2010,ytmusic,85.71428571428571,2026-09-04T01:18:57
House,Various,Afraid (Simon Acetone Remix),yes,6ba5Xs-h_DM,https://music.youtube.com/watch?v=6ba5Xs-h_DM,Afraid (Simon Acetone Remix) (feat. Simon Acetone),ytmusic,87.5,2026-09-04T01:16:09
House,Various,Ali Bei,yes,jjZVAcBG3Vc,https://music.youtube.com/watch?v=jjZVAcBG3Vc,"Lieder, Op. 16: No. 1, Ali Bei",ytdlp,63.63636363636363,2026-09-04T01:59:51
House,Various,All Dayz,yes,pTqpNn7miHM,https://music.youtube.com/watch?v=pTqpNn7miHM,HAPPY Dayz - VARIOUS Artist.,ytmusic,85.71428571428571,2026-09-04T01:17:50
House,Various,Allright (Just A Tribute),yes,qa4vIsVcf-U,https://music.youtube.com/watch?v=qa4vIsVcf-U,Allright (Just A Tribute),ytmusic,86.20689655172414,2026-09-04T01:12:05
House,Various,Around,yes,JVuuatjHGnY,https://music.youtube.com/watch?v=JVuuatjHGnY,Lisa Stansfield - All Around the World,ytdlp,60.0,2026-09-04T01:19:00
House,Various,Broken Needs,yes,jwnAGUb1uxY,https://music.youtube.com/watch?v=jwnAGUb1uxY,Broken Needs,ytmusic,82.75862068965517,2026-09-04T01:12:04
House,Various,Cave Ceremony,yes,C93WgQkcoh8,https://music.youtube.com/watch?v=C93WgQkcoh8,Sacred Ceremony in the Cave of Windchimes,ytmusic,76.47058823529412,2026-09-04T01:12:30
House,Various,Changgu,no,,,,none,0.0,2026-09-04T01:58:43
House,Various,Dance With Me,yes,cvgdEdJDzNI,https://music.youtube.com/watch?v=cvgdEdJDzNI,DANCE WITH ME,ytmusic,100.0,2026-09-04T01:18:05
House,Various,Data Transparency,yes,DTkYqdq-5CQ,https://music.youtube.com/watch?v=DTkYqdq-5CQ,Transparency,ytmusic,88.88888888888889,2026-09-04T01:19:13
House,Various,Deeming Lights,yes,TdEutBYiteE,https://music.youtube.com/watch?v=TdEutBYiteE,Dry/Wet - Deeming Lights [VS006],ytmusic,77.77777777777777,2026-09-04T01:19:08
House,Various,Disco Computer,yes,43o3khWTN9M,https://music.youtube.com/watch?v=43o3khWTN9M,Midnight Spaceflight Disco,ytmusic,77.77777777777777,2026-09-04T01:19:15
House,Various,Electrofornication,no,,,,none,0.0,2026-09-04T01:59:53
House,Various,Fantasy (Original Full Version - 1988),yes,KgavaoJgINM,https://music.youtube.com/watch?v=KgavaoJgINM,Fantasy Strings - Loveswept (1988),ytdlp,60.0,2026-09-04T01:16:47
House,Various,Feel The B,yes,pRrXD8PjJW0,https://music.youtube.com/watch?v=pRrXD8PjJW0,Feel The B Praak Mashup | Soul Music 2.0 | Bpraak X Jaani X Ammy Virk X Sunanda | Punjabi Sad Mashup,ytmusic,71.42857142857143,2026-09-04T01:19:07
House,Various,Freeze (Unreleased Limelight Extended Mix - 1988),yes,CTCQYBD1rRE,https://music.youtube.com/watch?v=CTCQYBD1rRE,Freeze,ytmusic,75.0,2026-09-04T01:16:46
House,Various,Future Moves,yes,4Ng_xailBhU,https://music.youtube.com/watch?v=4Ng_xailBhU,Future Moves,ytmusic,82.05128205128204,2026-09-04T01:17:49
House,Various,Gogo Dança,yes,7Pp7IRhfK8o,https://music.youtube.com/watch?v=7Pp7IRhfK8o,Edy Lemond - Dança do Gogo Boy,ytmusic,71.42857142857143,2026-09-04T01:18:06
House,Various,Got That Buzz,yes,JyrilPyg_1I,https://music.youtube.com/watch?v=JyrilPyg_1I,Got That Buzz,ytmusic,76.47058823529412,2026-09-04T01:12:31
House,Various,House Arrest,yes,WDl7BuaoJqw,https://music.youtube.com/watch?v=WDl7BuaoJqw,Trap,ytmusic,82.75862068965517,2026-09-04T01:11:54
House,Various,I'd Rather Dance,yes,XEr8cutB3sg,https://music.youtube.com/watch?v=XEr8cutB3sg,I'd Rather Dance With You (Radio Mix),ytmusic,80.0,2026-09-04T01:17:48
House,Various,Icarus,yes,D-w2HwG18vg,https://music.youtube.com/watch?v=D-w2HwG18vg,Icarus,ytmusic,76.92307692307692,2026-09-04T01:11:55
House,Various,Interstellar Intercept,yes,dZPWQje1-vY,https://music.youtube.com/watch?v=dZPWQje1-vY,Sweater - Interstellar Intercept [HTP001],ytmusic,84.61538461538461,2026-09-04T01:12:29
House,Various,Interstellar Object,yes,yw9xaGFr_uE,https://music.youtube.com/watch?v=yw9xaGFr_uE,Interstellar Object,ytmusic,88.37209302325581,2026-09-04T01:14:55
House,Various,Just Go With the Billow,yes,zxRFJajrSyQ,https://music.youtube.com/watch?v=zxRFJajrSyQ,Poten - Just Go With The Billow [HTP001],ytmusic,85.18518518518519,2026-09-04T01:12:29
House,Various,Ketamine Chic,yes,ThCoyYa8Kmc,https://music.youtube.com/watch?v=ThCoyYa8Kmc,Ketamine Chic,ytmusic,76.47058823529412,2026-09-04T01:19:11
House,Various,Last Organ I Promise,yes,u19nAWoXTqE,https://music.youtube.com/watch?v=u19nAWoXTqE,ILyes - Last Organ I Promise,ytmusic,83.33333333333333,2026-09-04T01:14:57
House,Various,Like Dis,yes,hTZjJjjs-A0,https://music.youtube.com/watch?v=hTZjJjjs-A0,Like Dis,ytmusic,72.72727272727272,2026-09-04T01:19:09
House,Various,Loop Da Loop,yes,kagqFmoOTu4,https://music.youtube.com/watch?v=kagqFmoOTu4,Loop Da Loop,ytmusic,73.6842105263158,2026-09-04T01:14:56
House,Various,Lost In The Groove (Original - 1987),yes,a4W9OcOHQEg,https://music.youtube.com/watch?v=a4W9OcOHQEg,Lost In Groove,ytmusic,80.0,2026-09-04T01:16:48
House,Various,Luna (Shanti Celeste Remix),yes,zBvKkZEJsho,https://music.youtube.com/watch?v=zBvKkZEJsho,Luna (Shanti Celeste Remix),ytmusic,87.09677419354838,2026-09-04T01:12:04
House,Various,More Than A Lesson,yes,m0N70xhFZcM,https://music.youtube.com/watch?v=m0N70xhFZcM,More Than A Lesson,ytmusic,81.81818181818181,2026-09-04T01:18:25
House,Various,Myrtle The Moaner,yes,73fLEFtukoc,https://music.youtube.com/watch?v=73fLEFtukoc,Jhobei & Charleze - Myrtle The Moaner [VS006],ytmusic,80.95238095238095,2026-09-04T01:19:07
House,Various,NRJ,yes,35HzBw6M-K0,https://music.youtube.com/watch?v=35HzBw6M-K0,ACTRICES,ytmusic,69.56521739130434,2026-09-04T01:18:02
House,Various,Nothing,yes,I1Fu8mjaC94,https://music.youtube.com/watch?v=I1Fu8mjaC94,Topic x HRVY - All Or Nothing (Official Music Video),ytdlp,63.63636363636363,2026-09-04T01:16:07
House,Various,Oh No (Baklava Mix),yes,lvK2AhvBIDU,https://music.youtube.com/watch?v=lvK2AhvBIDU,Kiddy Castle - Oh No (Baklava Mix) [VS003],ytmusic,82.6086956521739,2026-09-04T01:17:47
House,Various,Rock The Beat,yes,kMMzWMccGbE,https://music.youtube.com/watch?v=kMMzWMccGbE,Various ‎– The Garage Zone Vol 2 : 60s Garage Beat Rock Punk Psychedelic Moxie Records Music Bands,ytmusic,100.0,2026-09-04T01:18:22
House,Various,Rushin,yes,aD7-1o2mrnk,https://music.youtube.com/watch?v=aD7-1o2mrnk,Various composers - Variations on a Russian theme for string quartet (audio + sheet music),ytmusic,66.66666666666666,2026-09-04T01:19:10
House,Various,Salut,yes,jWb0Q3RUu3c,https://music.youtube.com/watch?v=jWb0Q3RUu3c,Salut D` Amour - E.Elgar,ytmusic,100.0,2026-09-04T01:19:15
House,Various,Satisfied,yes,61bKls-Yvls,https://music.youtube.com/watch?v=61bKls-Yvls,Satisfied (Live),ytmusic,69.23076923076923,2026-09-04T01:14:53
House,Various,Sex Appeal,yes,YGKjhybnDAc,https://music.youtube.com/watch?v=YGKjhybnDAc,SEX APPEAL,ytmusic,71.42857142857143,2026-09-04T01:19:16
House,Various,Shoes,yes,eW8kfD6x00M,https://music.youtube.com/watch?v=eW8kfD6x00M,Black Rubber Shoes,ytmusic,100.0,2026-09-04T01:18:06
House,Various,Slipping Into Fiction (Mujik Remix),yes,P4NzC_asPk8,https://music.youtube.com/watch?v=P4NzC_asPk8,Slipping into Fiction (mujik remix),ytmusic,89.74358974358974,2026-09-04T01:16:08
House,Various,Spotlight,yes,16zh_hf5H-s,https://music.youtube.com/watch?v=16zh_hf5H-s,Spotlight,ytmusic,100.0,2026-09-04T01:11:55
House,Various,Sunrize,yes,Oqtal1MaeZs,https://music.youtube.com/watch?v=Oqtal1MaeZs,Sunrize,ytmusic,68.9655172413793,2026-09-04T01:19:14
House,Various,That Is Right!,no,,,,none,0.0,2026-09-04T01:59:44
House,Various,The Adventure,yes,Vu3cD7LmFXE,https://music.youtube.com/watch?v=Vu3cD7LmFXE,Various Artists - The Adventure Continues- Full Album,ytmusic,100.0,2026-09-04T01:18:21
House,Various,The Foil,yes,fSosJperUrI,https://music.youtube.com/watch?v=fSosJperUrI,The Foil,ytmusic,70.27027027027027,2026-09-04T01:14:54
House,Various,The House of Boppulus Toppulus,yes,PK7Nzv_VomA,https://music.youtube.com/watch?v=PK7Nzv_VomA,Papolious Jones - The House Of Boppulus Toppulus (-3%),ytmusic,88.23529411764706,2026-09-04T01:18:56
House,Various,Toad Ship,yes,zw92GbnV5aY,https://music.youtube.com/watch?v=zw92GbnV5aY,Toad Shaped Ship,ytdlp,72.0,2026-09-04T01:18:24
House,Various,Villain,yes,XnZXW-PgyMA,https://music.youtube.com/watch?v=XnZXW-PgyMA,Villain,ytmusic,100.0,2026-09-04T01:19:10
House,Various,You,no,,,,none,0.0,2026-09-04T01:59:32
House,Venetia,Camel,yes,GYfSBbDg4hw,https://music.youtube.com/watch?v=GYfSBbDg4hw,Venetia - Camel,ytmusic,100.0,2026-09-04T01:18:49
House,Venetia,Jet,yes,l88zEiBVK_s,https://music.youtube.com/watch?v=l88zEiBVK_s,Venetia - Jet [SN003],ytmusic,100.0,2026-09-04T01:18:49
House,Venetia,Shangri-La Disco,yes,FUXaf-XCkOY,https://music.youtube.com/watch?v=FUXaf-XCkOY,Venetia - Shangri-La Disco [SN003],ytmusic,100.0,2026-09-04T01:18:51
House,Venetia,The Mind,yes,I8_aRo_zpQs,https://music.youtube.com/watch?v=I8_aRo_zpQs,Venetia - The Mind (SN003),ytmusic,100.0,2026-09-04T01:18:50
House,Voom:Voom,All I Need,no,,,,none,0.0,2026-09-04T01:59:39
House,Voom:Voom,Sao Verought,yes,OdqGYtoD87o,https://music.youtube.com/watch?v=OdqGYtoD87o,Poppen,ytmusic,72.0,2026-09-04T01:16:22
House,WestBam,Born To Bang,yes,urT8NsBGUts,https://music.youtube.com/watch?v=urT8NsBGUts,Born to Bang,ytmusic,100.0,2026-09-04T01:15:54
House,WestBam,Born To Bang (Sharam Remix),yes,urT8NsBGUts,https://music.youtube.com/watch?v=urT8NsBGUts,Born to Bang,ytmusic,100.0,2026-09-04T01:15:52
House,WestBam,Westbound Express,yes,kE27yOHMd9o,https://music.youtube.com/watch?v=kE27yOHMd9o,WestBam - Westbound Express [1996],ytmusic,100.0,2026-09-04T01:15:53
IDM,Djinxx,212,yes,EfTHYn6x9PU,https://music.youtube.com/watch?v=EfTHYn6x9PU,212,ytmusic,100.0,2026-09-04T01:10:32
IDM,Djinxx,Electric City,yes,GkjzStwoYk8,https://music.youtube.com/watch?v=GkjzStwoYk8,Djinxx - Electric City,ytmusic,100.0,2026-09-04T01:10:34
IDM,Djinxx,Not Bio,yes,x5oTpZq5J2o,https://music.youtube.com/watch?v=x5oTpZq5J2o,Not Bio,ytmusic,100.0,2026-09-04T01:10:33
IDM,Djinxx,Soul Savana,yes,XL6YDwUvBTc,https://music.youtube.com/watch?v=XL6YDwUvBTc,Soul Savana,ytmusic,100.0,2026-09-04T01:10:34
IDM,Djinxx,The Show,yes,07CvoYvMnZ8,https://music.youtube.com/watch?v=07CvoYvMnZ8,Djinxx - The Show,ytmusic,100.0,2026-09-04T01:10:32
IDM,Matthias,Lazan Beat (Ultra Bass Mix),yes,svkam8X9M_I,https://music.youtube.com/watch?v=svkam8X9M_I,Matthias -- Lazan Beat (Ultra Bass Mix),ytmusic,100.0,2026-09-04T01:11:39
IDM,Matthias,Tube Star,yes,8GS8pwHEsjw,https://music.youtube.com/watch?v=8GS8pwHEsjw,Matthias -- Tube Star,ytmusic,100.0,2026-09-04T01:11:38
IDM,Matthias,Unharmonic,yes,FESMS6fjPtY,https://music.youtube.com/watch?v=FESMS6fjPtY,Matthias - Unharmonic [CKNOWEP47],ytmusic,100.0,2026-09-04T01:11:39
IDM,Matthias,Wires Around My Neck,yes,nDJSzgqymjA,https://music.youtube.com/watch?v=nDJSzgqymjA,Matthias -- Wires Around My Neck,ytmusic,100.0,2026-09-04T01:11:40
IDM,Various,Changgu,no,,,,none,0.0,2026-09-04T01:58:43
IDM,Various,House Arrest,yes,WDl7BuaoJqw,https://music.youtube.com/watch?v=WDl7BuaoJqw,Trap,ytmusic,82.75862068965517,2026-09-04T01:11:54
IDM,Various,Icarus,yes,D-w2HwG18vg,https://music.youtube.com/watch?v=D-w2HwG18vg,Icarus,ytmusic,76.92307692307692,2026-09-04T01:11:55
IDM,Various,Spotlight,yes,16zh_hf5H-s,https://music.youtube.com/watch?v=16zh_hf5H-s,Spotlight,ytmusic,100.0,2026-09-04T01:11:55
IDM,Wedding Acid Group,City Gate Funk,yes,eZG6HOEq43k,https://music.youtube.com/watch?v=eZG6HOEq43k,Wedding Acid Group -- City Gate Funk,ytmusic,100.0,2026-09-04T01:11:52
IDM,Wedding Acid Group,Colombo Acid,yes,aE7SDnVv5CI,https://music.youtube.com/watch?v=aE7SDnVv5CI,Wedding Acid Group -- Colombo Acid,ytmusic,100.0,2026-09-04T01:11:48
IDM,Wedding Acid Group,Dog Park Memories,yes,dlitH46rTdg,https://music.youtube.com/watch?v=dlitH46rTdg,Wedding Acid Group  -- Dog Park Memories,ytmusic,100.0,2026-09-04T01:11:51
IDM,Wedding Acid Group,Lost Memory FM,yes,d_9LzXchABY,https://music.youtube.com/watch?v=d_9LzXchABY,Wedding Acid Group -- Lost Memory Fm,ytmusic,100.0,2026-09-04T01:11:49
IDM,Wedding Acid Group,Low Moisture Acid,yes,BJvwYpfu4U8,https://music.youtube.com/watch?v=BJvwYpfu4U8,Wedding Acid Group - Low Moisture Acid [USR027],ytmusic,100.0,2026-09-04T01:11:48
IDM,Wedding Acid Group,Optimistic Acid,yes,1VXR1VyI3eU,https://music.youtube.com/watch?v=1VXR1VyI3eU,Wedding Acid Group -- Optimistic Acid,ytmusic,100.0,2026-09-04T01:11:50
IDM,Wedding Acid Group,Sunday Circles,yes,TenxTel3_9Y,https://music.youtube.com/watch?v=TenxTel3_9Y,Wedding Acid Group -- Sunday Circles,ytmusic,100.0,2026-09-04T01:11:51
IDM,Wedding Acid Group,Toy Story,yes,dr4b-a0zt8E,https://music.youtube.com/watch?v=dr4b-a0zt8E,Wedding Acid Group -- Toy Story,ytmusic,100.0,2026-09-04T01:11:47
Indie Rock,Melomanics,Energize,yes,Bp2N73Vi0Bw,https://music.youtube.com/watch?v=Bp2N73Vi0Bw,Energize,ytmusic,100.0,2026-09-04T01:19:44
Indie Rock,Melomanics,My Style,yes,LMBYZZpKhWo,https://music.youtube.com/watch?v=LMBYZZpKhWo,My Style,ytmusic,100.0,2026-09-04T01:19:45
Indie Rock,Melomanics,WYSIWYL,yes,IqY40KVpmiY,https://music.youtube.com/watch?v=IqY40KVpmiY,WYSIWYL,ytmusic,100.0,2026-09-04T01:19:43
Indie Rock,Melomanics,WYSIWYL (JA!-Remix),yes,WhC12D1v1ys,https://music.youtube.com/watch?v=WhC12D1v1ys,Melomanics - Paranoid,ytdlp,64.51612903225806,2026-09-04T01:19:46
Industrial,Woody McBride,Bonus Flight,yes,lGYD5LzG7Lw,https://music.youtube.com/watch?v=lGYD5LzG7Lw,Hidden,ytmusic,78.78787878787878,2026-09-04T01:10:52
Industrial,Woody McBride,Flights Departing  (Nee & Shreve Remix),yes,-M4ksLomRV0,https://music.youtube.com/watch?v=-M4ksLomRV0,Pulled,ytmusic,78.78787878787878,2026-09-04T01:10:52
Industrial,Woody McBride,Flights Departing  (Soultek Remix),yes,YevVDw75-Wo,https://music.youtube.com/watch?v=YevVDw75-Wo,Onda,ytmusic,83.87096774193549,2026-09-04T01:10:51
Industrial,Woody McBride,Flights Departing (Original),yes,yDX5PqYumL0,https://music.youtube.com/watch?v=yDX5PqYumL0,Woody McBride ESP - Flights Departing (Original Mix),ytmusic,84.93150684931507,2026-09-04T01:10:50
Italo House,Joe Lewandowski,Cosmic,yes,n81Xo5cAFNI,https://music.youtube.com/watch?v=n81Xo5cAFNI,Cosmic,ytmusic,100.0,2026-09-04T01:21:08
Italo House,Joe Lewandowski,Nick,yes,1qSKzCi9uD4,https://music.youtube.com/watch?v=1qSKzCi9uD4,Nick,ytmusic,100.0,2026-09-04T01:21:10
Italo House,Joe Lewandowski,Play That Game Ft. Dj Football,yes,Zl0nw5ZFJG8,https://music.youtube.com/watch?v=Zl0nw5ZFJG8,Play That Game,ytmusic,97.67441860465117,2026-09-04T01:21:10
Italo House,Joe Lewandowski,Power Ft. Manlia,yes,ykRZpM9S6Ac,https://music.youtube.com/watch?v=ykRZpM9S6Ac,Joe Lewandowski - Power ft.  Manlia [Friendsome Records],ytmusic,100.0,2026-09-04T01:21:09
Italo House,NND,Break the kick,yes,zyH36iyw9xY,https://music.youtube.com/watch?v=zyH36iyw9xY,NND - Break The Kick,ytmusic,100.0,2026-09-04T01:12:51
Italo House,NND,I'm coming for you,yes,XwaEcQ8KRKg,https://music.youtube.com/watch?v=XwaEcQ8KRKg,NND - I'm Coming For You,ytmusic,100.0,2026-09-04T01:12:52
Italo House,NND,Made in Italy '80,yes,fpK1FSdvj20,https://music.youtube.com/watch?v=fpK1FSdvj20,NND - Made in Italy '80,ytmusic,100.0,2026-09-04T01:12:53
Italo House,NND,Spirano Vice,yes,cvXD6UXo3F0,https://music.youtube.com/watch?v=cvXD6UXo3F0,NND - Spirano Vice,ytmusic,100.0,2026-09-04T01:12:52
Italo House,"Occibel, Marius",31 Peascod Street (Vocal Mix),yes,pahxXL6otiI,https://music.youtube.com/watch?v=pahxXL6otiI,31 Peascod Street (Vocal Mix),ytmusic,100.0,2026-09-04T01:20:25
Italo House,"Occibel, Marius",Don't Look Back,yes,muxkgCufSkk,https://music.youtube.com/watch?v=muxkgCufSkk,Look Back,ytmusic,100.0,2026-09-04T01:20:23
Italo House,"Occibel, Marius",Mellor Walk,yes,7cnjKeI4AFc,https://music.youtube.com/watch?v=7cnjKeI4AFc,Mellor Walk,ytmusic,100.0,2026-09-04T01:20:25
Italo House,"Occibel, Marius",The Green Guy,yes,HyYjNapfH4E,https://music.youtube.com/watch?v=HyYjNapfH4E,The Green Guy,ytmusic,84.0,2026-09-04T01:20:24
Italo House,"Palms Trax, Nonku Phiri",Petu,yes,OFXW6YufUYI,https://music.youtube.com/watch?v=OFXW6YufUYI,Petu,ytmusic,94.73684210526315,2026-09-04T01:22:20
Italo House,"Palms Trax, Nonku Phiri",Petu (Dub Mix),yes,6P96F6_mckc,https://music.youtube.com/watch?v=6P96F6_mckc,Petu (Dub Mix),ytmusic,88.88888888888889,2026-09-04T01:22:21
Italo House,"Palms Trax, Nonku Phiri",Petu (Masalo Remix),yes,N9dNhuM4Kb8,https://music.youtube.com/watch?v=N9dNhuM4Kb8,Petu (Masalo Remix),ytmusic,96.55172413793103,2026-09-04T01:22:22
Italo-Disco,Kiko,Planet Earth,yes,jJTX5LtzFIw,https://music.youtube.com/watch?v=jJTX5LtzFIw,Kiko - Planet Earth,ytmusic,100.0,2026-09-04T01:10:22
Italo-Disco,Kiko,Take A Chance,yes,SG_wTFlqbjs,https://music.youtube.com/watch?v=SG_wTFlqbjs,Take a Chance - Ozyriz,ytmusic,100.0,2026-09-04T01:10:22
Italo-Disco,The Force,Galactic Alliance,yes,eIcWljI6MUs,https://music.youtube.com/watch?v=eIcWljI6MUs,Galactic Alliance,ytmusic,100.0,2026-09-04T01:20:12
Italo-Disco,The Force,Haroid,yes,ph9LzQi0Aso,https://music.youtube.com/watch?v=ph9LzQi0Aso,The Force - Haroid [CD004],ytmusic,100.0,2026-09-04T01:20:12
Italo-Disco,The Force,Haroid (Calypso's Reinterpretation),yes,RBYEx7vHjSs,https://music.youtube.com/watch?v=RBYEx7vHjSs,The Force - Haroid (Calypso's Reinterpretation) [CALYPSO004],ytmusic,100.0,2026-09-04T01:20:14
Italo-Disco,The Force,Pit Box Mens,yes,8Gzt4rPNwJ0,https://music.youtube.com/watch?v=8Gzt4rPNwJ0,Pit box mens,ytmusic,100.0,2026-09-04T01:20:13
Italodance,U.S.U.R.A.,The Spaceman (Edit Mix),yes,znQqPKwaJPg,https://music.youtube.com/watch?v=znQqPKwaJPg,The Spaceman (Edit Mix),ytmusic,100.0,2026-09-04T01:21:22
Italodance,U.S.U.R.A.,The Spaceman (Planet Mix),yes,7K6x1NUkj14,https://music.youtube.com/watch?v=7K6x1NUkj14,The Spaceman (Planet Mix),ytmusic,100.0,2026-09-04T01:21:21
Italodance,U.S.U.R.A.,The Spaceman (Space Mix),yes,ih9UURiLlPw,https://music.youtube.com/watch?v=ih9UURiLlPw,The Spaceman (Space Mix),ytmusic,100.0,2026-09-04T01:21:23
Italodance,U.S.U.R.A.,The Spaceman (Unathorized Mix),yes,3buO7ZBpwF4,https://music.youtube.com/watch?v=3buO7ZBpwF4,The Spaceman,ytmusic,100.0,2026-09-04T01:21:23
Minimal,Aline Umber,Bazen,yes,Cl90v31Mw8k,https://music.youtube.com/watch?v=Cl90v31Mw8k,Aline Umber - Bazen feat. Songül,ytmusic,100.0,2026-09-04T01:21:04
Minimal,Aline Umber,Humanized,yes,VCl0BlJdfbU,https://music.youtube.com/watch?v=VCl0BlJdfbU,Aline Umber - Humanized [ALNOS04],ytmusic,100.0,2026-09-04T01:21:05
Minimal,Aline Umber,Ocean 23,yes,dl6LLc1GPaU,https://music.youtube.com/watch?v=dl6LLc1GPaU,Aline Umber - Ocean 23 [ALNOS04],ytmusic,100.0,2026-09-04T01:21:06
Minimal,Aline Umber,Story (Audiodal Mix),yes,v4dYyjsHNj0,https://music.youtube.com/watch?v=v4dYyjsHNj0,Aline Umber - Story (Audiodal Mix) [ALNOS04],ytmusic,100.0,2026-09-04T01:21:05
Minimal,Art Fact,...And The Seasons Changed,yes,XzPj5E3LXGo,https://music.youtube.com/watch?v=XzPj5E3LXGo,...And The Seasons Changed,ytmusic,100.0,2026-09-04T01:22:01
Minimal,Art Fact,Im Jealous,yes,_PnMlzbNeAI,https://music.youtube.com/watch?v=_PnMlzbNeAI,Art Fact - Im Jealous (Curses Remix),ytmusic,100.0,2026-09-04T01:21:57
Minimal,Art Fact,Lies,yes,IpLIBpt0vfw,https://music.youtube.com/watch?v=IpLIBpt0vfw,Lies,ytmusic,100.0,2026-09-04T01:22:00
Minimal,Art Fact,Nowadats,yes,DgFHsFrqznE,https://music.youtube.com/watch?v=DgFHsFrqznE,Nowadays,ytmusic,94.11764705882354,2026-09-04T01:21:59
Minimal,Art Fact,Stains,yes,iTUpEJD5RZs,https://music.youtube.com/watch?v=iTUpEJD5RZs,Stains,ytmusic,100.0,2026-09-04T01:22:00
Minimal,Art Fact,Whom Are You Dancing For?,yes,Fn0dO5GSCPE,https://music.youtube.com/watch?v=Fn0dO5GSCPE,Whom Are You Dancing For?,ytmusic,100.0,2026-09-04T01:21:58
Minimal,"Cesare Muraca, Aymeric",365 Days,yes,nKuvinxp06Y,https://music.youtube.com/watch?v=nKuvinxp06Y,Cesare Muraca - 365 Days,ytmusic,68.65671641791045,2026-09-04T01:11:14
Minimal,"Cesare Muraca, Aymeric",Funky Things,yes,7ajmkib0R0M,https://music.youtube.com/watch?v=7ajmkib0R0M,Aymeric - Funky Things,ytmusic,74.07407407407408,2026-09-04T01:11:15
Minimal,"Cesare Muraca, Aymeric",Initial Commit,yes,KzCc8sLZdZM,https://music.youtube.com/watch?v=KzCc8sLZdZM,Aymeric - Initial Commit,ytmusic,75.86206896551724,2026-09-04T01:11:14
Minimal,"Cesare Muraca, Aymeric",Possibilities,yes,_SqWMXMpXjc,https://music.youtube.com/watch?v=_SqWMXMpXjc,Cesare Muraca - Possibilities,ytmusic,72.72727272727272,2026-09-04T01:11:13
Minimal,"Cesare Muraca, Aymeric",Tasty Bonus,yes,U04PMWOZUhk,https://music.youtube.com/watch?v=U04PMWOZUhk,Aymeric - Tasty Bonus,ytmusic,73.07692307692308,2026-09-04T01:11:16
Minimal,DOTT,Deep Soi,yes,MBIw5eYsU0Y,https://music.youtube.com/watch?v=MBIw5eYsU0Y,Deep Soi,ytmusic,100.0,2026-09-04T01:11:28
Minimal,DOTT,Extra Flavour,yes,s_g4MdZmSac,https://music.youtube.com/watch?v=s_g4MdZmSac,Extra Flavour,ytmusic,100.0,2026-09-04T01:11:28
Minimal,DOTT,Imminent Catrastrophe,yes,bulurZCcgA4,https://music.youtube.com/watch?v=bulurZCcgA4,Imminent Catrastrophe,ytmusic,100.0,2026-09-04T01:11:29
Minimal,DOTT,Stalking Merlin,yes,0p0s7iDuLA4,https://music.youtube.com/watch?v=0p0s7iDuLA4,Stalking Merlin,ytmusic,100.0,2026-09-04T01:11:29
Minimal,Dan Ghenacia,Ravehouse,yes,amvxxSe18D4,https://music.youtube.com/watch?v=amvxxSe18D4,Dan Ghenacia - Ravehouse,ytmusic,100.0,2026-09-04T01:17:46
Minimal,Dan Ghenacia,Rolanda,yes,4EFI2DdsGV8,https://music.youtube.com/watch?v=4EFI2DdsGV8,Dan Ghenacia - Rolanda,ytmusic,100.0,2026-09-04T01:17:46
Minimal,Dan Ghenacia,Sydney 23,yes,OUG4OwpArcw,https://music.youtube.com/watch?v=OUG4OwpArcw,[DIG] Dan Ghenacia - Sydney 23,ytmusic,100.0,2026-09-04T01:17:45
Minimal,"EAT, Luciano",Bla Bla Bla,yes,xX5xGbAaezE,https://music.youtube.com/watch?v=xX5xGbAaezE,Bla Bla Bla,ytmusic,100.0,2026-09-04T01:19:42
Minimal,"EAT, Luciano",Mission Elevator,yes,xX5xGbAaezE,https://music.youtube.com/watch?v=xX5xGbAaezE,Bla Bla Bla,ytmusic,77.77777777777777,2026-09-04T01:19:41
Minimal,HOSTOM,Untitled,yes,KI1TUhJ3INU,https://music.youtube.com/watch?v=KI1TUhJ3INU,Untitled BA,ytmusic,100.0,2026-09-04T01:15:21
Minimal,HOSTOM,Untitled,yes,KI1TUhJ3INU,https://music.youtube.com/watch?v=KI1TUhJ3INU,Untitled BA,ytmusic,100.0,2026-09-04T01:15:21
Minimal,HOSTOM,Untitled,yes,KI1TUhJ3INU,https://music.youtube.com/watch?v=KI1TUhJ3INU,Untitled BA,ytmusic,100.0,2026-09-04T01:15:21
Minimal,HOSTOM,Untitled,yes,KI1TUhJ3INU,https://music.youtube.com/watch?v=KI1TUhJ3INU,Untitled BA,ytmusic,100.0,2026-09-04T01:15:21
Minimal,Lamalice,Creatures Don't Lie,yes,YeH8NtvQENA,https://music.youtube.com/watch?v=YeH8NtvQENA,Lamalice - Creatures Don't Lie [PF004],ytmusic,100.0,2026-09-04T01:20:05
Minimal,Lamalice,Disco Saucer,yes,9lmu7O41LWE,https://music.youtube.com/watch?v=9lmu7O41LWE,Lamalice - Disco Saucer [PF004],ytmusic,100.0,2026-09-04T01:20:03
Minimal,Lamalice,Earth Attack,yes,TSu5_QWmim4,https://music.youtube.com/watch?v=TSu5_QWmim4,Lamalice - Earth Attack [PF004],ytmusic,100.0,2026-09-04T01:20:03
Minimal,Lamalice,Humanoid Contact (E.T. Speaking Mix),yes,JlJM3-bcYFA,https://music.youtube.com/watch?v=JlJM3-bcYFA,Lamalice - Humanoïd Contact (E.T. Speaking Mix) [PF004],ytmusic,88.88888888888889,2026-09-04T01:20:04
Minimal,Lamalice,On a Mission,yes,ATfVqh40qjM,https://music.youtube.com/watch?v=ATfVqh40qjM,MAN ON A MISSION,ytmusic,74.4186046511628,2026-09-04T01:20:02
Minimal,"Miroloja, Janeret",Comex,yes,G42tSUu1nsQ,https://music.youtube.com/watch?v=G42tSUu1nsQ,Comex,ytmusic,100.0,2026-09-04T01:18:00
Minimal,"Miroloja, Janeret",Yaw,yes,aismRXvlT2Q,https://music.youtube.com/watch?v=aismRXvlT2Q,Yaw,ytmusic,100.0,2026-09-04T01:18:01
Minimal,Montei,Cortes,yes,2mwIir7U56Y,https://music.youtube.com/watch?v=2mwIir7U56Y,Montei ─ Cortes [3MA004],ytmusic,100.0,2026-09-04T01:12:59
Minimal,Montei,Gravedad,yes,mgdw-dbLiDg,https://music.youtube.com/watch?v=mgdw-dbLiDg,Montei - Gravedad,ytmusic,100.0,2026-09-04T01:13:00
Minimal,Montei,Indistinto,yes,ohyXsq07WvM,https://music.youtube.com/watch?v=ohyXsq07WvM,Montei  - Indistinto,ytmusic,100.0,2026-09-04T01:13:00
Minimal,Montei,Rufiàn,yes,78nj3EGnRyY,https://music.youtube.com/watch?v=78nj3EGnRyY,Montei - Rufiàn [3MA004],ytmusic,100.0,2026-09-04T01:13:01
Minimal,Phantom/Ghost,Nothing Is Written (Accidently Overdosed Remix By Tobias Thomas And Superpitcher),yes,iRIBRWK0toI,https://music.youtube.com/watch?v=iRIBRWK0toI,Nothing Is Written (Accidently Overdosed Remix by Tobias Thomas & Superpitcher),ytmusic,91.48936170212767,2026-09-04T01:10:56
Minimal,Phantom/Ghost,Nothing Is Written (Damascene Conversion By Coloma),yes,ZOz-rlrpe9E,https://music.youtube.com/watch?v=ZOz-rlrpe9E,Nothing Is Written (Damascene Conversion by Coloma),ytmusic,90.76923076923077,2026-09-04T01:10:57
Minimal,Phantom/Ghost,Nothing Is Written (Part 1),yes,A0A6vgiob8g,https://music.youtube.com/watch?v=A0A6vgiob8g,Nothing Is Written (Part 1),ytmusic,85.36585365853658,2026-09-04T01:10:58
Minimal,Sweely,Call Me Tonight (Huerta Remix),yes,lNPXx6sDzKA,https://music.youtube.com/watch?v=lNPXx6sDzKA,Call Me Tonight (Huerta Remix) (feat. Huerta),ytmusic,100.0,2026-09-04T01:17:59
Minimal,Sweely,Minilook (Gene On Earth Remix),yes,N2RmON-uWZY,https://music.youtube.com/watch?v=N2RmON-uWZY,MiniLook (Gene On Earth Remix) (feat. Gene On Earth),ytmusic,100.0,2026-09-04T01:17:57
Minimal,Sweely,No Part Of It (OCB Remix),yes,kn8jgOhLv2k,https://music.youtube.com/watch?v=kn8jgOhLv2k,Sweely - No Part Of It (OCB Remix) [BSU011],ytmusic,100.0,2026-09-04T01:18:00
Minimal,Sweely,Security (Garrett David Remix),yes,VIS_p7fJXfc,https://music.youtube.com/watch?v=VIS_p7fJXfc,Security (Garrett David Remix) (feat. Garrett David),ytmusic,100.0,2026-09-04T01:17:58
Minimal,Unknown Artist,Chewing gum,yes,nJVntfqTd-0,https://music.youtube.com/watch?v=nJVntfqTd-0,nobody,ytmusic,75.86206896551724,2026-09-04T01:17:56
Minimal,Unknown Artist,Night demons,yes,_kMnjieBUn0,https://music.youtube.com/watch?v=_kMnjieBUn0,Demons visit me every night and they don't let me sleep.,ytmusic,100.0,2026-09-04T01:17:55
Minimal,Unknown Artist,Scubafunk,yes,YDP-fFZN7pY,https://music.youtube.com/watch?v=YDP-fFZN7pY,Unknown Artist - Scubafunk,ytmusic,100.0,2026-09-04T01:17:54
Minimal,Unknown Artist,Sound picture,yes,CNiFbtOeFe0,https://music.youtube.com/watch?v=CNiFbtOeFe0,Unknown Artist / Sound Picture / Oblique Records / 2024,ytmusic,100.0,2026-09-04T01:17:56
Minimal,Unknown Artist,Untitled,yes,ca0uzI-QDPQ,https://music.youtube.com/watch?v=ca0uzI-QDPQ,Untitled,ytmusic,100.0,2026-09-04T01:21:36
Minimal,Unknown Artist,Untitled,yes,ca0uzI-QDPQ,https://music.youtube.com/watch?v=ca0uzI-QDPQ,Untitled,ytmusic,100.0,2026-09-04T01:21:36
Minimal,Various,Blitz,yes,JNgAsTUT2vY,https://music.youtube.com/watch?v=JNgAsTUT2vY,Warriors,ytmusic,81.48148148148148,2026-09-04T01:12:47
Minimal,Various,Cave Ceremony,yes,C93WgQkcoh8,https://music.youtube.com/watch?v=C93WgQkcoh8,Sacred Ceremony in the Cave of Windchimes,ytmusic,76.47058823529412,2026-09-04T01:12:30
Minimal,Various,Data Transparency,yes,DTkYqdq-5CQ,https://music.youtube.com/watch?v=DTkYqdq-5CQ,Transparency,ytmusic,88.88888888888889,2026-09-04T01:19:13
Minimal,Various,Electrofornication,no,,,,none,0.0,2026-09-04T01:59:53
Minimal,Various,Ellen,yes,mmjJUv8VPuE,https://music.youtube.com/watch?v=mmjJUv8VPuE,Ellen,ytmusic,71.42857142857143,2026-09-04T01:12:48
Minimal,Various,Got That Buzz,yes,JyrilPyg_1I,https://music.youtube.com/watch?v=JyrilPyg_1I,Got That Buzz,ytmusic,76.47058823529412,2026-09-04T01:12:31
Minimal,Various,Interstellar Intercept,yes,dZPWQje1-vY,https://music.youtube.com/watch?v=dZPWQje1-vY,Sweater - Interstellar Intercept [HTP001],ytmusic,84.61538461538461,2026-09-04T01:12:29
Minimal,Various,Just Go With the Billow,yes,zxRFJajrSyQ,https://music.youtube.com/watch?v=zxRFJajrSyQ,Poten - Just Go With The Billow [HTP001],ytmusic,85.18518518518519,2026-09-04T01:12:29
Minimal,Various,Ketamine Chic,yes,ThCoyYa8Kmc,https://music.youtube.com/watch?v=ThCoyYa8Kmc,Ketamine Chic,ytmusic,76.47058823529412,2026-09-04T01:19:11
Minimal,Various,"The Sky, The Sea",no,,,,none,0.0,2026-09-04T01:59:24
Minimal,Various,Touch Me,yes,-FjiUfTR3fs,https://music.youtube.com/watch?v=-FjiUfTR3fs,Touch Me,ytmusic,77.41935483870968,2026-09-04T01:12:50
Minimal,Various,Villain,yes,XnZXW-PgyMA,https://music.youtube.com/watch?v=XnZXW-PgyMA,Villain,ytmusic,100.0,2026-09-04T01:19:10
Minimal Techno,Carl A. Finlow,Count On It,yes,I9WPoiECGRk,https://music.youtube.com/watch?v=I9WPoiECGRk,Count On It,ytmusic,100.0,2026-09-04T01:18:46
Minimal Techno,Carl A. Finlow,Count On It (Noha Count On Me remix),yes,I9WPoiECGRk,https://music.youtube.com/watch?v=I9WPoiECGRk,Count On It,ytmusic,100.0,2026-09-04T01:18:48
Minimal Techno,Carl A. Finlow,Reprise,yes,8AkNOTItM2U,https://music.youtube.com/watch?v=8AkNOTItM2U,Reprise,ytmusic,100.0,2026-09-04T01:18:46
Minimal Techno,Carl A. Finlow,Reprise (Noha Reprize edit),yes,8nUYJLtBkpw,https://music.youtube.com/watch?v=8nUYJLtBkpw,Reprise,ytmusic,100.0,2026-09-04T01:18:47
Minimal Techno,"Miroloja, Janeret",Comex,yes,G42tSUu1nsQ,https://music.youtube.com/watch?v=G42tSUu1nsQ,Comex,ytmusic,100.0,2026-09-04T01:18:00
Minimal Techno,"Miroloja, Janeret",Yaw,yes,aismRXvlT2Q,https://music.youtube.com/watch?v=aismRXvlT2Q,Yaw,ytmusic,100.0,2026-09-04T01:18:01
Minimal Techno,"Mute:, Metazoo",Saton,yes,XZ-1tWIasWY,https://music.youtube.com/watch?v=XZ-1tWIasWY,Mute: & Metazoo – Saton,ytmusic,78.78787878787878,2026-09-04T01:10:41
Minimal Techno,"Mute:, Metazoo",Sigh,yes,Egt9SavocMg,https://music.youtube.com/watch?v=Egt9SavocMg,Mute: & Metazoo – Sigh (2000 And One Remix),ytmusic,77.41935483870968,2026-09-04T01:10:41
Minimal Techno,"Mute:, Metazoo",Sigh (2000 And One Remix),yes,Egt9SavocMg,https://music.youtube.com/watch?v=Egt9SavocMg,Mute: & Metazoo – Sigh (2000 And One Remix),ytmusic,90.41095890410959,2026-09-04T01:10:42
Minimal Techno,Various,Bahn 25,yes,aIGs5ndRrRU,https://music.youtube.com/watch?v=aIGs5ndRrRU,Bahn 25 - big wall,ytdlp,63.63636363636363,2026-09-04T01:58:40
Minimal Techno,Various,David Lee Goth (JPLS Remix),yes,bVWKTR74m8c,https://music.youtube.com/watch?v=bVWKTR74m8c,David Lee Goth (JPLS Remix),ytmusic,87.09677419354838,2026-09-04T01:10:50
Minimal Techno,Various,Noodle Soup,yes,zPfgvGPtYsE,https://music.youtube.com/watch?v=zPfgvGPtYsE,Noodle Soup,ytmusic,75.86206896551724,2026-09-04T01:10:45
Minimal Techno,Various,What's What She Said...,no,,,,none,0.0,2026-09-04T01:58:39
Modern Electric Blues,Michael Kiwanuka,Always Waiting,yes,_qzgSzB2x7E,https://music.youtube.com/watch?v=_qzgSzB2x7E,Always Waiting,ytmusic,100.0,2026-09-04T01:22:18
Modern Electric Blues,Michael Kiwanuka,Any Day Will Do Fine,yes,BpUv72-fZdM,https://music.youtube.com/watch?v=BpUv72-fZdM,Any Day Will Do Fine,ytmusic,100.0,2026-09-04T01:22:19
Modern Electric Blues,Michael Kiwanuka,Bones,yes,bAiau0N04I8,https://music.youtube.com/watch?v=bAiau0N04I8,Bones,ytmusic,100.0,2026-09-04T01:22:17
Modern Electric Blues,Michael Kiwanuka,Home Again,yes,zC_m1qAmnbk,https://music.youtube.com/watch?v=zC_m1qAmnbk,Home Again,ytmusic,100.0,2026-09-04T01:22:16
Modern Electric Blues,Michael Kiwanuka,I Won't Lie,yes,DM0kQ1rO0qE,https://music.youtube.com/watch?v=DM0kQ1rO0qE,I Won't Lie,ytmusic,100.0,2026-09-04T01:22:18
Modern Electric Blues,Michael Kiwanuka,I'll Get Along,yes,mf2iQKojsQo,https://music.youtube.com/watch?v=mf2iQKojsQo,I'll Get Along,ytmusic,100.0,2026-09-04T01:22:15
Modern Electric Blues,Michael Kiwanuka,I'm Getting Ready,yes,stg5ug0aWg4,https://music.youtube.com/watch?v=stg5ug0aWg4,I'm Getting Ready,ytmusic,100.0,2026-09-04T01:22:14
Modern Electric Blues,Michael Kiwanuka,Rest,yes,9X-aCebgZPg,https://music.youtube.com/watch?v=9X-aCebgZPg,Rest,ytmusic,100.0,2026-09-04T01:22:16
Modern Electric Blues,Michael Kiwanuka,Tell Me A Tale,yes,ULZ7KG5Cju4,https://music.youtube.com/watch?v=ULZ7KG5Cju4,Tell Me A Tale,ytmusic,100.0,2026-09-04T01:22:13
Modern Electric Blues,Michael Kiwanuka,Worry Walks Beside Me,yes,FbpOUAnIbc4,https://music.youtube.com/watch?v=FbpOUAnIbc4,Worry Walks Beside Me,ytmusic,100.0,2026-09-04T01:22:20
New Beat,Art Fact,...And The Seasons Changed,yes,XzPj5E3LXGo,https://music.youtube.com/watch?v=XzPj5E3LXGo,...And The Seasons Changed,ytmusic,100.0,2026-09-04T01:22:01
New Beat,Art Fact,Im Jealous,yes,_PnMlzbNeAI,https://music.youtube.com/watch?v=_PnMlzbNeAI,Art Fact - Im Jealous (Curses Remix),ytmusic,100.0,2026-09-04T01:21:57
New Beat,Art Fact,Lies,yes,IpLIBpt0vfw,https://music.youtube.com/watch?v=IpLIBpt0vfw,Lies,ytmusic,100.0,2026-09-04T01:22:00
New Beat,Art Fact,Nowadats,yes,DgFHsFrqznE,https://music.youtube.com/watch?v=DgFHsFrqznE,Nowadays,ytmusic,94.11764705882354,2026-09-04T01:21:59
New Beat,Art Fact,Stains,yes,iTUpEJD5RZs,https://music.youtube.com/watch?v=iTUpEJD5RZs,Stains,ytmusic,100.0,2026-09-04T01:22:00
New Beat,Art Fact,Whom Are You Dancing For?,yes,Fn0dO5GSCPE,https://music.youtube.com/watch?v=Fn0dO5GSCPE,Whom Are You Dancing For?,ytmusic,100.0,2026-09-04T01:21:58
New Beat,Remain,ALONE,yes,4eb2EpMQV6E,https://music.youtube.com/watch?v=4eb2EpMQV6E,until when i remain alone - وإلى متى سوف أبقى وحيد // lyrics + translation,ytdlp,100.0,2026-09-04T01:24:19
New Wave,Art Fact,...And The Seasons Changed,yes,XzPj5E3LXGo,https://music.youtube.com/watch?v=XzPj5E3LXGo,...And The Seasons Changed,ytmusic,100.0,2026-09-04T01:22:01
New Wave,Art Fact,Im Jealous,yes,_PnMlzbNeAI,https://music.youtube.com/watch?v=_PnMlzbNeAI,Art Fact - Im Jealous (Curses Remix),ytmusic,100.0,2026-09-04T01:21:57
New Wave,Art Fact,Lies,yes,IpLIBpt0vfw,https://music.youtube.com/watch?v=IpLIBpt0vfw,Lies,ytmusic,100.0,2026-09-04T01:22:00
New Wave,Art Fact,Nowadats,yes,DgFHsFrqznE,https://music.youtube.com/watch?v=DgFHsFrqznE,Nowadays,ytmusic,94.11764705882354,2026-09-04T01:21:59
New Wave,Art Fact,Stains,yes,iTUpEJD5RZs,https://music.youtube.com/watch?v=iTUpEJD5RZs,Stains,ytmusic,100.0,2026-09-04T01:22:00
New Wave,Art Fact,Whom Are You Dancing For?,yes,Fn0dO5GSCPE,https://music.youtube.com/watch?v=Fn0dO5GSCPE,Whom Are You Dancing For?,ytmusic,100.0,2026-09-04T01:21:58
New Wave,Remain,ALONE,yes,4eb2EpMQV6E,https://music.youtube.com/watch?v=4eb2EpMQV6E,until when i remain alone - وإلى متى سوف أبقى وحيد // lyrics + translation,ytdlp,100.0,2026-09-04T01:24:19
Nu-Disco,Boot & Tax,Dimensione A,yes,0OkH7zVVjzk,https://music.youtube.com/watch?v=0OkH7zVVjzk,Boot & Tax - Dimensione A [EF83],ytmusic,100.0,2026-09-04T01:21:37
Nu-Disco,Boot & Tax,Dimensione B,yes,4JUfZZfQa6M,https://music.youtube.com/watch?v=4JUfZZfQa6M,Boot & Tax - Dimensione B [EF83],ytmusic,100.0,2026-09-04T01:21:37
Nu-Disco,Boot & Tax,Dimensione C,yes,JRHbt6twU4M,https://music.youtube.com/watch?v=JRHbt6twU4M,Boot & Tax - Dimensione C [EF83],ytmusic,100.0,2026-09-04T01:21:38
Nu-Disco,Mamosato,Be Positive,yes,tPjSZoY_Fx0,https://music.youtube.com/watch?v=tPjSZoY_Fx0,Be Positive,ytmusic,100.0,2026-09-04T01:20:21
Nu-Disco,Mamosato,Mamotool,yes,QVsHq7P3OSE,https://music.youtube.com/watch?v=QVsHq7P3OSE,Mamosato - Mamotool [STL006],ytmusic,100.0,2026-09-04T01:20:23
Nu-Disco,Mamosato,Second On Seven,yes,Dwre48XLKP8,https://music.youtube.com/watch?v=Dwre48XLKP8,Second On Seven,ytmusic,100.0,2026-09-04T01:20:21
Nu-Disco,Mamosato,Silence Mood,yes,wzB3GsIr8To,https://music.youtube.com/watch?v=wzB3GsIr8To,Silence Mood,ytmusic,100.0,2026-09-04T01:20:22
Nu-Disco,"Palms Trax, Nonku Phiri",Petu,yes,OFXW6YufUYI,https://music.youtube.com/watch?v=OFXW6YufUYI,Petu,ytmusic,94.73684210526315,2026-09-04T01:22:20
Nu-Disco,"Palms Trax, Nonku Phiri",Petu (Dub Mix),yes,6P96F6_mckc,https://music.youtube.com/watch?v=6P96F6_mckc,Petu (Dub Mix),ytmusic,88.88888888888889,2026-09-04T01:22:21
Nu-Disco,"Palms Trax, Nonku Phiri",Petu (Masalo Remix),yes,N9dNhuM4Kb8,https://music.youtube.com/watch?v=N9dNhuM4Kb8,Petu (Masalo Remix),ytmusic,96.55172413793103,2026-09-04T01:22:22
Nu-Disco,Various,Bittersweet Thereafter,yes,YHFH5tJSeC8,https://music.youtube.com/watch?v=YHFH5tJSeC8,Sneak-Thief -- Bittersweet Thereafter,ytmusic,84.61538461538461,2026-09-04T01:20:06
Nu-Disco,Various,Le Gigolo,yes,XjNlP3LrFiY,https://music.youtube.com/watch?v=XjNlP3LrFiY,gigolo,ytmusic,66.66666666666666,2026-09-04T01:20:08
Nu-Disco,Various,My Deutsche Machine,yes,U-bCp_zUERw,https://music.youtube.com/watch?v=U-bCp_zUERw,A.LM.A -- My Deutsche Machine,ytmusic,82.6086956521739,2026-09-04T01:20:08
Nu-Disco,Various,New World Order,yes,_bAVEuPhb7U,https://music.youtube.com/watch?v=_bAVEuPhb7U,New World Order,ytmusic,82.6086956521739,2026-09-04T01:20:06
Nu-Disco,mattrogg,Crazy Wilhelm,yes,gqZiAafaE6c,https://music.youtube.com/watch?v=gqZiAafaE6c,Mattrogg - Crazy Wilhelm,ytmusic,100.0,2026-09-04T01:21:49
Nu-Disco,mattrogg,I Come To You,yes,t7PFEiohndk,https://music.youtube.com/watch?v=t7PFEiohndk,Mattrogg - I Come To You,ytmusic,100.0,2026-09-04T01:21:51
Nu-Disco,mattrogg,Steel Feather,yes,JKsMP2UR0wY,https://music.youtube.com/watch?v=JKsMP2UR0wY,Mattrogg - Steel Feather,ytmusic,100.0,2026-09-04T01:21:49
Nu-Disco,mattrogg,The Duke,yes,IzYACw3YM8g,https://music.youtube.com/watch?v=IzYACw3YM8g,Mattrogg - The Duke,ytmusic,100.0,2026-09-04T01:21:50
P.Funk,ADC Band,Hot Legs,yes,0JepkUEXqdw,https://music.youtube.com/watch?v=0JepkUEXqdw,THE ADC BAND - hot legs,ytmusic,100.0,2026-09-04T01:19:51
P.Funk,ADC Band,Hot Legs,yes,0JepkUEXqdw,https://music.youtube.com/watch?v=0JepkUEXqdw,THE ADC BAND - hot legs,ytmusic,100.0,2026-09-04T01:19:51
Post-Punk,Eric OS,Cherry Red,yes,cZHmF_bvQF4,https://music.youtube.com/watch?v=cZHmF_bvQF4,Cherry Red,ytmusic,100.0,2026-09-04T01:13:09
Post-Punk,Eric OS,Electrodreammachine,yes,UcXiWqMyaYk,https://music.youtube.com/watch?v=UcXiWqMyaYk,Electrodreammachine,ytmusic,100.0,2026-09-04T01:13:08
Post-Punk,Eric OS,Elusive,yes,VxWtCrWkmxw,https://music.youtube.com/watch?v=VxWtCrWkmxw,Elusive,ytmusic,100.0,2026-09-04T01:13:07
Post-Punk,Eric OS,Feeling Real,yes,0SuB_Iw5wqw,https://music.youtube.com/watch?v=0SuB_Iw5wqw,Feeling Real,ytmusic,100.0,2026-09-04T01:13:09
Post-Punk,Eric OS,Stereophysical,yes,4Mv8AfV7iKE,https://music.youtube.com/watch?v=4Mv8AfV7iKE,Stereophysical,ytmusic,100.0,2026-09-04T01:13:06
Post-Punk,Eric OS,Underworld,yes,UhPYy_EUVfg,https://music.youtube.com/watch?v=UhPYy_EUVfg,Underworld,ytmusic,100.0,2026-09-04T01:13:06
Post-Punk,Remain,ALONE,yes,4eb2EpMQV6E,https://music.youtube.com/watch?v=4eb2EpMQV6E,until when i remain alone - وإلى متى سوف أبقى وحيد // lyrics + translation,ytdlp,100.0,2026-09-04T01:24:19
Progressive House,Alex Neri,Club Element,yes,7KJUyQLYBtw,https://music.youtube.com/watch?v=7KJUyQLYBtw,Club Element,ytmusic,100.0,2026-09-04T01:14:18
Progressive House,Alex Neri,Housetrack,yes,zHBOVa5pkxM,https://music.youtube.com/watch?v=zHBOVa5pkxM,Housetrack,ytmusic,100.0,2026-09-04T01:14:17
Progressive House,"Alfred Czital, Ayū",Body High,yes,0zm8bzMywYg,https://music.youtube.com/watch?v=0zm8bzMywYg,Body High,ytmusic,100.0,2026-09-04T01:12:39
Progressive House,"Alfred Czital, Ayū",In The End,yes,BkTq-nJYH2k,https://music.youtube.com/watch?v=BkTq-nJYH2k,Ayū - In The End [HARMONY013],ytmusic,65.11627906976744,2026-09-04T01:12:39
Progressive House,"Alfred Czital, Ayū",Midnight Picnic,yes,6JRpJmIIQDE,https://music.youtube.com/watch?v=6JRpJmIIQDE,Alfred Czital - Midnight Picnic [HARMONY013],ytmusic,78.57142857142857,2026-09-04T01:12:40
Progressive House,"Alfred Czital, Ayū",The Robbery,yes,VW-a-mUtPMU,https://music.youtube.com/watch?v=VW-a-mUtPMU,The Robbery,ytmusic,100.0,2026-09-04T01:12:38
Progressive House,Arnic,Dr. Machine,yes,XyaYRwz87uY,https://music.youtube.com/watch?v=XyaYRwz87uY,Arnic - Dr.  Machine [Radioaktion],ytmusic,100.0,2026-09-04T01:15:11
Progressive House,Arnic,Emotionless,yes,5H0Ewa69ewE,https://music.youtube.com/watch?v=5H0Ewa69ewE,Arnic - Emotionless [RDKN01],ytmusic,100.0,2026-09-04T01:15:13
Progressive House,Arnic,The Fire Inside,yes,XKC9r740D6s,https://music.youtube.com/watch?v=XKC9r740D6s,Arnic - The Fire Inside [RDKN01R],ytmusic,100.0,2026-09-04T01:15:12
Progressive House,Arnic,The Future Sound Of Music,yes,kaDcFtOQgUQ,https://music.youtube.com/watch?v=kaDcFtOQgUQ,Arnic ─ The Future Sound Of Music [RDKN01],ytmusic,100.0,2026-09-04T01:15:10
Progressive House,Asphalt DJ,2 De Wave,yes,d-K0I0JJzk0,https://music.youtube.com/watch?v=d-K0I0JJzk0,Asphalt DJ - 2 De Wave [HAWS023],ytmusic,100.0,2026-09-04T01:15:04
Progressive House,Asphalt DJ,Eternal Flower,yes,wFQBSeJoTlg,https://music.youtube.com/watch?v=wFQBSeJoTlg,Asphalt DJ - Eternal Flower,ytmusic,100.0,2026-09-04T01:15:04
Progressive House,Asphalt DJ,In My Mind,yes,e0fslXBxnok,https://music.youtube.com/watch?v=e0fslXBxnok,Asphalt DJ - In My Mind,ytmusic,100.0,2026-09-04T01:15:03
Progressive House,Asphalt DJ,Sonic Endeavour,yes,KoTv3Yj8nTo,https://music.youtube.com/watch?v=KoTv3Yj8nTo,Asphalt DJ - Sonic Endeavour [HAWS023],ytmusic,100.0,2026-09-04T01:15:05
Progressive House,Bingo Bango Bongo Collective,The Sweat (Bingo Bango Bongo Collective Original Mix),yes,pjeGXR5BoY4,https://music.youtube.com/watch?v=pjeGXR5BoY4,Bingo Bango Bongo Collective ‎-The Sweat - (Bingo Bango Bongo Collective Original Mix),ytmusic,96.49122807017544,2026-09-04T01:13:55
Progressive House,Bingo Bango Bongo Collective,The Sweat (Funky Disco & The Nu Groove Remix),yes,hf2hNL64saM,https://music.youtube.com/watch?v=hf2hNL64saM,Bingo Bango Bongo,ytmusic,85.0,2026-09-04T01:13:54
Progressive House,Bingo Bango Bongo Collective,The Sweat (Funky Disco's Wizz-ard Mix),yes,LuV45Yllf4k,https://music.youtube.com/watch?v=LuV45Yllf4k,Bingo Bango Bongo Collective - The Sweat (Funky Discos Wizz-ard Mix),ytmusic,93.65079365079364,2026-09-04T01:13:56
Progressive House,Bingo Bango Bongo Collective,The Sweat (Hard 2 Dance Remix),yes,2ERMoZMm_ls,https://music.youtube.com/watch?v=2ERMoZMm_ls,Bingo Bango Bongo Collective - The Sweat (Hard 2 Dance Remix),ytmusic,100.0,2026-09-04T01:13:57
Progressive House,Boomshanka,Do What You Wanna Do (Blemished Mix),yes,54HZflJH4Qk,https://music.youtube.com/watch?v=54HZflJH4Qk,Boomshanka – Do What You Wanna Do (Blemished Mix),ytmusic,100.0,2026-09-04T01:14:00
Progressive House,Boomshanka,Do What You Wanna Do (Hyper Dub),yes,HXgIi9Ys4zA,https://music.youtube.com/watch?v=HXgIi9Ys4zA,AA - Boomshanka - Do What You Wanna Do (Hyper Dub),ytmusic,100.0,2026-09-04T01:14:02
Progressive House,Boomshanka,Do What You Wanna Do (Snake Dub),yes,wGk5dlu0AB0,https://music.youtube.com/watch?v=wGk5dlu0AB0,Boomshanka - Do What U Wanna Do (Snake Dub),ytmusic,94.73684210526315,2026-09-04T01:14:01
Progressive House,Brutal DeLuxe,Brutal Deluxe (Brutal Mix),yes,rK6ztQ4iWvg,https://music.youtube.com/watch?v=rK6ztQ4iWvg,Brutal Deluxe - Brutal Deluxe (Brutal Mix),ytmusic,100.0,2026-09-04T01:14:08
Progressive House,Brutal DeLuxe,Brutal Deluxe (Wandsworth Degenerates Mix),yes,O6y2-mVMjLs,https://music.youtube.com/watch?v=O6y2-mVMjLs,AA - Brutal Deluxe - Brutal Deluxe (Wandsworth Degenerates Mix),ytmusic,100.0,2026-09-04T01:14:08
Progressive House,Calvin Stones,Celebrate,yes,QA0YCo8yI-I,https://music.youtube.com/watch?v=QA0YCo8yI-I,Calvin Stones 3 - Celebrate,ytmusic,100.0,2026-09-04T01:13:53
Progressive House,Calvin Stones,Disco Stretch,yes,Vm8cl8o7pJs,https://music.youtube.com/watch?v=Vm8cl8o7pJs,Calvin Stones 3 - Disco Stretch,ytmusic,100.0,2026-09-04T01:13:52
Progressive House,Calvin Stones,Karma,yes,i3mE-Y6rj_E,https://music.youtube.com/watch?v=i3mE-Y6rj_E,Calvin Stones 3 - Karma,ytmusic,100.0,2026-09-04T01:13:54
Progressive House,Celvin Rotane,I Believe (Dub Version),yes,8QwrMLWVfrI,https://music.youtube.com/watch?v=8QwrMLWVfrI,I Believe (Dub Version),ytmusic,100.0,2026-09-04T01:13:51
Progressive House,Celvin Rotane,I Believe (Mel O'Ween's Remix),yes,h6xMmvTBxaU,https://music.youtube.com/watch?v=h6xMmvTBxaU,Celvin Rotane - I Believe (Mel O'Ween's Remix),ytmusic,100.0,2026-09-04T01:13:51
Progressive House,Celvin Rotane,I Believe (Misjah's  Remix),yes,3zpvbiOYdvw,https://music.youtube.com/watch?v=3zpvbiOYdvw,I Believe (Misjah's Remix),ytmusic,100.0,2026-09-04T01:13:49
Progressive House,Celvin Rotane,I Believe (Radio Version),yes,zuKVF-Ue4ls,https://music.youtube.com/watch?v=zuKVF-Ue4ls,B2 – Celvin Rotane – I Believe (Radio Version) Vinyl Rip B2,ytmusic,100.0,2026-09-04T01:13:50
Progressive House,Celvin Rotane,I Believe (Rozzo's Remix),yes,rFVtm9tKGMk,https://music.youtube.com/watch?v=rFVtm9tKGMk,I Believe (Rozzo's Remix),ytmusic,100.0,2026-09-04T01:13:48
Progressive House,"Chris Roxx, Farley",Rude Boy,yes,fin-_zn3uvw,https://music.youtube.com/watch?v=fin-_zn3uvw,Rude Boy,ytmusic,82.35294117647058,2026-09-04T01:14:44
Progressive House,"Chris Roxx, Farley",Rude Boy (Roxx),yes,afn-JubIMIo,https://music.youtube.com/watch?v=afn-JubIMIo,Rude Boy Roxx,ytmusic,68.85245901639344,2026-09-04T01:14:43
Progressive House,"Chris Roxx, Farley",The Thrill,yes,x_McMc1vi6E,https://music.youtube.com/watch?v=x_McMc1vi6E,The Thrill Is Gone,ytmusic,71.11111111111111,2026-09-04T01:14:44
Progressive House,D-Noiser,Pump Up The Bass (House Ballroom Mix),yes,Z-i-Zc26sF4,https://music.youtube.com/watch?v=Z-i-Zc26sF4,D-NOISER - PUMP UP THE BASS (House Ballroom Mix),ytmusic,100.0,2026-09-04T01:14:05
Progressive House,D-Noiser,Pump Up The Bass (Tekkno Mix),yes,NtQkyPwlDFY,https://music.youtube.com/watch?v=NtQkyPwlDFY,D-Noiser - Pump Up The Bass (Tekkno Mix) (Acid Trance 1995),ytmusic,100.0,2026-09-04T01:14:06
Progressive House,D-Noiser,The House Of Pain (Wonder Mix),yes,HXXrffDZjoY,https://music.youtube.com/watch?v=HXXrffDZjoY,D-NOISER - THE HOUSE OF PAIN (WONDER MIX),ytmusic,100.0,2026-09-04T01:14:07
Progressive House,DJ Jeremy,Gotta Have Ur Luv,yes,ITmiIbheZtA,https://music.youtube.com/watch?v=ITmiIbheZtA,DJ Jeremy - Gotta Have Ur Luv,ytmusic,100.0,2026-09-04T01:14:33
Progressive House,DJ Jeremy,Prefer 2 House,yes,jwWvuT_M6XA,https://music.youtube.com/watch?v=jwWvuT_M6XA,DJ Jeremy - Prefer 2 House,ytmusic,100.0,2026-09-04T01:14:33
Progressive House,DJ Jeremy,Superfunky,yes,LyBlw3o-oSM,https://music.youtube.com/watch?v=LyBlw3o-oSM,DJ Jeremy - Superfunky [SW-005],ytmusic,100.0,2026-09-04T01:14:32
Progressive House,DJ Life,Frayed,yes,xOip30vtgpM,https://music.youtube.com/watch?v=xOip30vtgpM,Frayed,ytmusic,100.0,2026-09-04T01:15:06
Progressive House,DJ Life,Transmission,yes,xq6DLAiv5gI,https://music.youtube.com/watch?v=xq6DLAiv5gI,Transmission,ytmusic,100.0,2026-09-04T01:15:07
Progressive House,DJ Life,Whomnp,yes,gz3cTVW1xwY,https://music.youtube.com/watch?v=gz3cTVW1xwY,Whomnp,ytmusic,100.0,2026-09-04T01:15:06
Progressive House,Danny Howells,Throb,yes,6lVYZo0-noI,https://music.youtube.com/watch?v=6lVYZo0-noI,Throb,ytmusic,100.0,2026-09-04T01:15:22
Progressive House,Danny Howells,Thrunk,yes,WE09w2Wyzf8,https://music.youtube.com/watch?v=WE09w2Wyzf8,Thrunk,ytmusic,100.0,2026-09-04T01:15:22
Progressive House,"Death Before Disco, Scubadevils",Celestial Symphony (Angel Delight Mix),yes,WkXdggtyHzU,https://music.youtube.com/watch?v=WkXdggtyHzU,Scubadevils - Celestial Symphony,ytmusic,96.7741935483871,2026-09-04T01:10:04
Progressive House,"Death Before Disco, Scubadevils",Ministry (Exploding Plastic Inevitable Mix),yes,HVBY73qfBvM,https://music.youtube.com/watch?v=HVBY73qfBvM,Death Before Disco - Ministry (Exploding Plastic Inevitable Mix),ytmusic,85.49618320610688,2026-09-04T01:10:04
Progressive House,Deep Piece,Torwart,yes,kNHlo7qceFI,https://music.youtube.com/watch?v=kNHlo7qceFI,Torwart (Loud Bass Mix),ytmusic,100.0,2026-09-04T01:13:35
Progressive House,Deep Piece,Torwart (Backroom Mix),yes,ej90_ERs-cw,https://music.youtube.com/watch?v=ej90_ERs-cw,Deep Piece ‎- Torwart (Backroom Mix),ytmusic,100.0,2026-09-04T01:13:37
Progressive House,Deep Piece,Torwart (Dub),yes,5zPaf44wIB8,https://music.youtube.com/watch?v=5zPaf44wIB8,Deep Piece - Torwart (Dub) (1994),ytmusic,100.0,2026-09-04T01:13:36
Progressive House,Deja Vu,Why Why Why (Déja Dub),yes,udTPA-oz78Q,https://music.youtube.com/watch?v=udTPA-oz78Q,Why Why Why,ytmusic,100.0,2026-09-04T01:13:33
Progressive House,Deja Vu,Why Why Why (Déja Vu Club Mix),yes,udTPA-oz78Q,https://music.youtube.com/watch?v=udTPA-oz78Q,Why Why Why,ytmusic,100.0,2026-09-04T01:13:32
Progressive House,Deja Vu,Why Why Why (H.A.L.F. Acid Workout),yes,1WWSmkX4F10,https://music.youtube.com/watch?v=1WWSmkX4F10,DEJA VU - WHY WHY WHY (H.A.L.F. ACID WORKOUT),ytmusic,100.0,2026-09-04T01:13:35
Progressive House,Deja Vu,Why Why Why (Rolo's Alternative Mix),yes,81YSMBuui3A,https://music.youtube.com/watch?v=81YSMBuui3A,DEJA VU - WHY WHY WHY (ROLO'S ALTERNATIVE MIX),ytmusic,100.0,2026-09-04T01:13:34
Progressive House,Depeche Mode,It's No Good (Club 69 Funk Dub),yes,hg-cKc0ija0,https://music.youtube.com/watch?v=hg-cKc0ija0,It's No Good,ytmusic,100.0,2026-09-04T01:10:26
Progressive House,Depeche Mode,It's No Good (Club 69 Future Dub),yes,hg-cKc0ija0,https://music.youtube.com/watch?v=hg-cKc0ija0,It's No Good,ytmusic,100.0,2026-09-04T01:10:25
Progressive House,Depeche Mode,It's No Good (Club 69 Future Mix),yes,Xg6g1M1_AdM,https://music.youtube.com/watch?v=Xg6g1M1_AdM,It's No Good (Club 69 Future Mix),ytmusic,100.0,2026-09-04T01:10:24
Progressive House,Depeche Mode,It's No Good (Hardfloor Mix),yes,S6ymbPfFnRA,https://music.youtube.com/watch?v=S6ymbPfFnRA,It's No Good (Hardfloor Mix),ytmusic,100.0,2026-09-04T01:10:24
Progressive House,Depeche Mode,It's No Good (Speedy J Mix),yes,K8hSWE8h73E,https://music.youtube.com/watch?v=K8hSWE8h73E,It's No Good (Speedy J Mix),ytmusic,100.0,2026-09-04T01:10:23
Progressive House,Diss-Cuss,Pissed Apache (Apache Pissed Mix),yes,Q6pTeubkX-E,https://music.youtube.com/watch?v=Q6pTeubkX-E,Pissed Apache,ytmusic,100.0,2026-09-04T01:13:21
Progressive House,Diss-Cuss,Pissed Apache (Josh On The Jest List Mix),yes,Q6pTeubkX-E,https://music.youtube.com/watch?v=Q6pTeubkX-E,Pissed Apache,ytmusic,100.0,2026-09-04T01:13:20
Progressive House,Dos Piratas,Sonrisas (Original Mix),yes,E3nPQfXgf8M,https://music.youtube.com/watch?v=E3nPQfXgf8M,Dos Piratas - Sonrisas (Original Mix) - 1997 [VYNL] - (2 of 2).,ytmusic,100.0,2026-09-04T01:14:21
Progressive House,Dos Piratas,Sonrisas (Phoenix Remix),yes,U67Osd0mNSQ,https://music.youtube.com/watch?v=U67Osd0mNSQ,Dos Piratas - Sonrisas (Phoenix Re-Mix) - 1997 - VYNL - [1 of 2].,ytmusic,89.23076923076923,2026-09-04T01:14:22
Progressive House,Dr. Kucho!,Electric Woman,yes,GwzGOLVlu6U,https://music.youtube.com/watch?v=GwzGOLVlu6U,Electric Woman,ytmusic,100.0,2026-09-04T01:14:15
Progressive House,Dr. Kucho!,Tribal Adventure,yes,-dSPiRhioWA,https://music.youtube.com/watch?v=-dSPiRhioWA,Tribal Adventure,ytmusic,100.0,2026-09-04T01:14:16
Progressive House,Emma B,Is It A Dream,yes,9_nDt2SNLQw,https://music.youtube.com/watch?v=9_nDt2SNLQw,Is It A Dream,ytmusic,100.0,2026-09-04T01:15:01
Progressive House,Emma B,Meltinglove,yes,VHFYxRbnPxU,https://music.youtube.com/watch?v=VHFYxRbnPxU,Meltinglove (Vitess Remix),ytmusic,100.0,2026-09-04T01:15:00
Progressive House,Emma B,Meltinglove (Maruwa Remix),yes,z0h5ByTy80I,https://music.youtube.com/watch?v=z0h5ByTy80I,Meltinglove (Maruwa Remix),ytmusic,100.0,2026-09-04T01:15:02
Progressive House,Emma B,Meltinglove (Vitess Remix),yes,VHFYxRbnPxU,https://music.youtube.com/watch?v=VHFYxRbnPxU,Meltinglove (Vitess Remix),ytmusic,100.0,2026-09-04T01:15:01
Progressive House,Euphoria,Mercurial (Ernie & Berts Utterly Wiped Out Mix),yes,BKVRvgeguH8,https://music.youtube.com/watch?v=BKVRvgeguH8,Mercurial (Ernie & Berts Utterly Wiped Out Mix),ytmusic,100.0,2026-09-04T01:13:31
Progressive House,Euphoria,Mercurial (Euphoria V's Ernie & Bert Travelling At The Speed Of Light Mix),yes,uExi9511DIk,https://music.youtube.com/watch?v=uExi9511DIk,Mercurial (Euphoria V's Ernie & Bert Travelling At The Speed Of Light Mix),ytmusic,100.0,2026-09-04T01:13:31
Progressive House,Euphoria,Mercurial (Euphoric Original Mix),yes,C-_SyT9uT48,https://music.youtube.com/watch?v=C-_SyT9uT48,Mercurial (Euphoric Original Mix),ytmusic,100.0,2026-09-04T01:13:29
Progressive House,Euphoria,Mercurial (The Ernie & Bert Stone High Mix),yes,OGOHAHCCxb8,https://music.youtube.com/watch?v=OGOHAHCCxb8,Mercurial (The Ernie & Bert Stone High Mix),ytmusic,100.0,2026-09-04T01:13:30
Progressive House,Future Breeze,Read My Lips,yes,pEc0Ke-8XqM,https://music.youtube.com/watch?v=pEc0Ke-8XqM,Read My Lips,ytmusic,100.0,2026-09-04T01:14:02
Progressive House,Future Breeze,Read My Lips (Future Breeze Remix),yes,pEc0Ke-8XqM,https://music.youtube.com/watch?v=pEc0Ke-8XqM,Read My Lips,ytmusic,100.0,2026-09-04T01:14:03
Progressive House,"Giammarco Orsini, Intheismah",Control You,yes,yo8jA_IQkAI,https://music.youtube.com/watch?v=yo8jA_IQkAI,"Giammarco Orsini, Intheismah - Control You",ytmusic,100.0,2026-09-04T01:12:57
Progressive House,"Giammarco Orsini, Intheismah",Gift,yes,b21fDPKK0jU,https://music.youtube.com/watch?v=b21fDPKK0jU,"Giammarco Orsini, Intheismah - Gift",ytmusic,100.0,2026-09-04T01:12:57
Progressive House,"Giammarco Orsini, Intheismah",The Transition,yes,HwsU98ZilFk,https://music.youtube.com/watch?v=HwsU98ZilFk,"Giammarco Orsini, Intheismah - The Transition",ytmusic,100.0,2026-09-04T01:12:59
Progressive House,"Giammarco Orsini, Intheismah",Wake Up,yes,AG-ZA_F-iY4,https://music.youtube.com/watch?v=AG-ZA_F-iY4,"Giammarco Orsini, Intheismah - Wake Up",ytmusic,100.0,2026-09-04T01:12:58
Progressive House,H.H.C.,Plump,yes,lH-MP1TAOYI,https://music.youtube.com/watch?v=lH-MP1TAOYI,h.c.c. plump,ytdlp,91.66666666666667,2026-09-04T01:13:39
Progressive House,H.H.C.,We're Not Alone,yes,zSxpzszlM_w,https://music.youtube.com/watch?v=zSxpzszlM_w,H.H.C. - We're Not Alone (Radio Edit),ytmusic,100.0,2026-09-04T01:13:37
Progressive House,HOSTOM,Untitled,yes,KI1TUhJ3INU,https://music.youtube.com/watch?v=KI1TUhJ3INU,Untitled BA,ytmusic,100.0,2026-09-04T01:15:21
Progressive House,HOSTOM,Untitled,yes,KI1TUhJ3INU,https://music.youtube.com/watch?v=KI1TUhJ3INU,Untitled BA,ytmusic,100.0,2026-09-04T01:15:21
Progressive House,HOSTOM,Untitled,yes,KI1TUhJ3INU,https://music.youtube.com/watch?v=KI1TUhJ3INU,Untitled BA,ytmusic,100.0,2026-09-04T01:15:21
Progressive House,HOSTOM,Untitled,yes,KI1TUhJ3INU,https://music.youtube.com/watch?v=KI1TUhJ3INU,Untitled BA,ytmusic,100.0,2026-09-04T01:15:21
Progressive House,Hydra,Butterflies (Heliotropic Mix),yes,lJbGNHmAwas,https://music.youtube.com/watch?v=lJbGNHmAwas,Hydra - Butterflies (Heliotropic Mix),ytmusic,100.0,2026-09-04T01:13:57
Progressive House,Hydra,Butterflies (Hermaphrodite Main Mix),yes,iJhX9ez0Wws,https://music.youtube.com/watch?v=iJhX9ez0Wws,HYDRA - BUTTERFLIES (HERMAPHRODITE MAIN MIX),ytmusic,100.0,2026-09-04T01:13:58
Progressive House,Hydra,Butterflies (Original Mix),yes,nkdzuvda5qY,https://music.youtube.com/watch?v=nkdzuvda5qY,Hydra - Butterflies (Original Mix),ytmusic,100.0,2026-09-04T01:13:59
Progressive House,Hydra,Butterflies (The Light Remix),yes,hPvv0W29jts,https://music.youtube.com/watch?v=hPvv0W29jts,Hydra - Butterflies (The Light Remix),ytmusic,100.0,2026-09-04T01:13:59
Progressive House,Jesse Saunders,On & On (2003 Groove Vocal),yes,TmtuRDfqZhQ,https://music.youtube.com/watch?v=TmtuRDfqZhQ,On & On,ytmusic,100.0,2026-09-04T01:14:25
Progressive House,Jesse Saunders,On & On (Chikenskin Tribal Mix),yes,TmtuRDfqZhQ,https://music.youtube.com/watch?v=TmtuRDfqZhQ,On & On,ytmusic,100.0,2026-09-04T01:14:24
Progressive House,Jesse Saunders,On & On (Hard & Funky),yes,TmtuRDfqZhQ,https://music.youtube.com/watch?v=TmtuRDfqZhQ,On & On,ytmusic,100.0,2026-09-04T01:14:26
Progressive House,Jesse Saunders,On & On (Jesse's Jazz Mix),yes,mtRK_EuE9_g,https://music.youtube.com/watch?v=mtRK_EuE9_g,On & On (Jesse's Jaz),ytmusic,92.95774647887323,2026-09-04T01:14:23
Progressive House,Jesse Saunders,On & On (Loop),yes,TmtuRDfqZhQ,https://music.youtube.com/watch?v=TmtuRDfqZhQ,On & On,ytmusic,100.0,2026-09-04T01:14:24
Progressive House,Jesse Saunders,On & On (Nu-Retro Elektro),yes,TmtuRDfqZhQ,https://music.youtube.com/watch?v=TmtuRDfqZhQ,On & On,ytmusic,100.0,2026-09-04T01:14:28
Progressive House,Jesse Saunders,On & On (On-apella),yes,TmtuRDfqZhQ,https://music.youtube.com/watch?v=TmtuRDfqZhQ,On & On,ytmusic,100.0,2026-09-04T01:14:26
Progressive House,Jesse Saunders,On & On (Stone's Throw Back MIx),yes,gF2QyCL6KH4,https://music.youtube.com/watch?v=gF2QyCL6KH4,On & On (Stone's Throwback),ytmusic,83.58208955223881,2026-09-04T01:14:23
Progressive House,Jesse Saunders,On & On (Tony B's Down & Dirty),yes,TmtuRDfqZhQ,https://music.youtube.com/watch?v=TmtuRDfqZhQ,On & On,ytmusic,100.0,2026-09-04T01:14:27
Progressive House,Kamasutra,Night Walk (Black Horses),yes,tnB4AYNZv-8,https://music.youtube.com/watch?v=tnB4AYNZv-8,Night Walk,ytmusic,100.0,2026-09-04T01:13:45
Progressive House,Kamasutra,Night Walk (Dob-Jam Dub),yes,0WjIAE22hA8,https://music.youtube.com/watch?v=0WjIAE22hA8,Night Walk,ytmusic,100.0,2026-09-04T01:13:41
Progressive House,Kamasutra,Night Walk (Night Walk Version),yes,tnB4AYNZv-8,https://music.youtube.com/watch?v=tnB4AYNZv-8,Night Walk,ytmusic,100.0,2026-09-04T01:13:43
Progressive House,Kamasutra,Night Walk (On The Mountain),yes,Z0B9h39r1BI,https://music.youtube.com/watch?v=Z0B9h39r1BI,Night Walk,ytmusic,100.0,2026-09-04T01:13:44
Progressive House,Kamasutra,Night Walk (Rejuiced),yes,tnB4AYNZv-8,https://music.youtube.com/watch?v=tnB4AYNZv-8,Night Walk,ytmusic,100.0,2026-09-04T01:13:42
Progressive House,Kamasutra,Night Walk (To The Cave),yes,Z0B9h39r1BI,https://music.youtube.com/watch?v=Z0B9h39r1BI,Night Walk,ytmusic,100.0,2026-09-04T01:13:43
Progressive House,Matthias,Fender Strato,yes,tpOoIeccRDw,https://music.youtube.com/watch?v=tpOoIeccRDw,Matthias - Fender Strato [REDISCO003],ytmusic,100.0,2026-09-04T01:15:09
Progressive House,Matthias,Les Rythmes Sont Robotiques,yes,PTPVXAGCHac,https://music.youtube.com/watch?v=PTPVXAGCHac,Matthias - Les Rhytmes Sont Robotiques [REDISCO003],ytmusic,87.5,2026-09-04T01:15:10
Progressive House,Matthias,Psy Dance,yes,xmu_5M3_j-w,https://music.youtube.com/watch?v=xmu_5M3_j-w,Matthias - Psy Dance [REDISCO003],ytmusic,100.0,2026-09-04T01:15:08
Progressive House,Matthias,Robot Axe,yes,qAhAqk84ieE,https://music.youtube.com/watch?v=qAhAqk84ieE,Matthias - Robot Axe [REDISCO003],ytmusic,100.0,2026-09-04T01:15:08
Progressive House,Mirko Felicioli,Air Felix,yes,yAfOG9pGPck,https://music.youtube.com/watch?v=yAfOG9pGPck,Mirko Felicioli - Air Felix [SENTAKU009],ytmusic,100.0,2026-09-04T01:13:11
Progressive House,Mirko Felicioli,Analong Time,yes,JBGbwYvmq5I,https://music.youtube.com/watch?v=JBGbwYvmq5I,Mirko Felicioli - Analong Time [SENTAKU009],ytmusic,100.0,2026-09-04T01:13:11
Progressive House,Mirko Felicioli,Fantasy,yes,blFJwZWVM5k,https://music.youtube.com/watch?v=blFJwZWVM5k,Mirko Felicioli - Fantasy [SENTAKU009],ytmusic,100.0,2026-09-04T01:13:12
Progressive House,Mirko Felicioli,Tsukuyomi,yes,PfnnWKZF2A0,https://music.youtube.com/watch?v=PfnnWKZF2A0,Mirko Felicioli - Tsukuyomi [SENTAKU009],ytmusic,100.0,2026-09-04T01:13:10
Progressive House,"Neil Arthur, The Grid",I Love I Hate (2.45... Nuttall Street),yes,QveQKGZE7oQ,https://music.youtube.com/watch?v=QveQKGZE7oQ,Neil Arthur & The Grid – I Love I Hate (2.45... Nuttall Street) (1994),ytmusic,92.5925925925926,2026-09-04T01:14:40
Progressive House,"Neil Arthur, The Grid",I Love I Hate (The Excalibur Mix),yes,kmGMfo1TspQ,https://music.youtube.com/watch?v=kmGMfo1TspQ,I Love I Hate,ytmusic,82.05128205128204,2026-09-04T01:14:38
Progressive House,"Neil Arthur, The Grid",I Love I Hate (The Riverside Ambient Mix),yes,OnRWPJOvc8g,https://music.youtube.com/watch?v=OnRWPJOvc8g,Neil Arthur & The Grid -- I Love I Hate (The Riverside Ambient Mix),ytmusic,92.98245614035088,2026-09-04T01:14:41
Progressive House,"Neil Arthur, The Grid",I Love I Hate (The Roundtable Dub),yes,kmGMfo1TspQ,https://music.youtube.com/watch?v=kmGMfo1TspQ,I Love I Hate,ytmusic,82.05128205128204,2026-09-04T01:14:39
Progressive House,Olsvangèr,Bubble Toy,yes,eGnstvOhOds,https://music.youtube.com/watch?v=eGnstvOhOds,Bubble Toy,ytmusic,100.0,2026-09-04T01:15:15
Progressive House,Olsvangèr,Goldman’s Propeller,yes,2uezkhXgowM,https://music.youtube.com/watch?v=2uezkhXgowM,Goldman's Propeller,ytmusic,96.55172413793103,2026-09-04T01:15:24
Progressive House,Olsvangèr,Grand Slammin',yes,nVykCx-m1bI,https://music.youtube.com/watch?v=nVykCx-m1bI,Grand Slammin',ytmusic,100.0,2026-09-04T01:15:13
Progressive House,Olsvangèr,Lava Luva,yes,pzDrcGrpy9E,https://music.youtube.com/watch?v=pzDrcGrpy9E,Lava Luva,ytmusic,100.0,2026-09-04T01:15:25
Progressive House,Olsvangèr,Lunar Kiss Baby Whale,yes,NB9p6fFWFas,https://music.youtube.com/watch?v=NB9p6fFWFas,Olsvangèr -- Lunar Kiss Baby Whale,ytmusic,100.0,2026-09-04T01:15:24
Progressive House,Olsvangèr,Paranoweed,yes,EMnOvIMo7Q8,https://music.youtube.com/watch?v=EMnOvIMo7Q8,Paranoweed,ytmusic,100.0,2026-09-04T01:15:14
Progressive House,Olsvangèr,Quadi B,yes,RyKD5azXw9M,https://music.youtube.com/watch?v=RyKD5azXw9M,Quadi B,ytmusic,100.0,2026-09-04T01:15:15
Progressive House,Olsvangèr,The Core,yes,i4Fnmo64QzU,https://music.youtube.com/watch?v=i4Fnmo64QzU,The Core,ytmusic,100.0,2026-09-04T01:15:23
Progressive House,Opik,Eastern,yes,dIZnl55rdGc,https://music.youtube.com/watch?v=dIZnl55rdGc,The Unity Of Middle Eastern (feat. Mochamad Taufik Ismail),ytmusic,100.0,2026-09-04T01:14:46
Progressive House,Opik,M62,yes,GyFEeCUDWPg,https://music.youtube.com/watch?v=GyFEeCUDWPg,Opik - M62,ytmusic,100.0,2026-09-04T01:14:47
Progressive House,Opik,Orson,yes,FUsJiqUVxto,https://music.youtube.com/watch?v=FUsJiqUVxto,Opik – Orson,ytmusic,100.0,2026-09-04T01:14:45
Progressive House,Opik,Serotonin,yes,toMSDAFVU2I,https://music.youtube.com/watch?v=toMSDAFVU2I,Opik - Serotonin,ytmusic,100.0,2026-09-04T01:14:46
Progressive House,Perks Of Living Society,2 Damn Free (H.A.L.F. Boom Vocal Mix),yes,6HjRn4hehfw,https://music.youtube.com/watch?v=6HjRn4hehfw,2 Damn Free,ytmusic,100.0,2026-09-04T01:14:31
Progressive House,Perks Of Living Society,2 Damn Free (H.A.L.F. Vocal Remix),yes,6HjRn4hehfw,https://music.youtube.com/watch?v=6HjRn4hehfw,2 Damn Free,ytmusic,100.0,2026-09-04T01:14:30
Progressive House,Perks Of Living Society,2 Damn Free (P.L.S. Arena Mix),yes,rppfvzSRJxo,https://music.youtube.com/watch?v=rppfvzSRJxo,2 Damn Free (PLS Arena Edit),ytmusic,92.45283018867924,2026-09-04T01:14:28
Progressive House,Perks Of Living Society,2 Damn Free (Play Boys Cool Zone Dub),no,,,,none,0.0,2026-09-04T01:59:29
Progressive House,Remote Control,Groove Me Baby (Dedicated To CY),yes,16RvKJyE_eY,https://music.youtube.com/watch?v=16RvKJyE_eY,Remote Control - Groove Me Baby (Dedicated To CY) [Kosmotune],ytmusic,100.0,2026-09-04T01:13:41
Progressive House,Remote Control,I Feel It,yes,BwxLj1c3W6o,https://music.youtube.com/watch?v=BwxLj1c3W6o,Remote Control – I Feel It,ytmusic,100.0,2026-09-04T01:13:40
Progressive House,Remote Control,Let It Go,yes,ES6jHpYRx-I,https://music.youtube.com/watch?v=ES6jHpYRx-I,Remote Control – Let It Go,ytmusic,100.0,2026-09-04T01:13:39
Progressive House,Sedona,Pulsation (Ascending),yes,OiiUf0FrEaY,https://music.youtube.com/watch?v=OiiUf0FrEaY,Pulsation (Ascending),ytmusic,100.0,2026-09-04T01:15:18
Progressive House,Sedona,Pulsation (Naone Ice Breaker Remix),yes,AbK1q1y-J5Y,https://music.youtube.com/watch?v=AbK1q1y-J5Y,Pulsation (Naone Ice Breaker Remix),ytmusic,100.0,2026-09-04T01:15:19
Progressive House,Sedona,Pulsation (Sinister),yes,SUaWMG4YkT0,https://music.youtube.com/watch?v=SUaWMG4YkT0,Sedona - Pulsation (Sinister)  [1995],ytmusic,100.0,2026-09-04T01:15:20
Progressive House,Sedona,Pulsation (Test Tube),yes,SC-d5F543lA,https://music.youtube.com/watch?v=SC-d5F543lA,Pulsation (Test Tube),ytmusic,100.0,2026-09-04T01:15:19
Progressive House,Simon Lovechild,Headhunters,yes,KZzJzPovPDM,https://music.youtube.com/watch?v=KZzJzPovPDM,Headhunters,ytmusic,65.38461538461539,2026-09-04T01:14:34
Progressive House,Simon Lovechild,Waterfall,yes,cnqYivJbVP0,https://music.youtube.com/watch?v=cnqYivJbVP0,Waterfall,ytmusic,83.33333333333333,2026-09-04T01:14:35
Progressive House,Sister Bliss,Badman (Badman Original Mix),yes,UjLKmSb7t0Q,https://music.youtube.com/watch?v=UjLKmSb7t0Q,Original Badman,ytmusic,81.08108108108108,2026-09-04T01:14:35
Progressive House,Sister Bliss,Badman (Being Boiled),yes,W1orSUqGMOY,https://music.youtube.com/watch?v=W1orSUqGMOY,Sister Bliss,ytmusic,68.57142857142857,2026-09-04T01:14:37
Progressive House,Sister Bliss,Badman (Epic Mix),yes,mTxbDg8Bo8U,https://music.youtube.com/watch?v=mTxbDg8Bo8U,A Kind Of Peace (Rollo and Sister Bliss Dub mix),ytmusic,72.34042553191489,2026-09-04T01:14:36
Progressive House,Sister Bliss,Badman (Junkdog),yes,BNtDVYrIh2w,https://music.youtube.com/watch?v=BNtDVYrIh2w,Sister Bliss - Bad Man (Junkdog Mix),ytmusic,67.46987951807229,2026-09-04T01:14:37
Progressive House,Slacker,Scared (Dylan Rhymes Remix),yes,buMbciHbdHs,https://music.youtube.com/watch?v=buMbciHbdHs,Slacker - Scared (Dylan Rhymes Remix),ytmusic,100.0,2026-09-04T01:14:14
Progressive House,Slacker,Scared (Edit),yes,waY-rplusJQ,https://music.youtube.com/watch?v=waY-rplusJQ,Slacker - Scared (AI upscale),ytmusic,80.0,2026-09-04T01:14:13
Progressive House,Slacker,Scared (Of Tomorrow Mix),yes,4YgUpXsOKyE,https://music.youtube.com/watch?v=4YgUpXsOKyE,Slacker - Scared (Scared Of Tomorrow Mix),ytmusic,93.33333333333333,2026-09-04T01:14:12
Progressive House,Slacker,Scared (P.O.B's Seismix),no,,,,none,0.0,2026-09-04T01:59:27
Progressive House,Slacker,Scared (The Lonely Traveller Mix),yes,jqlL952AOEg,https://music.youtube.com/watch?v=jqlL952AOEg,SLACKER   SCARED  LONELY TRAVELLER MIX    A  1997 MADE IN D,ytmusic,86.11111111111111,2026-09-04T01:14:11
Progressive House,Slam,Intensities In-Ten-Cities,yes,sPGCarfLago,https://music.youtube.com/watch?v=sPGCarfLago,Slam - Intensities In-Ten-Cities,ytmusic,100.0,2026-09-04T01:09:29
Progressive House,Slam,Positive Education,yes,td2gsObDqqA,https://music.youtube.com/watch?v=td2gsObDqqA,Positive Education,ytmusic,100.0,2026-09-04T01:09:29
Progressive House,Slamm,"Energize (12"" Master)",yes,BvRHfkcxvec,https://music.youtube.com/watch?v=BvRHfkcxvec,Energize,ytmusic,100.0,2026-09-04T01:13:22
Progressive House,Slamm,Energize (Captain's Log Mix),yes,BvRHfkcxvec,https://music.youtube.com/watch?v=BvRHfkcxvec,Energize,ytmusic,100.0,2026-09-04T01:13:25
Progressive House,Slamm,Energize (La Camorra Headless Mix),yes,BvRHfkcxvec,https://music.youtube.com/watch?v=BvRHfkcxvec,Energize,ytmusic,100.0,2026-09-04T01:13:22
Progressive House,Slamm,Energize (Ride Of The Vulcans Mix),yes,BvRHfkcxvec,https://music.youtube.com/watch?v=BvRHfkcxvec,Energize,ytmusic,100.0,2026-09-04T01:13:24
Progressive House,Slamm,Energize (Safe Hands Planet Mix),yes,BvRHfkcxvec,https://music.youtube.com/watch?v=BvRHfkcxvec,Energize,ytmusic,100.0,2026-09-04T01:13:23
Progressive House,Sohrab,Crystal Clear,yes,uWY6BAqtEzo,https://music.youtube.com/watch?v=uWY6BAqtEzo,Crystal Clear,ytmusic,100.0,2026-09-04T01:14:52
Progressive House,Sohrab,Dualism,yes,AYho2wfsXDo,https://music.youtube.com/watch?v=AYho2wfsXDo,Dualism,ytmusic,100.0,2026-09-04T01:14:48
Progressive House,Sohrab,Fleeting Thoughts,yes,MIjOne_a6m4,https://music.youtube.com/watch?v=MIjOne_a6m4,Fleeting Thoughts,ytmusic,100.0,2026-09-04T01:14:50
Progressive House,Sohrab,Fool's Demise,yes,g-R8QfwM-2U,https://music.youtube.com/watch?v=g-R8QfwM-2U,Fool's Demise,ytmusic,100.0,2026-09-04T01:14:49
Progressive House,Sohrab,Movimento Perpetuo,yes,R0j4WSIucK8,https://music.youtube.com/watch?v=R0j4WSIucK8,Movimento Perpetuo,ytmusic,100.0,2026-09-04T01:14:50
Progressive House,Sohrab,Sunseeker,yes,wBvnu-nnDIg,https://music.youtube.com/watch?v=wBvnu-nnDIg,Sunseeker,ytmusic,100.0,2026-09-04T01:14:51
Progressive House,Sohrab,Transfer Learning,yes,ZZYOfdPIumQ,https://music.youtube.com/watch?v=ZZYOfdPIumQ,Transfer Learning,ytmusic,100.0,2026-09-04T01:14:48
Progressive House,Sohrab,VRF,yes,gXrksWaSAyQ,https://music.youtube.com/watch?v=gXrksWaSAyQ,V.R.F,ytmusic,90.9090909090909,2026-09-04T01:14:52
Progressive House,Solar Plexus,Ankara Dub,yes,gUvWnFHnQ14,https://music.youtube.com/watch?v=gUvWnFHnQ14,Solar Plexus - Ankara Dub [OPIA014],ytmusic,100.0,2026-09-04T01:14:59
Progressive House,Solar Plexus,Full Tilt (Full On Mix),yes,aKHy6OePMFE,https://music.youtube.com/watch?v=aKHy6OePMFE,Solar Plexus,ytmusic,100.0,2026-09-04T01:14:57
Progressive House,Solar Plexus,Hush,yes,j3evcEmL4Ps,https://music.youtube.com/watch?v=j3evcEmL4Ps,Solar Plexus - Hush,ytmusic,100.0,2026-09-04T01:14:58
Progressive House,Solar Plexus,Shanti,yes,7OuZMkJ-YHQ,https://music.youtube.com/watch?v=7OuZMkJ-YHQ,Solar Plexus - Shanti (2023),ytmusic,100.0,2026-09-04T01:14:59
Progressive House,Supereal,United State Of Love (Follow Your Bliss Mix),yes,5ArGmo2La1g,https://music.youtube.com/watch?v=5ArGmo2La1g,A State of Bliss,ytmusic,77.77777777777777,2026-09-04T01:59:26
Progressive House,Supereal,United State Of Love (Soma Dub Remix),yes,lcaB0lx7xAI,https://music.youtube.com/watch?v=lcaB0lx7xAI,United State Of Love,ytmusic,100.0,2026-09-04T01:13:29
Progressive House,Supereal,United State Of Love (The Aorta Mix),yes,lcaB0lx7xAI,https://music.youtube.com/watch?v=lcaB0lx7xAI,United State Of Love,ytmusic,100.0,2026-09-04T01:13:27
Progressive House,Supereal,United State Of Love (The Slam Remix),yes,lcaB0lx7xAI,https://music.youtube.com/watch?v=lcaB0lx7xAI,United State Of Love,ytmusic,100.0,2026-09-04T01:13:28
Progressive House,Terraflow,5 am Gillian House,yes,epxVm2pZIOY,https://music.youtube.com/watch?v=epxVm2pZIOY,Terraflow -- 5am Gillian House,ytmusic,90.19607843137254,2026-09-04T01:15:17
Progressive House,Terraflow,Clay,yes,i0MJw-rKEsM,https://music.youtube.com/watch?v=i0MJw-rKEsM,Terraflow -- Clay,ytmusic,100.0,2026-09-04T01:15:16
Progressive House,Terraflow,Dysania,yes,PHr4JPkzgPc,https://music.youtube.com/watch?v=PHr4JPkzgPc,Terraflow -- Dysania,ytmusic,100.0,2026-09-04T01:15:16
Progressive House,Terraflow,Intergalactic Space Time Travel,yes,Gn7J7Vmk0dM,https://music.youtube.com/watch?v=Gn7J7Vmk0dM,Terraflow -- Intergalactic Space Time Travel,ytmusic,100.0,2026-09-04T01:15:17
Progressive House,The Aloof,Purity (Deep Mix),yes,X9bg8Ghl_EI,https://music.youtube.com/watch?v=X9bg8Ghl_EI,The Aloof - Purity (Deep Mix),ytmusic,100.0,2026-09-04T01:14:11
Progressive House,The Aloof,Purity (In The Shower Mix),yes,UAiZ8vgr2hU,https://music.youtube.com/watch?v=UAiZ8vgr2hU,The Aloof - Purity (In The Shower Mix),ytmusic,100.0,2026-09-04T01:14:10
Progressive House,The Aloof,Purity (Junior Style Disco Dub),yes,lVRzPaTE3lE,https://music.youtube.com/watch?v=lVRzPaTE3lE,Purity (Junior Style Remix),ytmusic,89.55223880597015,2026-09-04T01:14:09
Progressive House,The Misterman,My House,yes,UJzMuan7DPQ,https://music.youtube.com/watch?v=UJzMuan7DPQ,My House,ytmusic,84.21052631578948,2026-09-04T01:14:20
Progressive House,The Transatlatins,Mysteriosa (Beats),yes,Fm8PPcuausI,https://music.youtube.com/watch?v=Fm8PPcuausI,Mysteriosa (Beats),ytmusic,100.0,2026-09-04T01:14:20
Progressive House,The Transatlatins,Mysteriosa (Dub),yes,rIuIbTXukKc,https://music.youtube.com/watch?v=rIuIbTXukKc,Mysteriosa (Dub),ytmusic,100.0,2026-09-04T01:14:19
Progressive House,The Transatlatins,Mysteriosa (Original),yes,NnpNzByuA4M,https://music.youtube.com/watch?v=NnpNzByuA4M,Mysteriosa,ytmusic,100.0,2026-09-04T01:14:18
Progressive House,Ubiquity,Bolivian Angel (Dream Frequency Meets Rob Tissera Dj's Delight Mix),yes,GYH2Ciq-k7I,https://music.youtube.com/watch?v=GYH2Ciq-k7I,Ubiquity - Bolivian Angel (Dream Frequency Meets Rob Tissera Dj's Delight Mix)  🇬🇧,ytmusic,100.0,2026-09-04T01:13:48
Progressive House,Ubiquity,Bolivian Angel (Dream Frequency Meets Rob Tissera Oblivion  94 Mix),yes,nfQlY5Lni5Y,https://music.youtube.com/watch?v=nfQlY5Lni5Y,Ubiquity  -  Bolivian Angel  (Dream Frequency Meets Rob Tissera Oblivion 94 Mix),ytmusic,100.0,2026-09-04T01:13:47
Progressive House,Ubiquity,Bolivian Angel (Original Bedroom Mix),yes,3fRtxljQcOw,https://music.youtube.com/watch?v=3fRtxljQcOw,[Progressive Trance] Ubiquity - Bolivian Angel (Original Bedroom Mix) (A1) [1994],ytmusic,100.0,2026-09-04T01:13:45
Progressive House,Ubiquity,Bolivian Angel (The Eastern Bloc Remix),yes,_rbIcpYqJu8,https://music.youtube.com/watch?v=_rbIcpYqJu8,Ubiquity - Bolivian Angel (The Eastern Bloc Remix),ytmusic,100.0,2026-09-04T01:13:46
Progressive House,Various,Interstellar Object,yes,yw9xaGFr_uE,https://music.youtube.com/watch?v=yw9xaGFr_uE,Interstellar Object,ytmusic,88.37209302325581,2026-09-04T01:14:55
Progressive House,Various,Last Organ I Promise,yes,u19nAWoXTqE,https://music.youtube.com/watch?v=u19nAWoXTqE,ILyes - Last Organ I Promise,ytmusic,83.33333333333333,2026-09-04T01:14:57
Progressive House,Various,Loop Da Loop,yes,kagqFmoOTu4,https://music.youtube.com/watch?v=kagqFmoOTu4,Loop Da Loop,ytmusic,73.6842105263158,2026-09-04T01:14:56
Progressive House,Various,Satisfied,yes,61bKls-Yvls,https://music.youtube.com/watch?v=61bKls-Yvls,Satisfied (Live),ytmusic,69.23076923076923,2026-09-04T01:14:53
Progressive House,Various,The Foil,yes,fSosJperUrI,https://music.youtube.com/watch?v=fSosJperUrI,The Foil,ytmusic,70.27027027027027,2026-09-04T01:14:54
Progressive House,Weekend World,Chilli Sauce,yes,j-_2Ueik_hA,https://music.youtube.com/watch?v=j-_2Ueik_hA,Weeekend World - Chilli Sauce - Weekend World Recordings,ytmusic,100.0,2026-09-04T01:14:04
Progressive House,Weekend World,Good Morning Mister Acid Man?,yes,nLU-8eYFf7I,https://music.youtube.com/watch?v=nLU-8eYFf7I,Weekend World - Good Morning Mr. Acid Man,ytmusic,83.78378378378378,2026-09-04T01:14:05
Progressive House,Zee Cowling,Dreamtime (Quivver Vocal Dub),yes,TkP-cdPZBM4,https://music.youtube.com/watch?v=TkP-cdPZBM4,Dreamtime (Quivver Vocal Mix),ytmusic,91.80327868852459,2026-09-04T01:13:19
Progressive House,Zee Cowling,Dreamtime (Quivver Vocal Mix),yes,TkP-cdPZBM4,https://music.youtube.com/watch?v=TkP-cdPZBM4,Dreamtime (Quivver Vocal Mix),ytmusic,100.0,2026-09-04T01:13:18
Progressive House,Zee Cowling,Dreamtime (Shaker's Full Vocal Remix),yes,0lIrNIZL6A4,https://music.youtube.com/watch?v=0lIrNIZL6A4,Dreams (Ezra's Fully Vocal Remix),ytmusic,73.33333333333333,2026-09-04T01:13:20
Progressive House,cool temptation,I Won't Give You Up (Heavenly Club Drive),yes,eKgLA4V-irk,https://music.youtube.com/watch?v=eKgLA4V-irk,Cool Temptation - I Won't Give You Up (Heavenly Club Drive),ytmusic,100.0,2026-09-04T01:14:42
Progressive House,cool temptation,I Won't Give You Up (Sweet Angel Drive),yes,_EsbbJCINA4,https://music.youtube.com/watch?v=_EsbbJCINA4,Cool Temptation - I Won't Give You Up (Sweet Angel Drive),ytmusic,100.0,2026-09-04T01:14:42
Progressive Trance,Alien Signal,Jupiter Come,yes,P8F6eJ4WUzQ,https://music.youtube.com/watch?v=P8F6eJ4WUzQ,Alien Signal - Jupiter Come,ytmusic,100.0,2026-09-04T01:15:36
Progressive Trance,Alien Signal,Nebula III,yes,Nl92mE3tJaY,https://music.youtube.com/watch?v=Nl92mE3tJaY,Alien Signal Focus,ytmusic,90.47619047619048,2026-09-04T01:15:35
Progressive Trance,Alien Signal,Souvien Tois (Electro Trip),yes,q9FPigJsrug,https://music.youtube.com/watch?v=q9FPigJsrug,Alien Signal - Souvien Tois (Elektro Trip),ytmusic,87.32394366197182,2026-09-04T01:15:37
Progressive Trance,Alien Signal,Uranus,yes,JlMzhcd8LZ0,https://music.youtube.com/watch?v=JlMzhcd8LZ0,Uranus,ytmusic,85.71428571428571,2026-09-04T01:15:36
Progressive Trance,Central Intelligence,Generation,yes,aCMFgc3g200,https://music.youtube.com/watch?v=aCMFgc3g200,Central Intelligence - Generation,ytmusic,100.0,2026-09-04T01:12:17
Progressive Trance,Central Intelligence,Helter Skelter,yes,nlIgAUWsB6c,https://music.youtube.com/watch?v=nlIgAUWsB6c,Helter Skelter,ytmusic,84.84848484848484,2026-09-04T01:12:18
Progressive Trance,Central Intelligence,Remember,yes,f-zrfvRVCBQ,https://music.youtube.com/watch?v=f-zrfvRVCBQ,Central Intelligence - Remember [VOSTRA003],ytmusic,100.0,2026-09-04T01:12:19
Progressive Trance,Central Intelligence,Shape Shifter,yes,qbdWBHrwNW4,https://music.youtube.com/watch?v=qbdWBHrwNW4,Central Intelligence -- Shape Shifter,ytmusic,100.0,2026-09-04T01:12:17
Progressive Trance,DJ Jeremy,Gotta Have Ur Luv,yes,ITmiIbheZtA,https://music.youtube.com/watch?v=ITmiIbheZtA,DJ Jeremy - Gotta Have Ur Luv,ytmusic,100.0,2026-09-04T01:14:33
Progressive Trance,DJ Jeremy,Prefer 2 House,yes,jwWvuT_M6XA,https://music.youtube.com/watch?v=jwWvuT_M6XA,DJ Jeremy - Prefer 2 House,ytmusic,100.0,2026-09-04T01:14:33
Progressive Trance,DJ Jeremy,Superfunky,yes,LyBlw3o-oSM,https://music.youtube.com/watch?v=LyBlw3o-oSM,DJ Jeremy - Superfunky [SW-005],ytmusic,100.0,2026-09-04T01:14:32
Progressive Trance,Euphoria,Mercurial (Ernie & Berts Utterly Wiped Out Mix),yes,BKVRvgeguH8,https://music.youtube.com/watch?v=BKVRvgeguH8,Mercurial (Ernie & Berts Utterly Wiped Out Mix),ytmusic,100.0,2026-09-04T01:13:31
Progressive Trance,Euphoria,Mercurial (Euphoria V's Ernie & Bert Travelling At The Speed Of Light Mix),yes,uExi9511DIk,https://music.youtube.com/watch?v=uExi9511DIk,Mercurial (Euphoria V's Ernie & Bert Travelling At The Speed Of Light Mix),ytmusic,100.0,2026-09-04T01:13:31
Progressive Trance,Euphoria,Mercurial (Euphoric Original Mix),yes,C-_SyT9uT48,https://music.youtube.com/watch?v=C-_SyT9uT48,Mercurial (Euphoric Original Mix),ytmusic,100.0,2026-09-04T01:13:29
Progressive Trance,Euphoria,Mercurial (The Ernie & Bert Stone High Mix),yes,OGOHAHCCxb8,https://music.youtube.com/watch?v=OGOHAHCCxb8,Mercurial (The Ernie & Bert Stone High Mix),ytmusic,100.0,2026-09-04T01:13:30
Progressive Trance,H.H.C.,Plump,yes,lH-MP1TAOYI,https://music.youtube.com/watch?v=lH-MP1TAOYI,h.c.c. plump,ytdlp,91.66666666666667,2026-09-04T01:13:39
Progressive Trance,H.H.C.,We're Not Alone,yes,zSxpzszlM_w,https://music.youtube.com/watch?v=zSxpzszlM_w,H.H.C. - We're Not Alone (Radio Edit),ytmusic,100.0,2026-09-04T01:13:37
Progressive Trance,Hip Service,Badaboom Badabing (Drax & Gooding Café Mambo Remix),yes,JMkCUawRZHw,https://music.youtube.com/watch?v=JMkCUawRZHw,BadaBing BadaBoom,ytmusic,100.0,2026-09-04T01:16:13
Progressive Trance,Hip Service,Badaboom Badabing (Spectors Caught By The Ballearics Mix),yes,fR3QMxD6iQ4,https://music.youtube.com/watch?v=fR3QMxD6iQ4,Joined At The Hip,ytmusic,83.33333333333333,2026-09-04T01:16:14
Progressive Trance,Hip Service,Badaboom Badabing (Stel & Good Newz Remix),yes,Vgdhujy3lAE,https://music.youtube.com/watch?v=Vgdhujy3lAE,Hip Service - Badaboom Badabing (Stel & Good Newz Remix),ytmusic,100.0,2026-09-04T01:16:13
Progressive Trance,Hydra,Butterflies (Heliotropic Mix),yes,lJbGNHmAwas,https://music.youtube.com/watch?v=lJbGNHmAwas,Hydra - Butterflies (Heliotropic Mix),ytmusic,100.0,2026-09-04T01:13:57
Progressive Trance,Hydra,Butterflies (Hermaphrodite Main Mix),yes,iJhX9ez0Wws,https://music.youtube.com/watch?v=iJhX9ez0Wws,HYDRA - BUTTERFLIES (HERMAPHRODITE MAIN MIX),ytmusic,100.0,2026-09-04T01:13:58
Progressive Trance,Hydra,Butterflies (Original Mix),yes,nkdzuvda5qY,https://music.youtube.com/watch?v=nkdzuvda5qY,Hydra - Butterflies (Original Mix),ytmusic,100.0,2026-09-04T01:13:59
Progressive Trance,Hydra,Butterflies (The Light Remix),yes,hPvv0W29jts,https://music.youtube.com/watch?v=hPvv0W29jts,Hydra - Butterflies (The Light Remix),ytmusic,100.0,2026-09-04T01:13:59
Progressive Trance,Lucky Monkeys,Bjango (Fluke Remix 'Six To The Floor'),yes,J2tFlng1krc,https://music.youtube.com/watch?v=J2tFlng1krc,Lucky Monkeys - Bjango (Fluke Remix 'Six To The Floor'),ytmusic,100.0,2026-09-04T01:20:49
Progressive Trance,Lucky Monkeys,Bjango (Original Mix),yes,tYgBxijcdFs,https://music.youtube.com/watch?v=tYgBxijcdFs,Lucky Monkeys - Bjango (Original Mix),ytmusic,100.0,2026-09-04T01:20:48
Progressive Trance,Lucky Monkeys,Bjango (Way Out West 'Bjangin' Dub),yes,BGwvDZ1Ee1U,https://music.youtube.com/watch?v=BGwvDZ1Ee1U,Lucky Monkeys - Bjango (Way Out West 'Bjangin' Dub) (1996),ytmusic,100.0,2026-09-04T01:20:49
Progressive Trance,Lucky Monkeys,Bjango (Way Out West 'Bjangin' Remix),yes,Ne5uaAqumX8,https://music.youtube.com/watch?v=Ne5uaAqumX8,Lucky Monkeys -- Bjango (Way Out West 'Bjangin' Remix),ytmusic,100.0,2026-09-04T01:20:50
Progressive Trance,Orbital,Nothing Left (Way Out West Remix),yes,1F8N-a7Tfyw,https://music.youtube.com/watch?v=1F8N-a7Tfyw,Orbital - Nothing Left (Way Out West Remix),ytmusic,100.0,2026-09-04T01:20:48
Progressive Trance,The Light,Expand The Room (Deepsky Mix),yes,8_3J9FiAkZg,https://music.youtube.com/watch?v=8_3J9FiAkZg,Expand The Room,ytmusic,100.0,2026-09-04T01:20:42
Progressive Trance,The Light,Opium (Distant Places Mix),yes,xjG1qGla4hI,https://music.youtube.com/watch?v=xjG1qGla4hI,The Light - Opium (Distant Places Mix) [2000],ytmusic,100.0,2026-09-04T01:20:41
Progressive Trance,Ubiquity,Bolivian Angel (Dream Frequency Meets Rob Tissera Dj's Delight Mix),yes,GYH2Ciq-k7I,https://music.youtube.com/watch?v=GYH2Ciq-k7I,Ubiquity - Bolivian Angel (Dream Frequency Meets Rob Tissera Dj's Delight Mix)  🇬🇧,ytmusic,100.0,2026-09-04T01:13:48
Progressive Trance,Ubiquity,Bolivian Angel (Dream Frequency Meets Rob Tissera Oblivion  94 Mix),yes,nfQlY5Lni5Y,https://music.youtube.com/watch?v=nfQlY5Lni5Y,Ubiquity  -  Bolivian Angel  (Dream Frequency Meets Rob Tissera Oblivion 94 Mix),ytmusic,100.0,2026-09-04T01:13:47
Progressive Trance,Ubiquity,Bolivian Angel (Original Bedroom Mix),yes,3fRtxljQcOw,https://music.youtube.com/watch?v=3fRtxljQcOw,[Progressive Trance] Ubiquity - Bolivian Angel (Original Bedroom Mix) (A1) [1994],ytmusic,100.0,2026-09-04T01:13:45
Progressive Trance,Ubiquity,Bolivian Angel (The Eastern Bloc Remix),yes,_rbIcpYqJu8,https://music.youtube.com/watch?v=_rbIcpYqJu8,Ubiquity - Bolivian Angel (The Eastern Bloc Remix),ytmusic,100.0,2026-09-04T01:13:46
Progressive Trance,Zee Cowling,Dreamtime (Quivver Vocal Dub),yes,TkP-cdPZBM4,https://music.youtube.com/watch?v=TkP-cdPZBM4,Dreamtime (Quivver Vocal Mix),ytmusic,91.80327868852459,2026-09-04T01:13:19
Progressive Trance,Zee Cowling,Dreamtime (Quivver Vocal Mix),yes,TkP-cdPZBM4,https://music.youtube.com/watch?v=TkP-cdPZBM4,Dreamtime (Quivver Vocal Mix),ytmusic,100.0,2026-09-04T01:13:18
Progressive Trance,Zee Cowling,Dreamtime (Shaker's Full Vocal Remix),yes,0lIrNIZL6A4,https://music.youtube.com/watch?v=0lIrNIZL6A4,Dreams (Ezra's Fully Vocal Remix),ytmusic,73.33333333333333,2026-09-04T01:13:20
Progressive Trance,cool temptation,I Won't Give You Up (Heavenly Club Drive),yes,eKgLA4V-irk,https://music.youtube.com/watch?v=eKgLA4V-irk,Cool Temptation - I Won't Give You Up (Heavenly Club Drive),ytmusic,100.0,2026-09-04T01:14:42
Progressive Trance,cool temptation,I Won't Give You Up (Sweet Angel Drive),yes,_EsbbJCINA4,https://music.youtube.com/watch?v=_EsbbJCINA4,Cool Temptation - I Won't Give You Up (Sweet Angel Drive),ytmusic,100.0,2026-09-04T01:14:42
Punk,"Peaches, Electric Six",Rock Show,yes,5utHwfJhIms,https://music.youtube.com/watch?v=5utHwfJhIms,Electric Six,ytmusic,100.0,2026-09-04T01:19:30
Punk,"Peaches, Electric Six",Rock Show,yes,5utHwfJhIms,https://music.youtube.com/watch?v=5utHwfJhIms,Electric Six,ytmusic,100.0,2026-09-04T01:19:30
Soul,Michael Kiwanuka,Always Waiting,yes,_qzgSzB2x7E,https://music.youtube.com/watch?v=_qzgSzB2x7E,Always Waiting,ytmusic,100.0,2026-09-04T01:22:18
Soul,Michael Kiwanuka,Any Day Will Do Fine,yes,BpUv72-fZdM,https://music.youtube.com/watch?v=BpUv72-fZdM,Any Day Will Do Fine,ytmusic,100.0,2026-09-04T01:22:19
Soul,Michael Kiwanuka,Bones,yes,bAiau0N04I8,https://music.youtube.com/watch?v=bAiau0N04I8,Bones,ytmusic,100.0,2026-09-04T01:22:17
Soul,Michael Kiwanuka,Home Again,yes,zC_m1qAmnbk,https://music.youtube.com/watch?v=zC_m1qAmnbk,Home Again,ytmusic,100.0,2026-09-04T01:22:16
Soul,Michael Kiwanuka,I Won't Lie,yes,DM0kQ1rO0qE,https://music.youtube.com/watch?v=DM0kQ1rO0qE,I Won't Lie,ytmusic,100.0,2026-09-04T01:22:18
Soul,Michael Kiwanuka,I'll Get Along,yes,mf2iQKojsQo,https://music.youtube.com/watch?v=mf2iQKojsQo,I'll Get Along,ytmusic,100.0,2026-09-04T01:22:15
Soul,Michael Kiwanuka,I'm Getting Ready,yes,stg5ug0aWg4,https://music.youtube.com/watch?v=stg5ug0aWg4,I'm Getting Ready,ytmusic,100.0,2026-09-04T01:22:14
Soul,Michael Kiwanuka,Rest,yes,9X-aCebgZPg,https://music.youtube.com/watch?v=9X-aCebgZPg,Rest,ytmusic,100.0,2026-09-04T01:22:16
Soul,Michael Kiwanuka,Tell Me A Tale,yes,ULZ7KG5Cju4,https://music.youtube.com/watch?v=ULZ7KG5Cju4,Tell Me A Tale,ytmusic,100.0,2026-09-04T01:22:13
Soul,Michael Kiwanuka,Worry Walks Beside Me,yes,FbpOUAnIbc4,https://music.youtube.com/watch?v=FbpOUAnIbc4,Worry Walks Beside Me,ytmusic,100.0,2026-09-04T01:22:20
Speed Garage,Double 99,Ripgroove (Riphousz Mix),yes,yvLuZEh5PWs,https://music.youtube.com/watch?v=yvLuZEh5PWs,Ripgroove,ytmusic,100.0,2026-09-04T01:22:10
Speed Garage,Double 99,Up With You,yes,U1ehSPCA0IA,https://music.youtube.com/watch?v=U1ehSPCA0IA,Double 99 Up With You,ytmusic,100.0,2026-09-04T01:22:11
Synth-pop,Art Fact,...And The Seasons Changed,yes,XzPj5E3LXGo,https://music.youtube.com/watch?v=XzPj5E3LXGo,...And The Seasons Changed,ytmusic,100.0,2026-09-04T01:22:01
Synth-pop,Art Fact,Im Jealous,yes,_PnMlzbNeAI,https://music.youtube.com/watch?v=_PnMlzbNeAI,Art Fact - Im Jealous (Curses Remix),ytmusic,100.0,2026-09-04T01:21:57
Synth-pop,Art Fact,Lies,yes,IpLIBpt0vfw,https://music.youtube.com/watch?v=IpLIBpt0vfw,Lies,ytmusic,100.0,2026-09-04T01:22:00
Synth-pop,Art Fact,Nowadats,yes,DgFHsFrqznE,https://music.youtube.com/watch?v=DgFHsFrqznE,Nowadays,ytmusic,94.11764705882354,2026-09-04T01:21:59
Synth-pop,Art Fact,Stains,yes,iTUpEJD5RZs,https://music.youtube.com/watch?v=iTUpEJD5RZs,Stains,ytmusic,100.0,2026-09-04T01:22:00
Synth-pop,Art Fact,Whom Are You Dancing For?,yes,Fn0dO5GSCPE,https://music.youtube.com/watch?v=Fn0dO5GSCPE,Whom Are You Dancing For?,ytmusic,100.0,2026-09-04T01:21:58
Synth-pop,Depeche Mode,It's No Good (Club 69 Funk Dub),yes,hg-cKc0ija0,https://music.youtube.com/watch?v=hg-cKc0ija0,It's No Good,ytmusic,100.0,2026-09-04T01:10:26
Synth-pop,Depeche Mode,It's No Good (Club 69 Future Dub),yes,hg-cKc0ija0,https://music.youtube.com/watch?v=hg-cKc0ija0,It's No Good,ytmusic,100.0,2026-09-04T01:10:25
Synth-pop,Depeche Mode,It's No Good (Club 69 Future Mix),yes,Xg6g1M1_AdM,https://music.youtube.com/watch?v=Xg6g1M1_AdM,It's No Good (Club 69 Future Mix),ytmusic,100.0,2026-09-04T01:10:24
Synth-pop,Depeche Mode,It's No Good (Hardfloor Mix),yes,S6ymbPfFnRA,https://music.youtube.com/watch?v=S6ymbPfFnRA,It's No Good (Hardfloor Mix),ytmusic,100.0,2026-09-04T01:10:24
Synth-pop,Depeche Mode,It's No Good (Speedy J Mix),yes,K8hSWE8h73E,https://music.youtube.com/watch?v=K8hSWE8h73E,It's No Good (Speedy J Mix),ytmusic,100.0,2026-09-04T01:10:23
Synth-pop,Electromen,Air Road (Album Mix),yes,CAVPFCi76yI,https://music.youtube.com/watch?v=CAVPFCi76yI,Air Raid (Club Version),ytmusic,70.76923076923077,2026-09-04T01:21:48
Synth-pop,Electromen,Air Road (Moog Version),yes,25op5V_FfDI,https://music.youtube.com/watch?v=25op5V_FfDI,In The Air (Moog One Version) (feat. Flavor Fay),ytmusic,69.23076923076923,2026-09-04T01:21:48
Synth-pop,Electromen,Chatroom Romance (Original),yes,WS8qYPvROS4,https://music.youtube.com/watch?v=WS8qYPvROS4,Chatroom Romance,ytmusic,100.0,2026-09-04T01:21:46
Synth-pop,Electromen,Chatroom Romance (Remix),yes,WS8qYPvROS4,https://music.youtube.com/watch?v=WS8qYPvROS4,Chatroom Romance,ytmusic,100.0,2026-09-04T01:21:47
Synth-pop,Nitsch & Gleinser,Illusion,yes,l50YVgj6TK4,https://music.youtube.com/watch?v=l50YVgj6TK4,Nitsch & Gleinser  - Illusion (feat. Randos),ytmusic,100.0,2026-09-04T01:19:30
Synth-pop,Nitsch & Gleinser,Self,yes,GfcIrmTPVck,https://music.youtube.com/watch?v=GfcIrmTPVck,Self,ytmusic,93.02325581395348,2026-09-04T01:19:28
Synth-pop,Nitsch & Gleinser,The Loop,yes,1C7BSH5yqs0,https://music.youtube.com/watch?v=1C7BSH5yqs0,The Loop,ytmusic,100.0,2026-09-04T01:19:28
Synth-pop,Nitsch & Gleinser,Time Control,yes,1nEGF7xg0D4,https://music.youtube.com/watch?v=1nEGF7xg0D4,Time Control,ytmusic,94.91525423728814,2026-09-04T01:19:29
Synth-pop,Punx Soundcheck,Blow Your Speaker,yes,K2TqGRpQV9I,https://music.youtube.com/watch?v=K2TqGRpQV9I,Blow Your Speaker (feat. Kid Robot),ytmusic,100.0,2026-09-04T01:12:36
Synth-pop,Punx Soundcheck,Lifeform,yes,T4yWiGa7c-U,https://music.youtube.com/watch?v=T4yWiGa7c-U,Lifeform (feat. Kid Robot),ytmusic,100.0,2026-09-04T01:12:34
Synth-pop,Punx Soundcheck,Mutant,yes,-9ZdwpkLJtY,https://music.youtube.com/watch?v=-9ZdwpkLJtY,Punx Soundcheck - Mutant [RM 002],ytmusic,100.0,2026-09-04T01:12:37
Synth-pop,Punx Soundcheck,Nano,yes,iCahNdTi3x0,https://music.youtube.com/watch?v=iCahNdTi3x0,Punx Soundcheck -- Nano,ytmusic,100.0,2026-09-04T01:12:35
Synth-pop,Punx Soundcheck,Sonic Playground,yes,MC5EsS1NFvo,https://music.youtube.com/watch?v=MC5EsS1NFvo,Stop,ytmusic,85.71428571428571,2026-09-04T01:12:36
Synth-pop,The Glass,Hear The Music (Mylo Remix),yes,svG6btD-CVM,https://music.youtube.com/watch?v=svG6btD-CVM,The Glass - Hear the music (Mylo Remix),ytmusic,100.0,2026-09-04T01:19:34
Synth-pop,The Glass,Hear The Music (Nick Moore vs. Computer Disco Mix),yes,0tgyMewuDNU,https://music.youtube.com/watch?v=0tgyMewuDNU,The Glass - Hear The Music (Nick Moore vs. Computer Disco Mix),ytmusic,100.0,2026-09-04T01:19:34
Synth-pop,The Glass,Hear The Music (Original Mix),yes,0tgyMewuDNU,https://music.youtube.com/watch?v=0tgyMewuDNU,The Glass - Hear The Music (Nick Moore vs. Computer Disco Mix),ytmusic,83.33333333333333,2026-09-04T01:19:33
Synth-pop,Various,A Mezzanotte,yes,AtCGMTIxSIc,https://music.youtube.com/watch?v=AtCGMTIxSIc,OUAH OUAH,ytmusic,80.0,2026-09-04T01:12:06
Synth-pop,Various,Allright (Just A Tribute),yes,qa4vIsVcf-U,https://music.youtube.com/watch?v=qa4vIsVcf-U,Allright (Just A Tribute),ytmusic,86.20689655172414,2026-09-04T01:12:05
Synth-pop,Various,Broken Needs,yes,jwnAGUb1uxY,https://music.youtube.com/watch?v=jwnAGUb1uxY,Broken Needs,ytmusic,82.75862068965517,2026-09-04T01:12:04
Synth-pop,Various,Enjoy The Silence (Curses Edita),yes,XK4Yzi3BXa4,https://music.youtube.com/watch?v=XK4Yzi3BXa4,Enjoy the Silence,ytmusic,85.0,2026-09-04T01:21:46
Synth-pop,Various,Heroes (Curses Edita),yes,zy6s70pRb2s,https://music.youtube.com/watch?v=zy6s70pRb2s,Heroes,ytmusic,77.77777777777777,2026-09-04T01:21:44
Synth-pop,Various,Luna (Shanti Celeste Remix),yes,zBvKkZEJsho,https://music.youtube.com/watch?v=zBvKkZEJsho,Luna (Shanti Celeste Remix),ytmusic,87.09677419354838,2026-09-04T01:12:04
Synth-pop,Various,Nano Nano (Stereocalypse Edita),yes,zZkAJLI_qKI,https://music.youtube.com/watch?v=zZkAJLI_qKI,Nano Nano (Stereocalypse Edita),ytmusic,86.66666666666667,2026-09-04T01:21:44
Synth-pop,Various,Smalltown Boy (Stereocalypse Edita),yes,Cl3XcdFKHe8,https://music.youtube.com/watch?v=Cl3XcdFKHe8,Bronski Beat - Smalltown Boy (Stereocalypse Remix),ytmusic,78.87323943661971,2026-09-04T01:21:45
Synthwave,Prohibited Zone,PZ01,yes,IrPDtk_Ijak,https://music.youtube.com/watch?v=IrPDtk_Ijak,Prohibited Zone - Prohibited Zone - PZ01 [PZ01] [PZ01],ytmusic,100.0,2026-09-04T01:20:33
Synthwave,Prohibited Zone,PZ02,yes,mhbwVmlRp7M,https://music.youtube.com/watch?v=mhbwVmlRp7M,Prohibited Zone - Prohibited Zone - PZ02 [PZ01] [PZ01],ytmusic,100.0,2026-09-04T01:20:33
Synthwave,Prohibited Zone,PZ03,yes,tOr72BaBCos,https://music.youtube.com/watch?v=tOr72BaBCos,Prohibited Zone - Prohibited Zone - PZ03 [PZ01] [PZ01],ytmusic,100.0,2026-09-04T01:20:34
Synthwave,Prohibited Zone,PZ04,yes,53LSFQtCKOg,https://music.youtube.com/watch?v=53LSFQtCKOg,Prohibited Zone - Prohibited Zone - PZ04 [PZ01] [PZ01],ytmusic,100.0,2026-09-04T01:20:34
Tech House,Abdul Raeva,Hard Discount Primitivo,yes,xpJRKoPj3QM,https://music.youtube.com/watch?v=xpJRKoPj3QM,Hard Discount Primitivo,ytmusic,100.0,2026-09-04T01:21:03
Tech House,Abdul Raeva,Karima's Duff Duff,yes,6iGQ0fZF27g,https://music.youtube.com/watch?v=6iGQ0fZF27g,Karima's Duff Duff,ytmusic,100.0,2026-09-04T01:21:02
Tech House,Abdul Raeva,Ooga Booga Acid Time,yes,0DRrZkevMG4,https://music.youtube.com/watch?v=0DRrZkevMG4,Ooga Booga Acid Time,ytmusic,100.0,2026-09-04T01:21:03
Tech House,Abdul Raeva,The Caballero Thrust Programme,yes,dP1r2Y7ECco,https://music.youtube.com/watch?v=dP1r2Y7ECco,The Caballero Thrust Programme,ytmusic,100.0,2026-09-04T01:21:02
Tech House,Aline Umber,Bazen,yes,Cl90v31Mw8k,https://music.youtube.com/watch?v=Cl90v31Mw8k,Aline Umber - Bazen feat. Songül,ytmusic,100.0,2026-09-04T01:21:04
Tech House,Aline Umber,Humanized,yes,VCl0BlJdfbU,https://music.youtube.com/watch?v=VCl0BlJdfbU,Aline Umber - Humanized [ALNOS04],ytmusic,100.0,2026-09-04T01:21:05
Tech House,Aline Umber,Ocean 23,yes,dl6LLc1GPaU,https://music.youtube.com/watch?v=dl6LLc1GPaU,Aline Umber - Ocean 23 [ALNOS04],ytmusic,100.0,2026-09-04T01:21:06
Tech House,Aline Umber,Story (Audiodal Mix),yes,v4dYyjsHNj0,https://music.youtube.com/watch?v=v4dYyjsHNj0,Aline Umber - Story (Audiodal Mix) [ALNOS04],ytmusic,100.0,2026-09-04T01:21:05
Tech House,Body Clinic,E-Talking,yes,1donVmKJGs8,https://music.youtube.com/watch?v=1donVmKJGs8,E-Talking,ytmusic,100.0,2026-09-04T01:19:19
Tech House,Body Clinic,Give It To Me,yes,mZY5Rq9RMzA,https://music.youtube.com/watch?v=mZY5Rq9RMzA,Give It To Me,ytmusic,100.0,2026-09-04T01:19:17
Tech House,Body Clinic,Give It To Me (Baby Rollen Remix),yes,mZY5Rq9RMzA,https://music.youtube.com/watch?v=mZY5Rq9RMzA,Give It To Me,ytmusic,100.0,2026-09-04T01:19:18
Tech House,Body Clinic,Lost At Sea,yes,ZFgB9RhhjHY,https://music.youtube.com/watch?v=ZFgB9RhhjHY,Lost At Sea,ytmusic,100.0,2026-09-04T01:19:19
Tech House,Connor Mikami,Foolish Human,yes,x-AMu1UYYX8,https://music.youtube.com/watch?v=x-AMu1UYYX8,Connor Mikami – Foolish Human,ytmusic,100.0,2026-09-04T01:11:57
Tech House,Connor Mikami,January Blues,yes,otZJrby424w,https://music.youtube.com/watch?v=otZJrby424w,Connor Mikami & Michi – January Blues,ytmusic,100.0,2026-09-04T01:11:56
Tech House,Connor Mikami,None Of My Friends Are Normal,yes,6q3I_j1Oguo,https://music.youtube.com/watch?v=6q3I_j1Oguo,Connor Mikami - None Of My Friends Are Normal [IYKYK004],ytmusic,100.0,2026-09-04T01:11:58
Tech House,Connor Mikami,Zigon,yes,6RiyTtEzBEQ,https://music.youtube.com/watch?v=6RiyTtEzBEQ,Connor Mikami - Zigon  [IYKYK004],ytmusic,100.0,2026-09-04T01:11:57
Tech House,Cristian Sarde,About Clifford,yes,Zmfw0By3eD0,https://music.youtube.com/watch?v=Zmfw0By3eD0,About Clifford,ytmusic,100.0,2026-09-04T01:11:27
Tech House,Cristian Sarde,Changes,yes,BSyR4vIvmNU,https://music.youtube.com/watch?v=BSyR4vIvmNU,Changes,ytmusic,100.0,2026-09-04T01:11:25
Tech House,Cristian Sarde,Eyesight Wisdom,yes,u4mRV8lJjEY,https://music.youtube.com/watch?v=u4mRV8lJjEY,Eyesight Wisdom,ytmusic,100.0,2026-09-04T01:11:26
Tech House,Cristian Sarde,Professional Dancer,yes,1yfsYnZKcck,https://music.youtube.com/watch?v=1yfsYnZKcck,Professional Dancer,ytmusic,100.0,2026-09-04T01:11:24
Tech House,Cristian Sarde,Until My Eyes Fell On Her,yes,7rvVCpMMPNI,https://music.youtube.com/watch?v=7rvVCpMMPNI,Until My Eyes Fell On Her,ytmusic,100.0,2026-09-04T01:11:25
Tech House,D.C. Salas,Into The Dark Lights,yes,xWnyvanJZIg,https://music.youtube.com/watch?v=xWnyvanJZIg,The Lights,ytmusic,91.42857142857143,2026-09-04T01:13:16
Tech House,D.C. Salas,Running Slow,yes,3hewPHuWoh0,https://music.youtube.com/watch?v=3hewPHuWoh0,DC Salas - Running Slow [TP28 - Time Passages],ytmusic,87.8048780487805,2026-09-04T01:13:17
Tech House,D.C. Salas,The Bright Side,yes,gyn4O-5_Wqw,https://music.youtube.com/watch?v=gyn4O-5_Wqw,DC Salas - The Bright Side [TP28 - Time Passages],ytmusic,89.36170212765957,2026-09-04T01:13:17
Tech House,D.C. Salas,Trapped Inside Your Mind,yes,8pSwK80Vh5A,https://music.youtube.com/watch?v=8pSwK80Vh5A,DC Salas - Trapped Inside Your Mind [TP28 - Time Passages],ytmusic,92.3076923076923,2026-09-04T01:13:15
Tech House,DMC,Daylight Moonlight,yes,g1AT7T1Qqj0,https://music.youtube.com/watch?v=g1AT7T1Qqj0,DMC - Daylight Moonlight [PF009],ytmusic,100.0,2026-09-04T01:20:36
Tech House,DMC,Leave This Place,yes,k5XnV50RM2I,https://music.youtube.com/watch?v=k5XnV50RM2I,DMC - Leave This Place [PF009],ytmusic,100.0,2026-09-04T01:20:37
Tech House,DMC,Relentless,yes,hhOxov_LZkM,https://music.youtube.com/watch?v=hhOxov_LZkM,DMC - Relentless [PF009],ytmusic,100.0,2026-09-04T01:20:36
Tech House,DMC,Running Round My Mind,yes,5Harr-SU-5Q,https://music.youtube.com/watch?v=5Harr-SU-5Q,Running Round My Mind (feat. YouKnowKuro),ytmusic,91.30434782608695,2026-09-04T01:20:35
Tech House,Dan Ghenacia,Ravehouse,yes,amvxxSe18D4,https://music.youtube.com/watch?v=amvxxSe18D4,Dan Ghenacia - Ravehouse,ytmusic,100.0,2026-09-04T01:17:46
Tech House,Dan Ghenacia,Rolanda,yes,4EFI2DdsGV8,https://music.youtube.com/watch?v=4EFI2DdsGV8,Dan Ghenacia - Rolanda,ytmusic,100.0,2026-09-04T01:17:46
Tech House,Dan Ghenacia,Sydney 23,yes,OUG4OwpArcw,https://music.youtube.com/watch?v=OUG4OwpArcw,[DIG] Dan Ghenacia - Sydney 23,ytmusic,100.0,2026-09-04T01:17:45
Tech House,Data Memory Access,Neukölln,yes,GsMGo-oBhJk,https://music.youtube.com/watch?v=GsMGo-oBhJk,Neukölln (Live) (feat. Giammarco Orsini & Jacopo Latini),ytmusic,100.0,2026-09-04T01:13:14
Tech House,Data Memory Access,Powah,yes,6Lk6q105F5E,https://music.youtube.com/watch?v=6Lk6q105F5E,Powah (Live) (feat. Giammarco Orsini & Jacopo Latini),ytmusic,100.0,2026-09-04T01:13:12
Tech House,Data Memory Access,Reflexion,yes,QHE0-36OuiU,https://music.youtube.com/watch?v=QHE0-36OuiU,Reflexion (Live) (feat. Jacopo Latini & Giammarco Orsini),ytmusic,100.0,2026-09-04T01:13:14
Tech House,Data Memory Access,We are,yes,FP7mqei-ipg,https://music.youtube.com/watch?v=FP7mqei-ipg,We Are (Live) (feat. Jacopo Latini & Giammarco Orsini),ytmusic,100.0,2026-09-04T01:13:13
Tech House,Dauwd,SpaceSamba (Huerta Remix),yes,cb2xkHE45II,https://music.youtube.com/watch?v=cb2xkHE45II,SpaceSamba (Huerta Remix),ytmusic,100.0,2026-09-04T01:17:34
Tech House,Dauwd,SpaceSamba (Live Mix),yes,LvF_qdbzKos,https://music.youtube.com/watch?v=LvF_qdbzKos,SpaceSamba,ytmusic,100.0,2026-09-04T01:17:33
Tech House,Dauwd,The Yuzer (Aubrey's Solid Groove Mix),yes,6k8FG0QQG3s,https://music.youtube.com/watch?v=6k8FG0QQG3s,The Yuzer,ytmusic,100.0,2026-09-04T01:17:35
Tech House,Dauwd,The Yuzer (DJ Plead),yes,6k8FG0QQG3s,https://music.youtube.com/watch?v=6k8FG0QQG3s,The Yuzer,ytmusic,100.0,2026-09-04T01:17:32
Tech House,Dauwd,The Yuzer (Dub Mix),yes,6k8FG0QQG3s,https://music.youtube.com/watch?v=6k8FG0QQG3s,The Yuzer,ytmusic,100.0,2026-09-04T01:17:34
Tech House,"Disco Stup, Swin",Broken Mute Point,yes,3v51V1gc82A,https://music.youtube.com/watch?v=3v51V1gc82A,Broken Mute Point,ytmusic,90.3225806451613,2026-09-04T01:21:13
Tech House,"Disco Stup, Swin",Entropy,yes,ZK8bR-41e08,https://music.youtube.com/watch?v=ZK8bR-41e08,Entropy,ytmusic,100.0,2026-09-04T01:21:15
Tech House,"Disco Stup, Swin",I’ll Show You The Attic,yes,LN5seoAIlb8,https://music.youtube.com/watch?v=LN5seoAIlb8,I’ll Show You The Attic,ytmusic,92.06349206349206,2026-09-04T01:21:14
Tech House,"Disco Stup, Swin",Loosing Their Minds,yes,IAuOsO710CE,https://music.youtube.com/watch?v=IAuOsO710CE,Loosing Their Minds,ytmusic,100.0,2026-09-04T01:21:15
Tech House,"EAT, Luciano",Bla Bla Bla,yes,xX5xGbAaezE,https://music.youtube.com/watch?v=xX5xGbAaezE,Bla Bla Bla,ytmusic,100.0,2026-09-04T01:19:42
Tech House,"EAT, Luciano",Mission Elevator,yes,xX5xGbAaezE,https://music.youtube.com/watch?v=xX5xGbAaezE,Bla Bla Bla,ytmusic,77.77777777777777,2026-09-04T01:19:41
Tech House,"Eden Burns, Tubbs",Made Of Brass,yes,aDYxgLJ2ySM,https://music.youtube.com/watch?v=aDYxgLJ2ySM,Made Of Brass,ytmusic,100.0,2026-09-04T01:17:22
Tech House,"Eden Burns, Tubbs",Shaker,yes,fBqOkbjWzdQ,https://music.youtube.com/watch?v=fBqOkbjWzdQ,Shaker,ytmusic,100.0,2026-09-04T01:17:20
Tech House,"Eden Burns, Tubbs",Timmy's Dream (Monday 5am Mix),yes,A1fUCulLVAI,https://music.youtube.com/watch?v=A1fUCulLVAI,Timmy's Dream (Monday 5am Mix),ytmusic,100.0,2026-09-04T01:17:22
Tech House,"Eden Burns, Tubbs",Timmy's Dream (Ritual Dub),yes,8k7pSkeLxiE,https://music.youtube.com/watch?v=8k7pSkeLxiE,Timmy's Dream (Ritual Dub),ytmusic,100.0,2026-09-04T01:17:21
Tech House,"Elijah Something, Nathan Alzon",Heat Don't Stop (Original Mix),yes,hXSdw4rYi2Q,https://music.youtube.com/watch?v=hXSdw4rYi2Q,Hot Stuff,ytmusic,70.58823529411765,2026-09-04T01:19:22
Tech House,"Elijah Something, Nathan Alzon",Heat Don't Stop (Wilba's Sloopaholic Mix),no,,,,none,0.0,2026-09-04T01:59:56
Tech House,"Elijah Something, Nathan Alzon",I've Got The Funk (Monica Venturella Remix),no,,,,none,0.0,2026-09-04T01:59:54
Tech House,"Elijah Something, Nathan Alzon",I've Got The Funk (Original Mix),yes,wt2mnDEwXvA,https://music.youtube.com/watch?v=wt2mnDEwXvA,Elijah Something & Nathan Alzon - I Got The Funk [TP002],ytmusic,72.44094488188976,2026-09-04T01:19:20
Tech House,Elissa Suckdog,History Will Condemn Me,yes,7TMWST5WnQ0,https://music.youtube.com/watch?v=7TMWST5WnQ0,Elissa Suckdog - History Will Condemn Me // KLON/DOG (2023),ytmusic,100.0,2026-09-04T01:21:07
Tech House,Elissa Suckdog,Naydra's Groove,yes,tQl4RgksSDk,https://music.youtube.com/watch?v=tQl4RgksSDk,B1. Elissa Suckdog ─ Naydra's Groove [DOG002],ytmusic,100.0,2026-09-04T01:21:07
Tech House,Eversines,Affection Towards The Urban Environment,yes,RKc_uJnxEa8,https://music.youtube.com/watch?v=RKc_uJnxEa8,Eversines ─ Affection Towards The Urban Environment [OYSTER54],ytmusic,100.0,2026-09-04T01:12:02
Tech House,Eversines,Fast Fall,yes,4hgbU9HvT8c,https://music.youtube.com/watch?v=4hgbU9HvT8c,Fast Fall,ytmusic,100.0,2026-09-04T01:12:02
Tech House,Eversines,Gaze,yes,6Z7Zr5jF5xc,https://music.youtube.com/watch?v=6Z7Zr5jF5xc,Gaze,ytmusic,100.0,2026-09-04T01:12:01
Tech House,Eversines,Wavedash,yes,i9uC5QVWrOY,https://music.youtube.com/watch?v=i9uC5QVWrOY,Wavedash,ytmusic,100.0,2026-09-04T01:12:03
Tech House,Felix Da Housecat,Like Something 4 Porno! (Armand Van Helden Remix),yes,Ucrw6XcMGh8,https://music.youtube.com/watch?v=Ucrw6XcMGh8,Like Something 4 Porno! (Teenage Bad Girl Remix),ytmusic,84.21052631578948,2026-09-04T01:16:35
Tech House,Felix Da Housecat,Like Something 4 Porno! (Kris Menace Remix),yes,HVp2EA6e1ao,https://music.youtube.com/watch?v=HVp2EA6e1ao,Like Something 4 Porno!,ytmusic,100.0,2026-09-04T01:16:34
Tech House,Felix Da Housecat,Like Something 4 Porno! (Teenage Bad Girl Remix),yes,Ucrw6XcMGh8,https://music.youtube.com/watch?v=Ucrw6XcMGh8,Like Something 4 Porno! (Teenage Bad Girl Remix),ytmusic,100.0,2026-09-04T01:16:34
Tech House,Felix Da Housecat,Pretty Girls Don't Dance (What Should I Do?),yes,mZT4tjG06DU,https://music.youtube.com/watch?v=mZT4tjG06DU,Pretty Girls Don't Dance,ytmusic,100.0,2026-09-04T01:16:36
Tech House,Felix Rennefeld,Rebel,yes,647Mp9_AEww,https://music.youtube.com/watch?v=647Mp9_AEww,Rebel,ytmusic,100.0,2026-09-04T01:20:55
Tech House,Felix Rennefeld,Rock With Me,yes,V1HZn_UwtPc,https://music.youtube.com/watch?v=V1HZn_UwtPc,Rock With Me,ytmusic,100.0,2026-09-04T01:20:54
Tech House,Felix Rennefeld,Sports,yes,ntem3TS-2rw,https://music.youtube.com/watch?v=ntem3TS-2rw,Sports,ytmusic,100.0,2026-09-04T01:20:55
Tech House,Flavour,Untitled,yes,YZFAhtt-JXM,https://music.youtube.com/watch?v=YZFAhtt-JXM,Untitled,ytmusic,72.72727272727272,2026-09-04T01:20:53
Tech House,Flavour,Untitled,yes,YZFAhtt-JXM,https://music.youtube.com/watch?v=YZFAhtt-JXM,Untitled,ytmusic,72.72727272727272,2026-09-04T01:20:53
Tech House,HOSTOM,Untitled,yes,KI1TUhJ3INU,https://music.youtube.com/watch?v=KI1TUhJ3INU,Untitled BA,ytmusic,100.0,2026-09-04T01:15:21
Tech House,HOSTOM,Untitled,yes,KI1TUhJ3INU,https://music.youtube.com/watch?v=KI1TUhJ3INU,Untitled BA,ytmusic,100.0,2026-09-04T01:15:21
Tech House,HOSTOM,Untitled,yes,KI1TUhJ3INU,https://music.youtube.com/watch?v=KI1TUhJ3INU,Untitled BA,ytmusic,100.0,2026-09-04T01:15:21
Tech House,HOSTOM,Untitled,yes,KI1TUhJ3INU,https://music.youtube.com/watch?v=KI1TUhJ3INU,Untitled BA,ytmusic,100.0,2026-09-04T01:15:21
Tech House,Ildec,003000009,yes,b0RFCg6QHZg,https://music.youtube.com/watch?v=b0RFCg6QHZg,Ildec - 003000009,ytmusic,100.0,2026-09-04T01:20:15
Tech House,Ildec,Explore The Universe,yes,5GaNR6dwDPQ,https://music.youtube.com/watch?v=5GaNR6dwDPQ,Ildec - Explore The Universe,ytmusic,100.0,2026-09-04T01:20:14
Tech House,Ildec,Rosco,yes,thfiWiCQdDs,https://music.youtube.com/watch?v=thfiWiCQdDs,Ildec - Rosco (PTN023),ytmusic,100.0,2026-09-04T01:20:16
Tech House,Ildec,Sunrise In Ukraine,yes,5acCdWB4Ii4,https://music.youtube.com/watch?v=5acCdWB4Ii4,Ildec - Sunrise In Ukraine (PTN023),ytmusic,100.0,2026-09-04T01:20:15
Tech House,Jan Driver,Drive By,yes,YBYTpqIEmBU,https://music.youtube.com/watch?v=YBYTpqIEmBU,Drive By,ytmusic,100.0,2026-09-04T01:20:52
Tech House,Jan Driver,Quicca+,yes,iqzRTGn9B90,https://music.youtube.com/watch?v=iqzRTGn9B90,Jan Driver - Quicca+,ytmusic,100.0,2026-09-04T01:20:51
Tech House,Jan Driver,V8,yes,Rem8F3tWAxU,https://music.youtube.com/watch?v=Rem8F3tWAxU,Jan Driver - V8,ytmusic,100.0,2026-09-04T01:20:50
Tech House,Jan Driver,Windy City,yes,vE7Hu9ldhLY,https://music.youtube.com/watch?v=vE7Hu9ldhLY,Jan Driver - Windy City,ytmusic,100.0,2026-09-04T01:20:52
Tech House,Joe Lewandowski,Cosmic,yes,n81Xo5cAFNI,https://music.youtube.com/watch?v=n81Xo5cAFNI,Cosmic,ytmusic,100.0,2026-09-04T01:21:08
Tech House,Joe Lewandowski,Nick,yes,1qSKzCi9uD4,https://music.youtube.com/watch?v=1qSKzCi9uD4,Nick,ytmusic,100.0,2026-09-04T01:21:10
Tech House,Joe Lewandowski,Play That Game Ft. Dj Football,yes,Zl0nw5ZFJG8,https://music.youtube.com/watch?v=Zl0nw5ZFJG8,Play That Game,ytmusic,97.67441860465117,2026-09-04T01:21:10
Tech House,Joe Lewandowski,Power Ft. Manlia,yes,ykRZpM9S6Ac,https://music.youtube.com/watch?v=ykRZpM9S6Ac,Joe Lewandowski - Power ft.  Manlia [Friendsome Records],ytmusic,100.0,2026-09-04T01:21:09
Tech House,"Jonny Rock, Jonny Rock",Version 1,yes,9j_IE1SjDWU,https://music.youtube.com/watch?v=9j_IE1SjDWU,A1,ytmusic,86.95652173913044,2026-09-04T01:21:11
Tech House,"Jonny Rock, Jonny Rock",Version 2,yes,9j_IE1SjDWU,https://music.youtube.com/watch?v=9j_IE1SjDWU,A1,ytmusic,86.95652173913044,2026-09-04T01:21:12
Tech House,KiNK,Fantasia (Original Mix),yes,5wOQ_2DnTC0,https://music.youtube.com/watch?v=5wOQ_2DnTC0,Fantasia,ytmusic,100.0,2026-09-04T01:10:55
Tech House,KiNK,Fantasia (Truncate Remix),yes,dLFhp1Lbvj8,https://music.youtube.com/watch?v=dLFhp1Lbvj8,Fantasia (Truncate Remix),ytmusic,100.0,2026-09-04T01:10:56
Tech House,Kiki,Classix Nouveaux,yes,lEL4ix1GEtk,https://music.youtube.com/watch?v=lEL4ix1GEtk,Classic Nouveaux,ytmusic,95.23809523809524,2026-09-04T01:10:16
Tech House,Kiki,Drawing Circles,yes,6v9wkUh03Zs,https://music.youtube.com/watch?v=6v9wkUh03Zs,Drawing Circles,ytmusic,100.0,2026-09-04T01:10:17
Tech House,Kiki,Intimacy,yes,92KML01ZaZE,https://music.youtube.com/watch?v=92KML01ZaZE,Intimacy,ytmusic,100.0,2026-09-04T01:10:15
Tech House,Kiki,On The 104th Day,yes,nHGauNSaqy8,https://music.youtube.com/watch?v=nHGauNSaqy8,On the 104th Day,ytmusic,100.0,2026-09-04T01:10:19
Tech House,Kiki,Run With Me,yes,cREdXFSwdAE,https://music.youtube.com/watch?v=cREdXFSwdAE,Run with Me,ytmusic,100.0,2026-09-04T01:10:14
Tech House,Kiki,So Easy To Forget,yes,JhrKTm57At8,https://music.youtube.com/watch?v=JhrKTm57At8,So Easy to Forget,ytmusic,100.0,2026-09-04T01:10:13
Tech House,Kiki,The Big Picture,yes,S5c5CCGlnZs,https://music.youtube.com/watch?v=S5c5CCGlnZs,The Big Picture,ytmusic,100.0,2026-09-04T01:10:15
Tech House,Kiki,The Calling,yes,1mE7GKf4eSw,https://music.youtube.com/watch?v=1mE7GKf4eSw,The Calling,ytmusic,100.0,2026-09-04T01:10:17
Tech House,Kiki,The End Of The World,yes,Bu1CoOX018Q,https://music.youtube.com/watch?v=Bu1CoOX018Q,The End of the World,ytmusic,100.0,2026-09-04T01:10:12
Tech House,Kiki,Turn The Lights Down,yes,AZj7K4Au0QM,https://music.youtube.com/watch?v=AZj7K4Au0QM,Turn the Lights Down,ytmusic,100.0,2026-09-04T01:10:19
Tech House,Kiki,Up,yes,VA_yeYXyO1c,https://music.youtube.com/watch?v=VA_yeYXyO1c,Up,ytmusic,100.0,2026-09-04T01:10:18
Tech House,Lamalice,Creatures Don't Lie,yes,YeH8NtvQENA,https://music.youtube.com/watch?v=YeH8NtvQENA,Lamalice - Creatures Don't Lie [PF004],ytmusic,100.0,2026-09-04T01:20:05
Tech House,Lamalice,Disco Saucer,yes,9lmu7O41LWE,https://music.youtube.com/watch?v=9lmu7O41LWE,Lamalice - Disco Saucer [PF004],ytmusic,100.0,2026-09-04T01:20:03
Tech House,Lamalice,Earth Attack,yes,TSu5_QWmim4,https://music.youtube.com/watch?v=TSu5_QWmim4,Lamalice - Earth Attack [PF004],ytmusic,100.0,2026-09-04T01:20:03
Tech House,Lamalice,Humanoid Contact (E.T. Speaking Mix),yes,JlJM3-bcYFA,https://music.youtube.com/watch?v=JlJM3-bcYFA,Lamalice - Humanoïd Contact (E.T. Speaking Mix) [PF004],ytmusic,88.88888888888889,2026-09-04T01:20:04
Tech House,Lamalice,On a Mission,yes,ATfVqh40qjM,https://music.youtube.com/watch?v=ATfVqh40qjM,MAN ON A MISSION,ytmusic,74.4186046511628,2026-09-04T01:20:02
Tech House,Light Blue File,4th Of The Punks,yes,84_isolJZS4,https://music.youtube.com/watch?v=84_isolJZS4,Light Blue File - 4th Of The Punks | Distrikt Paris,ytmusic,100.0,2026-09-04T01:20:45
Tech House,Light Blue File,Discoast,yes,MRZq_rGSTYw,https://music.youtube.com/watch?v=MRZq_rGSTYw,Light Blue File - Discoast [DTKP07],ytmusic,100.0,2026-09-04T01:20:45
Tech House,Light Blue File,Everything The Light Touches,yes,19sZeAKV8qI,https://music.youtube.com/watch?v=19sZeAKV8qI,The File,ytmusic,100.0,2026-09-04T01:20:46
Tech House,Light Blue File,Rootbox,yes,IGH-VOgFL4E,https://music.youtube.com/watch?v=IGH-VOgFL4E,PREMIERE: Light Blue File - Rootbox [DKTP007],ytmusic,100.0,2026-09-04T01:20:47
Tech House,Live Element,Broken Soul,yes,elEHxtXhb-0,https://music.youtube.com/watch?v=elEHxtXhb-0,Live Element - Broken Soul,ytmusic,100.0,2026-09-04T01:15:43
Tech House,Live Element,Broken Tribal Beats,yes,xc5vhRvZIM4,https://music.youtube.com/watch?v=xc5vhRvZIM4,Broken,ytmusic,100.0,2026-09-04T01:15:44
Tech House,Live Element,Get Away!,yes,wmA6qC5Oyxg,https://music.youtube.com/watch?v=wmA6qC5Oyxg,Live Element - Get Away!,ytmusic,100.0,2026-09-04T01:15:45
Tech House,Live Element,I Can't Understand,yes,K3Ivtl5atyQ,https://music.youtube.com/watch?v=K3Ivtl5atyQ,Live Element - I Can't Understand,ytmusic,100.0,2026-09-04T01:15:45
Tech House,"MYNC Project, Danny Rampling",Strobelight (Random House Project Mix),yes,bqQweK-Csx8,https://music.youtube.com/watch?v=bqQweK-Csx8,Strobelight (Random House Project Remix),ytmusic,83.80952380952381,2026-09-04T01:19:41
Tech House,"MYNC Project, Danny Rampling",Strobelight (Steve Mac's Tribute Mix),yes,LfDFwpXHTfo,https://music.youtube.com/watch?v=LfDFwpXHTfo,Strobelight (Steve Mac's Tribute Mix),ytmusic,91.93548387096774,2026-09-04T01:19:40
Tech House,Matthias,Lazan Beat (Ultra Bass Mix),yes,svkam8X9M_I,https://music.youtube.com/watch?v=svkam8X9M_I,Matthias -- Lazan Beat (Ultra Bass Mix),ytmusic,100.0,2026-09-04T01:11:39
Tech House,Matthias,Tube Star,yes,8GS8pwHEsjw,https://music.youtube.com/watch?v=8GS8pwHEsjw,Matthias -- Tube Star,ytmusic,100.0,2026-09-04T01:11:38
Tech House,Matthias,Unharmonic,yes,FESMS6fjPtY,https://music.youtube.com/watch?v=FESMS6fjPtY,Matthias - Unharmonic [CKNOWEP47],ytmusic,100.0,2026-09-04T01:11:39
Tech House,Matthias,Wires Around My Neck,yes,nDJSzgqymjA,https://music.youtube.com/watch?v=nDJSzgqymjA,Matthias -- Wires Around My Neck,ytmusic,100.0,2026-09-04T01:11:40
Tech House,Miles Mercer,My Name Is What,yes,qCtCAeCFSxo,https://music.youtube.com/watch?v=qCtCAeCFSxo,MY NAME IS MY NAME,ytmusic,91.42857142857143,2026-09-04T01:18:20
Tech House,Miles Mercer,Occult Explosion,yes,9sdUVxkaFIU,https://music.youtube.com/watch?v=9sdUVxkaFIU,Miles Mercer — Occult Explosion [Premiere],ytmusic,100.0,2026-09-04T01:18:21
Tech House,Miles Mercer,Outta The Window,yes,MCldwjG2mEo,https://music.youtube.com/watch?v=MCldwjG2mEo,Miles Mercer - Outta the Window [2024],ytmusic,100.0,2026-09-04T01:18:19
Tech House,Moguai,Go Ahead,yes,EKvMd-3LpRw,https://music.youtube.com/watch?v=EKvMd-3LpRw,Go Ahead,ytmusic,100.0,2026-09-04T01:19:36
Tech House,Moguai,Old 'N' New,yes,Uqvg0eKsk20,https://music.youtube.com/watch?v=Uqvg0eKsk20,Moguai – Old 'N' New [2004],ytmusic,100.0,2026-09-04T01:19:35
Tech House,Mr. Barcode,Girl From The Stars,yes,GUNwhEuehPY,https://music.youtube.com/watch?v=GUNwhEuehPY,Mr Barcode - Girl From The Stars,ytmusic,93.10344827586206,2026-09-04T01:19:38
Tech House,Mr. Barcode,Schizophrenic,yes,8r92hFKW9SY,https://music.youtube.com/watch?v=8r92hFKW9SY,Mr Barcode - Schizophrenic,ytmusic,91.30434782608695,2026-09-04T01:19:39
Tech House,Mr. Barcode,Telectro City,yes,zX9asvrhB7c,https://music.youtube.com/watch?v=zX9asvrhB7c,Mr Barcode - Telectro City,ytmusic,91.30434782608695,2026-09-04T01:19:38
Tech House,"Mute:, Metazoo",Saton,yes,XZ-1tWIasWY,https://music.youtube.com/watch?v=XZ-1tWIasWY,Mute: & Metazoo – Saton,ytmusic,78.78787878787878,2026-09-04T01:10:41
Tech House,"Mute:, Metazoo",Sigh,yes,Egt9SavocMg,https://music.youtube.com/watch?v=Egt9SavocMg,Mute: & Metazoo – Sigh (2000 And One Remix),ytmusic,77.41935483870968,2026-09-04T01:10:41
Tech House,"Mute:, Metazoo",Sigh (2000 And One Remix),yes,Egt9SavocMg,https://music.youtube.com/watch?v=Egt9SavocMg,Mute: & Metazoo – Sigh (2000 And One Remix),ytmusic,90.41095890410959,2026-09-04T01:10:42
Tech House,Nitsch & Gleinser,Illusion,yes,l50YVgj6TK4,https://music.youtube.com/watch?v=l50YVgj6TK4,Nitsch & Gleinser  - Illusion (feat. Randos),ytmusic,100.0,2026-09-04T01:19:30
Tech House,Nitsch & Gleinser,Self,yes,GfcIrmTPVck,https://music.youtube.com/watch?v=GfcIrmTPVck,Self,ytmusic,93.02325581395348,2026-09-04T01:19:28
Tech House,Nitsch & Gleinser,The Loop,yes,1C7BSH5yqs0,https://music.youtube.com/watch?v=1C7BSH5yqs0,The Loop,ytmusic,100.0,2026-09-04T01:19:28
Tech House,Nitsch & Gleinser,Time Control,yes,1nEGF7xg0D4,https://music.youtube.com/watch?v=1nEGF7xg0D4,Time Control,ytmusic,94.91525423728814,2026-09-04T01:19:29
Tech House,"Occibel, Marius",31 Peascod Street (Vocal Mix),yes,pahxXL6otiI,https://music.youtube.com/watch?v=pahxXL6otiI,31 Peascod Street (Vocal Mix),ytmusic,100.0,2026-09-04T01:20:25
Tech House,"Occibel, Marius",Don't Look Back,yes,muxkgCufSkk,https://music.youtube.com/watch?v=muxkgCufSkk,Look Back,ytmusic,100.0,2026-09-04T01:20:23
Tech House,"Occibel, Marius",Mellor Walk,yes,7cnjKeI4AFc,https://music.youtube.com/watch?v=7cnjKeI4AFc,Mellor Walk,ytmusic,100.0,2026-09-04T01:20:25
Tech House,"Occibel, Marius",The Green Guy,yes,HyYjNapfH4E,https://music.youtube.com/watch?v=HyYjNapfH4E,The Green Guy,ytmusic,84.0,2026-09-04T01:20:24
Tech House,Olsvangèr,Goldman’s Propeller,yes,2uezkhXgowM,https://music.youtube.com/watch?v=2uezkhXgowM,Goldman's Propeller,ytmusic,96.55172413793103,2026-09-04T01:15:24
Tech House,Olsvangèr,Lava Luva,yes,pzDrcGrpy9E,https://music.youtube.com/watch?v=pzDrcGrpy9E,Lava Luva,ytmusic,100.0,2026-09-04T01:15:25
Tech House,Olsvangèr,Lunar Kiss Baby Whale,yes,NB9p6fFWFas,https://music.youtube.com/watch?v=NB9p6fFWFas,Olsvangèr -- Lunar Kiss Baby Whale,ytmusic,100.0,2026-09-04T01:15:24
Tech House,Olsvangèr,The Core,yes,i4Fnmo64QzU,https://music.youtube.com/watch?v=i4Fnmo64QzU,The Core,ytmusic,100.0,2026-09-04T01:15:23
Tech House,Palorim,Alien encounter,yes,1FnvBJeDZVc,https://music.youtube.com/watch?v=1FnvBJeDZVc,Alien Encounter,ytmusic,78.94736842105263,2026-09-04T01:19:05
Tech House,Palorim,Cracky nuts,yes,3OTZE0C60e4,https://music.youtube.com/watch?v=3OTZE0C60e4,Cracker & Nuts,ytmusic,65.21739130434783,2026-09-04T01:19:04
Tech House,Palorim,Double trouble,yes,uDcmjcM5t2k,https://music.youtube.com/watch?v=uDcmjcM5t2k,Palorim ─ Double Trouble [KDM001],ytmusic,100.0,2026-09-04T01:19:04
Tech House,Palorim,Trippin,yes,V6l8Qv9opTU,https://music.youtube.com/watch?v=V6l8Qv9opTU,Palorim - Trippin [KDM001],ytmusic,100.0,2026-09-04T01:19:06
Tech House,Phantom/Ghost,Nothing Is Written (Accidently Overdosed Remix By Tobias Thomas And Superpitcher),yes,iRIBRWK0toI,https://music.youtube.com/watch?v=iRIBRWK0toI,Nothing Is Written (Accidently Overdosed Remix by Tobias Thomas & Superpitcher),ytmusic,91.48936170212767,2026-09-04T01:10:56
Tech House,Phantom/Ghost,Nothing Is Written (Damascene Conversion By Coloma),yes,ZOz-rlrpe9E,https://music.youtube.com/watch?v=ZOz-rlrpe9E,Nothing Is Written (Damascene Conversion by Coloma),ytmusic,90.76923076923077,2026-09-04T01:10:57
Tech House,Phantom/Ghost,Nothing Is Written (Part 1),yes,A0A6vgiob8g,https://music.youtube.com/watch?v=A0A6vgiob8g,Nothing Is Written (Part 1),ytmusic,85.36585365853658,2026-09-04T01:10:58
Tech House,"Public Request, WAS",C'mon,yes,9MApymDDgmg,https://music.youtube.com/watch?v=9MApymDDgmg,C'mon!,ytmusic,69.56521739130434,2026-09-04T01:13:02
Tech House,"Public Request, WAS",Ego,no,,,,none,0.0,2026-09-04T01:59:25
Tech House,"Public Request, WAS",Spoon My,yes,M7Ea6dy9P8o,https://music.youtube.com/watch?v=M7Ea6dy9P8o,Wild,ytmusic,66.66666666666666,2026-09-04T01:13:03
Tech House,"Public Request, WAS",Tunnel,yes,5nMRKasQ27I,https://music.youtube.com/watch?v=5nMRKasQ27I,Tunnel du public,ytmusic,74.28571428571428,2026-09-04T01:13:05
Tech House,Roto,1312,yes,hqHaPukusK4,https://music.youtube.com/watch?v=hqHaPukusK4,Roto - 1312 (XRD026),ytmusic,100.0,2026-09-04T01:20:26
Tech House,Roto,A Place in My Heart,yes,2UhVky7__Xk,https://music.youtube.com/watch?v=2UhVky7__Xk,Roto - A Place in My Heart (XRD026),ytmusic,100.0,2026-09-04T01:20:27
Tech House,Roto,I'll Break You,yes,OygUqZtNRZk,https://music.youtube.com/watch?v=OygUqZtNRZk,Roto - I'll Break You (XRD026),ytmusic,100.0,2026-09-04T01:20:28
Tech House,Roto,Tell Tale Heart,yes,M4ptFimdf_0,https://music.youtube.com/watch?v=M4ptFimdf_0,Roto - Tell Tale Heart (XRD026),ytmusic,100.0,2026-09-04T01:20:26
Tech House,"SINM, Look Perry",Got The Data,yes,C_cQw7LZrzk,https://music.youtube.com/watch?v=C_cQw7LZrzk,SINM - Got The Data [MAAI007],ytdlp,65.51724137931035,2026-09-04T01:18:29
Tech House,"SINM, Look Perry",I Can't Love U,yes,SKp1HKM_4TY,https://music.youtube.com/watch?v=SKp1HKM_4TY,And I Love You So,ytmusic,74.57627118644068,2026-09-04T01:18:32
Tech House,"SINM, Look Perry",Layerz,yes,b0lZ6uvghdc,https://music.youtube.com/watch?v=b0lZ6uvghdc,Perry,ytmusic,71.42857142857143,2026-09-04T01:18:28
Tech House,"SINM, Look Perry",Stone Pilots,yes,mFgpWbI3Czo,https://music.youtube.com/watch?v=mFgpWbI3Czo,Sin,ytmusic,68.57142857142857,2026-09-04T01:18:32
Tech House,"SINM, Look Perry",Wonky Aftermath,yes,QAMSJvUYQ1I,https://music.youtube.com/watch?v=QAMSJvUYQ1I,SINM - Wonky Aftermath (MAAI007),ytdlp,68.75,2026-09-04T01:18:31
Tech House,Samuel Jabba,Drop Out,yes,oTRAwLGTQH0,https://music.youtube.com/watch?v=oTRAwLGTQH0,Samuel Jabba - Drop Out [PF008],ytmusic,100.0,2026-09-04T01:21:17
Tech House,Samuel Jabba,Feel The Fury,yes,5KihbYmetb0,https://music.youtube.com/watch?v=5KihbYmetb0,Samuel Jabba - Feel The Fury [PF008],ytmusic,100.0,2026-09-04T01:21:18
Tech House,Samuel Jabba,LSD Experience,yes,-7D9PMh0f_o,https://music.youtube.com/watch?v=-7D9PMh0f_o,Samuel Jabba - LSD Experience [PF008],ytmusic,100.0,2026-09-04T01:21:18
Tech House,Samuel Jabba,Last Temptation,yes,GZQ8KeOF98k,https://music.youtube.com/watch?v=GZQ8KeOF98k,Samuel Jabba - Last Temptation [PF008],ytmusic,100.0,2026-09-04T01:21:16
Tech House,Samuel Jabba,No Devils In The House,yes,r5Ws7jA35xA,https://music.youtube.com/watch?v=r5Ws7jA35xA,Samuel Jabba - No Devils In The House [PF008],ytmusic,100.0,2026-09-04T01:21:16
Tech House,Solar Plexus,Ankara Dub,yes,gUvWnFHnQ14,https://music.youtube.com/watch?v=gUvWnFHnQ14,Solar Plexus - Ankara Dub [OPIA014],ytmusic,100.0,2026-09-04T01:14:59
Tech House,Solar Plexus,Full Tilt (Full On Mix),yes,aKHy6OePMFE,https://music.youtube.com/watch?v=aKHy6OePMFE,Solar Plexus,ytmusic,100.0,2026-09-04T01:14:57
Tech House,Solar Plexus,Hush,yes,j3evcEmL4Ps,https://music.youtube.com/watch?v=j3evcEmL4Ps,Solar Plexus - Hush,ytmusic,100.0,2026-09-04T01:14:58
Tech House,Solar Plexus,Shanti,yes,7OuZMkJ-YHQ,https://music.youtube.com/watch?v=7OuZMkJ-YHQ,Solar Plexus - Shanti (2023),ytmusic,100.0,2026-09-04T01:14:59
Tech House,Spank Spank,Freak It (Club Mix),yes,7LW6N8K95-Q,https://music.youtube.com/watch?v=7LW6N8K95-Q,Freak It (Club Mix),ytmusic,100.0,2026-09-04T01:15:57
Tech House,Spank Spank,Freak It (Rhythm Dub),yes,7mmxnhexR6E,https://music.youtube.com/watch?v=7mmxnhexR6E,Freak It (Rhythm Dub),ytmusic,100.0,2026-09-04T01:15:57
Tech House,Spank Spank,Freak It (Special Mix),yes,KPp37W6oltM,https://music.youtube.com/watch?v=KPp37W6oltM,Freak It (Special Mix),ytmusic,100.0,2026-09-04T01:15:56
Tech House,Steve Bug,Berlinian Rexing,yes,gAdyc1hex10,https://music.youtube.com/watch?v=gAdyc1hex10,Berlinian Rexing,ytmusic,100.0,2026-09-04T01:11:00
Tech House,Steve Bug,What's Happened ?,yes,QWo78VzclsU,https://music.youtube.com/watch?v=QWo78VzclsU,What's Happened ?,ytmusic,100.0,2026-09-04T01:10:58
Tech House,Steve Bug,What's Happened ? (Rod Remix),yes,0CQxcYxhoYE,https://music.youtube.com/watch?v=0CQxcYxhoYE,What's Happened ? (Rod Remix),ytmusic,100.0,2026-09-04T01:10:59
Tech House,Sweely,Call Me Tonight (Huerta Remix),yes,lNPXx6sDzKA,https://music.youtube.com/watch?v=lNPXx6sDzKA,Call Me Tonight (Huerta Remix) (feat. Huerta),ytmusic,100.0,2026-09-04T01:17:59
Tech House,Sweely,Minilook (Gene On Earth Remix),yes,N2RmON-uWZY,https://music.youtube.com/watch?v=N2RmON-uWZY,MiniLook (Gene On Earth Remix) (feat. Gene On Earth),ytmusic,100.0,2026-09-04T01:17:57
Tech House,Sweely,No Part Of It (OCB Remix),yes,kn8jgOhLv2k,https://music.youtube.com/watch?v=kn8jgOhLv2k,Sweely - No Part Of It (OCB Remix) [BSU011],ytmusic,100.0,2026-09-04T01:18:00
Tech House,Sweely,Security (Garrett David Remix),yes,VIS_p7fJXfc,https://music.youtube.com/watch?v=VIS_p7fJXfc,Security (Garrett David Remix) (feat. Garrett David),ytmusic,100.0,2026-09-04T01:17:58
Tech House,Sweet Slave,Fear,yes,BXvS9423pHg,https://music.youtube.com/watch?v=BXvS9423pHg,Fear,ytmusic,100.0,2026-09-04T01:19:31
Tech House,Sweet Slave,Rotten,yes,Zt3f7ZBIvrs,https://music.youtube.com/watch?v=Zt3f7ZBIvrs,Rotten,ytmusic,100.0,2026-09-04T01:19:32
Tech House,Targa,Candy (Phil Fuldner vs. Targa Clubmix Instrumental),yes,Au6mT0GCqN0,https://music.youtube.com/watch?v=Au6mT0GCqN0,Targa - Candy (Phil Fuldner vs Targa Clubmix Instrumental) [2005],ytmusic,95.91836734693878,2026-09-04T01:19:54
Tech House,Targa,Candy (Phil Fuldner vs. Targa Clubmix),yes,Au6mT0GCqN0,https://music.youtube.com/watch?v=Au6mT0GCqN0,Targa - Candy (Phil Fuldner vs Targa Clubmix Instrumental) [2005],ytmusic,79.36507936507937,2026-09-04T01:19:52
Tech House,Targa,Candy (Radio Version),yes,aejTr2NEM_4,https://music.youtube.com/watch?v=aejTr2NEM_4,Candy Dreams / Targa Top,ytdlp,62.857142857142854,2026-09-04T01:19:53
Tech House,The Glass,Hear The Music (Mylo Remix),yes,svG6btD-CVM,https://music.youtube.com/watch?v=svG6btD-CVM,The Glass - Hear the music (Mylo Remix),ytmusic,100.0,2026-09-04T01:19:34
Tech House,The Glass,Hear The Music (Nick Moore vs. Computer Disco Mix),yes,0tgyMewuDNU,https://music.youtube.com/watch?v=0tgyMewuDNU,The Glass - Hear The Music (Nick Moore vs. Computer Disco Mix),ytmusic,100.0,2026-09-04T01:19:34
Tech House,The Glass,Hear The Music (Original Mix),yes,0tgyMewuDNU,https://music.youtube.com/watch?v=0tgyMewuDNU,The Glass - Hear The Music (Nick Moore vs. Computer Disco Mix),ytmusic,83.33333333333333,2026-09-04T01:19:33
Tech House,Twin,Easy Peeler,yes,jgB-gIcR3lQ,https://music.youtube.com/watch?v=jgB-gIcR3lQ,Twin - Easy Peeler [PF002],ytmusic,100.0,2026-09-04T01:11:23
Tech House,Twin,Easy Peeler (Gaab Remix),yes,kyOFHDFMjrY,https://music.youtube.com/watch?v=kyOFHDFMjrY,Twin - Easy Peeler (Gaab Remix),ytmusic,100.0,2026-09-04T01:11:23
Tech House,Twin,F70,yes,hEdQUTrrK98,https://music.youtube.com/watch?v=hEdQUTrrK98,Twin - F70 (PF002),ytmusic,100.0,2026-09-04T01:11:21
Tech House,Twin,Mapped,yes,AaEvZstMhPM,https://music.youtube.com/watch?v=AaEvZstMhPM,Twin - Mapped [PF002],ytmusic,100.0,2026-09-04T01:11:22
Tech House,Unknown Artist,Chewing gum,yes,nJVntfqTd-0,https://music.youtube.com/watch?v=nJVntfqTd-0,nobody,ytmusic,75.86206896551724,2026-09-04T01:17:56
Tech House,Unknown Artist,Night demons,yes,_kMnjieBUn0,https://music.youtube.com/watch?v=_kMnjieBUn0,Demons visit me every night and they don't let me sleep.,ytmusic,100.0,2026-09-04T01:17:55
Tech House,Unknown Artist,Scubafunk,yes,YDP-fFZN7pY,https://music.youtube.com/watch?v=YDP-fFZN7pY,Unknown Artist - Scubafunk,ytmusic,100.0,2026-09-04T01:17:54
Tech House,Unknown Artist,Sound picture,yes,CNiFbtOeFe0,https://music.youtube.com/watch?v=CNiFbtOeFe0,Unknown Artist / Sound Picture / Oblique Records / 2024,ytmusic,100.0,2026-09-04T01:17:56
Tech House,Various,Afraid (Simon Acetone Remix),yes,6ba5Xs-h_DM,https://music.youtube.com/watch?v=6ba5Xs-h_DM,Afraid (Simon Acetone Remix) (feat. Simon Acetone),ytmusic,87.5,2026-09-04T01:16:09
Tech House,Various,All Dayz,yes,pTqpNn7miHM,https://music.youtube.com/watch?v=pTqpNn7miHM,HAPPY Dayz - VARIOUS Artist.,ytmusic,85.71428571428571,2026-09-04T01:17:50
Tech House,Various,Already Mine (Dub Mix),yes,tMNdpIUPmD0,https://music.youtube.com/watch?v=tMNdpIUPmD0,JV & Red Eye feat. Apolesse - Already Mine (Dub Mix) [KNOE NM/1],ytmusic,84.61538461538461,2026-09-04T01:20:57
Tech House,Various,Bahn 25,yes,aIGs5ndRrRU,https://music.youtube.com/watch?v=aIGs5ndRrRU,Bahn 25 - big wall,ytdlp,63.63636363636363,2026-09-04T01:58:40
Tech House,Various,Bounce,yes,PsOB5phmwRs,https://music.youtube.com/watch?v=PsOB5phmwRs,Bounce,ytmusic,100.0,2026-09-04T01:20:58
Tech House,Various,Cave Ceremony,yes,C93WgQkcoh8,https://music.youtube.com/watch?v=C93WgQkcoh8,Sacred Ceremony in the Cave of Windchimes,ytmusic,76.47058823529412,2026-09-04T01:12:30
Tech House,Various,David Lee Goth (JPLS Remix),yes,bVWKTR74m8c,https://music.youtube.com/watch?v=bVWKTR74m8c,David Lee Goth (JPLS Remix),ytmusic,87.09677419354838,2026-09-04T01:10:50
Tech House,Various,Disco Computer,yes,43o3khWTN9M,https://music.youtube.com/watch?v=43o3khWTN9M,Midnight Spaceflight Disco,ytmusic,77.77777777777777,2026-09-04T01:19:15
Tech House,Various,Entron,yes,viqtQirWBSY,https://music.youtube.com/watch?v=viqtQirWBSY,"Faust, Act III: ""Il Se Fait Tard!... Adieu!…""",ytmusic,66.66666666666666,2026-09-04T01:20:56
Tech House,Various,Free Thing,yes,YEcldu3uqws,https://music.youtube.com/watch?v=YEcldu3uqws,Music Will Set Us Free,ytmusic,71.42857142857143,2026-09-04T01:21:00
Tech House,Various,Future Moves,yes,4Ng_xailBhU,https://music.youtube.com/watch?v=4Ng_xailBhU,Future Moves,ytmusic,82.05128205128204,2026-09-04T01:17:49
Tech House,Various,Got That Buzz,yes,JyrilPyg_1I,https://music.youtube.com/watch?v=JyrilPyg_1I,Got That Buzz,ytmusic,76.47058823529412,2026-09-04T01:12:31
Tech House,Various,I'd Rather Dance,yes,XEr8cutB3sg,https://music.youtube.com/watch?v=XEr8cutB3sg,I'd Rather Dance With You (Radio Mix),ytmusic,80.0,2026-09-04T01:17:48
Tech House,Various,Interstellar Intercept,yes,dZPWQje1-vY,https://music.youtube.com/watch?v=dZPWQje1-vY,Sweater - Interstellar Intercept [HTP001],ytmusic,84.61538461538461,2026-09-04T01:12:29
Tech House,Various,Interstellar Object,yes,yw9xaGFr_uE,https://music.youtube.com/watch?v=yw9xaGFr_uE,Interstellar Object,ytmusic,88.37209302325581,2026-09-04T01:14:55
Tech House,Various,Jimmy Clanfield,yes,V1iXxQuNwqE,https://music.youtube.com/watch?v=V1iXxQuNwqE,I Think I Luv 'U (feat. Loot) (Jimmy Clanfield Rework Instrumental),ytmusic,78.94736842105263,2026-09-04T01:20:59
Tech House,Various,Just Go With the Billow,yes,zxRFJajrSyQ,https://music.youtube.com/watch?v=zxRFJajrSyQ,Poten - Just Go With The Billow [HTP001],ytmusic,85.18518518518519,2026-09-04T01:12:29
Tech House,Various,Last Organ I Promise,yes,u19nAWoXTqE,https://music.youtube.com/watch?v=u19nAWoXTqE,ILyes - Last Organ I Promise,ytmusic,83.33333333333333,2026-09-04T01:14:57
Tech House,Various,Loop Da Loop,yes,kagqFmoOTu4,https://music.youtube.com/watch?v=kagqFmoOTu4,Loop Da Loop,ytmusic,73.6842105263158,2026-09-04T01:14:56
Tech House,Various,Noodle Soup,yes,zPfgvGPtYsE,https://music.youtube.com/watch?v=zPfgvGPtYsE,Noodle Soup,ytmusic,75.86206896551724,2026-09-04T01:10:45
Tech House,Various,Nothing,yes,I1Fu8mjaC94,https://music.youtube.com/watch?v=I1Fu8mjaC94,Topic x HRVY - All Or Nothing (Official Music Video),ytdlp,63.63636363636363,2026-09-04T01:16:07
Tech House,Various,Oh No (Baklava Mix),yes,lvK2AhvBIDU,https://music.youtube.com/watch?v=lvK2AhvBIDU,Kiddy Castle - Oh No (Baklava Mix) [VS003],ytmusic,82.6086956521739,2026-09-04T01:17:47
Tech House,Various,Reel Love,yes,Y4e87nUHiAI,https://music.youtube.com/watch?v=Y4e87nUHiAI,love you anyway,ytmusic,70.27027027027027,2026-09-04T01:21:01
Tech House,Various,Rhythms,yes,wstkRoVTjLk,https://music.youtube.com/watch?v=wstkRoVTjLk,VARIOUS RHYTHMS,ytmusic,100.0,2026-09-04T01:20:59
Tech House,Various,Salut,yes,jWb0Q3RUu3c,https://music.youtube.com/watch?v=jWb0Q3RUu3c,Salut D` Amour - E.Elgar,ytmusic,100.0,2026-09-04T01:19:15
Tech House,Various,Satisfied,yes,61bKls-Yvls,https://music.youtube.com/watch?v=61bKls-Yvls,Satisfied (Live),ytmusic,69.23076923076923,2026-09-04T01:14:53
Tech House,Various,Seventh Sense,yes,ovpHLp4gGbE,https://music.youtube.com/watch?v=ovpHLp4gGbE,Senses,ytmusic,78.78787878787878,2026-09-04T01:20:57
Tech House,Various,Sex Appeal,yes,YGKjhybnDAc,https://music.youtube.com/watch?v=YGKjhybnDAc,SEX APPEAL,ytmusic,71.42857142857143,2026-09-04T01:19:16
Tech House,Various,Slipping Into Fiction (Mujik Remix),yes,P4NzC_asPk8,https://music.youtube.com/watch?v=P4NzC_asPk8,Slipping into Fiction (mujik remix),ytmusic,89.74358974358974,2026-09-04T01:16:08
Tech House,Various,Sunrize,yes,Oqtal1MaeZs,https://music.youtube.com/watch?v=Oqtal1MaeZs,Sunrize,ytmusic,68.9655172413793,2026-09-04T01:19:14
Tech House,Various,The Foil,yes,fSosJperUrI,https://music.youtube.com/watch?v=fSosJperUrI,The Foil,ytmusic,70.27027027027027,2026-09-04T01:14:54
Tech House,Various,What's What She Said...,no,,,,none,0.0,2026-09-04T01:58:39
Tech House,Various,You,no,,,,none,0.0,2026-09-04T01:59:32
Tech House,Woody McBride,Bonus Flight,yes,lGYD5LzG7Lw,https://music.youtube.com/watch?v=lGYD5LzG7Lw,Hidden,ytmusic,78.78787878787878,2026-09-04T01:10:52
Tech House,Woody McBride,Flights Departing  (Nee & Shreve Remix),yes,-M4ksLomRV0,https://music.youtube.com/watch?v=-M4ksLomRV0,Pulled,ytmusic,78.78787878787878,2026-09-04T01:10:52
Tech House,Woody McBride,Flights Departing  (Soultek Remix),yes,YevVDw75-Wo,https://music.youtube.com/watch?v=YevVDw75-Wo,Onda,ytmusic,83.87096774193549,2026-09-04T01:10:51
Tech House,Woody McBride,Flights Departing (Original),yes,yDX5PqYumL0,https://music.youtube.com/watch?v=yDX5PqYumL0,Woody McBride ESP - Flights Departing (Original Mix),ytmusic,84.93150684931507,2026-09-04T01:10:50
Tech Trance,Abdul Raeva,Hard Discount Primitivo,yes,xpJRKoPj3QM,https://music.youtube.com/watch?v=xpJRKoPj3QM,Hard Discount Primitivo,ytmusic,100.0,2026-09-04T01:21:03
Tech Trance,Abdul Raeva,Karima's Duff Duff,yes,6iGQ0fZF27g,https://music.youtube.com/watch?v=6iGQ0fZF27g,Karima's Duff Duff,ytmusic,100.0,2026-09-04T01:21:02
Tech Trance,Abdul Raeva,Ooga Booga Acid Time,yes,0DRrZkevMG4,https://music.youtube.com/watch?v=0DRrZkevMG4,Ooga Booga Acid Time,ytmusic,100.0,2026-09-04T01:21:03
Tech Trance,Abdul Raeva,The Caballero Thrust Programme,yes,dP1r2Y7ECco,https://music.youtube.com/watch?v=dP1r2Y7ECco,The Caballero Thrust Programme,ytmusic,100.0,2026-09-04T01:21:02
Techno,A:G,Catching Up,yes,CEFA8x5o9AE,https://music.youtube.com/watch?v=CEFA8x5o9AE,(A1) A:G - Catching Up - [Lirica Archives] - 2026,ytmusic,100.0,2026-09-04T01:11:44
Techno,A:G,Impulses,yes,jjhCc7ctU3c,https://music.youtube.com/watch?v=jjhCc7ctU3c,(B1) A:G - Impulses - [Lirica Archives] - 2026,ytmusic,100.0,2026-09-04T01:11:45
Techno,A:G,Let It Go,yes,x__PQ5HfaJI,https://music.youtube.com/watch?v=x__PQ5HfaJI,(B2) A:G - Let it Go - [Lirica Archives] - 2026,ytmusic,100.0,2026-09-04T01:11:46
Techno,A:G,New Doors,yes,FUqJi5T1m5s,https://music.youtube.com/watch?v=FUqJi5T1m5s,(B3) A:G - New Doors - [Lirica Archives] - 2026,ytmusic,100.0,2026-09-04T01:11:46
Techno,A:G,That's Not The Moon,yes,9l0PNcpJhYs,https://music.youtube.com/watch?v=9l0PNcpJhYs,(A2) A:G - That's not the moon - [Lirica Archives] - 2026,ytmusic,100.0,2026-09-04T01:11:44
Techno,"Alfred Czital, Ayū",Body High,yes,0zm8bzMywYg,https://music.youtube.com/watch?v=0zm8bzMywYg,Body High,ytmusic,100.0,2026-09-04T01:12:39
Techno,"Alfred Czital, Ayū",In The End,yes,BkTq-nJYH2k,https://music.youtube.com/watch?v=BkTq-nJYH2k,Ayū - In The End [HARMONY013],ytmusic,65.11627906976744,2026-09-04T01:12:39
Techno,"Alfred Czital, Ayū",Midnight Picnic,yes,6JRpJmIIQDE,https://music.youtube.com/watch?v=6JRpJmIIQDE,Alfred Czital - Midnight Picnic [HARMONY013],ytmusic,78.57142857142857,2026-09-04T01:12:40
Techno,"Alfred Czital, Ayū",The Robbery,yes,VW-a-mUtPMU,https://music.youtube.com/watch?v=VW-a-mUtPMU,The Robbery,ytmusic,100.0,2026-09-04T01:12:38
Techno,Böhm,Back Alley,yes,lBkvTcYhrLA,https://music.youtube.com/watch?v=lBkvTcYhrLA,Back Alley,ytmusic,100.0,2026-09-04T01:11:42
Techno,Böhm,Connected,yes,GQ6qxfnD0eU,https://music.youtube.com/watch?v=GQ6qxfnD0eU,Connected,ytmusic,100.0,2026-09-04T01:11:41
Techno,Böhm,Mainstreet,yes,ijqC4ZrFKas,https://music.youtube.com/watch?v=ijqC4ZrFKas,Main Street,ytmusic,96.7741935483871,2026-09-04T01:11:41
Techno,Böhm,Underground,yes,YGJRRweKpZQ,https://music.youtube.com/watch?v=YGJRRweKpZQ,Underground,ytmusic,100.0,2026-09-04T01:11:43
Techno,CEM3340,Future Tribe (Feat. 2030),yes,SaSOAWpFJuA,https://music.youtube.com/watch?v=SaSOAWpFJuA,Electric Tribe,ytmusic,70.96774193548387,2026-09-04T01:12:40
Techno,CEM3340,Jiminy Cricket,yes,UDpYtw-15q0,https://music.youtube.com/watch?v=UDpYtw-15q0,CEM3340 - Jiminy Cricket,ytmusic,100.0,2026-09-04T01:12:42
Techno,CEM3340,Profondo Rosso,yes,laSFUFfLlCM,https://music.youtube.com/watch?v=laSFUFfLlCM,CEM3340 - Profondo Rosso,ytmusic,100.0,2026-09-04T01:12:42
Techno,CEM3340,Vocè,yes,6Ll8OsI3Id8,https://music.youtube.com/watch?v=6Ll8OsI3Id8,CEM3340 - Vocè,ytmusic,100.0,2026-09-04T01:12:41
Techno,Central Intelligence,Generation,yes,aCMFgc3g200,https://music.youtube.com/watch?v=aCMFgc3g200,Central Intelligence - Generation,ytmusic,100.0,2026-09-04T01:12:17
Techno,Central Intelligence,Helter Skelter,yes,nlIgAUWsB6c,https://music.youtube.com/watch?v=nlIgAUWsB6c,Helter Skelter,ytmusic,84.84848484848484,2026-09-04T01:12:18
Techno,Central Intelligence,Remember,yes,f-zrfvRVCBQ,https://music.youtube.com/watch?v=f-zrfvRVCBQ,Central Intelligence - Remember [VOSTRA003],ytmusic,100.0,2026-09-04T01:12:19
Techno,Central Intelligence,Shape Shifter,yes,qbdWBHrwNW4,https://music.youtube.com/watch?v=qbdWBHrwNW4,Central Intelligence -- Shape Shifter,ytmusic,100.0,2026-09-04T01:12:17
Techno,"Cesare Muraca, Aymeric",365 Days,yes,nKuvinxp06Y,https://music.youtube.com/watch?v=nKuvinxp06Y,Cesare Muraca - 365 Days,ytmusic,68.65671641791045,2026-09-04T01:11:14
Techno,"Cesare Muraca, Aymeric",Funky Things,yes,7ajmkib0R0M,https://music.youtube.com/watch?v=7ajmkib0R0M,Aymeric - Funky Things,ytmusic,74.07407407407408,2026-09-04T01:11:15
Techno,"Cesare Muraca, Aymeric",Initial Commit,yes,KzCc8sLZdZM,https://music.youtube.com/watch?v=KzCc8sLZdZM,Aymeric - Initial Commit,ytmusic,75.86206896551724,2026-09-04T01:11:14
Techno,"Cesare Muraca, Aymeric",Possibilities,yes,_SqWMXMpXjc,https://music.youtube.com/watch?v=_SqWMXMpXjc,Cesare Muraca - Possibilities,ytmusic,72.72727272727272,2026-09-04T01:11:13
Techno,"Cesare Muraca, Aymeric",Tasty Bonus,yes,U04PMWOZUhk,https://music.youtube.com/watch?v=U04PMWOZUhk,Aymeric - Tasty Bonus,ytmusic,73.07692307692308,2026-09-04T01:11:16
Techno,Connor Mikami,Foolish Human,yes,x-AMu1UYYX8,https://music.youtube.com/watch?v=x-AMu1UYYX8,Connor Mikami – Foolish Human,ytmusic,100.0,2026-09-04T01:11:57
Techno,Connor Mikami,January Blues,yes,otZJrby424w,https://music.youtube.com/watch?v=otZJrby424w,Connor Mikami & Michi – January Blues,ytmusic,100.0,2026-09-04T01:11:56
Techno,Connor Mikami,None Of My Friends Are Normal,yes,6q3I_j1Oguo,https://music.youtube.com/watch?v=6q3I_j1Oguo,Connor Mikami - None Of My Friends Are Normal [IYKYK004],ytmusic,100.0,2026-09-04T01:11:58
Techno,Connor Mikami,Zigon,yes,6RiyTtEzBEQ,https://music.youtube.com/watch?v=6RiyTtEzBEQ,Connor Mikami - Zigon  [IYKYK004],ytmusic,100.0,2026-09-04T01:11:57
Techno,Cristian Sarde,About Clifford,yes,Zmfw0By3eD0,https://music.youtube.com/watch?v=Zmfw0By3eD0,About Clifford,ytmusic,100.0,2026-09-04T01:11:27
Techno,Cristian Sarde,Changes,yes,BSyR4vIvmNU,https://music.youtube.com/watch?v=BSyR4vIvmNU,Changes,ytmusic,100.0,2026-09-04T01:11:25
Techno,Cristian Sarde,Eyesight Wisdom,yes,u4mRV8lJjEY,https://music.youtube.com/watch?v=u4mRV8lJjEY,Eyesight Wisdom,ytmusic,100.0,2026-09-04T01:11:26
Techno,Cristian Sarde,Professional Dancer,yes,1yfsYnZKcck,https://music.youtube.com/watch?v=1yfsYnZKcck,Professional Dancer,ytmusic,100.0,2026-09-04T01:11:24
Techno,Cristian Sarde,Until My Eyes Fell On Her,yes,7rvVCpMMPNI,https://music.youtube.com/watch?v=7rvVCpMMPNI,Until My Eyes Fell On Her,ytmusic,100.0,2026-09-04T01:11:25
Techno,D.C. Salas,Into The Dark Lights,yes,xWnyvanJZIg,https://music.youtube.com/watch?v=xWnyvanJZIg,The Lights,ytmusic,91.42857142857143,2026-09-04T01:13:16
Techno,D.C. Salas,Running Slow,yes,3hewPHuWoh0,https://music.youtube.com/watch?v=3hewPHuWoh0,DC Salas - Running Slow [TP28 - Time Passages],ytmusic,87.8048780487805,2026-09-04T01:13:17
Techno,D.C. Salas,The Bright Side,yes,gyn4O-5_Wqw,https://music.youtube.com/watch?v=gyn4O-5_Wqw,DC Salas - The Bright Side [TP28 - Time Passages],ytmusic,89.36170212765957,2026-09-04T01:13:17
Techno,D.C. Salas,Trapped Inside Your Mind,yes,8pSwK80Vh5A,https://music.youtube.com/watch?v=8pSwK80Vh5A,DC Salas - Trapped Inside Your Mind [TP28 - Time Passages],ytmusic,92.3076923076923,2026-09-04T01:13:15
Techno,DMX Krew,Altered Chords,yes,Xpa0BiZlIoE,https://music.youtube.com/watch?v=Xpa0BiZlIoE,Altered Chords,ytmusic,100.0,2026-09-04T01:11:36
Techno,DMX Krew,I Love Juan,yes,HbgPCYAz6e0,https://music.youtube.com/watch?v=HbgPCYAz6e0,I Love Juan,ytmusic,100.0,2026-09-04T01:11:37
Techno,DMX Krew,Return To Jupiter,yes,IBNw1_UDxAo,https://music.youtube.com/watch?v=IBNw1_UDxAo,Return to Jupiter,ytmusic,100.0,2026-09-04T01:11:35
Techno,DMX Krew,U Ain't Really Down,yes,kUWir0AeH1w,https://music.youtube.com/watch?v=kUWir0AeH1w,U Ain't Really Down,ytmusic,100.0,2026-09-04T01:11:37
Techno,DOTT,Deep Soi,yes,MBIw5eYsU0Y,https://music.youtube.com/watch?v=MBIw5eYsU0Y,Deep Soi,ytmusic,100.0,2026-09-04T01:11:28
Techno,DOTT,Extra Flavour,yes,s_g4MdZmSac,https://music.youtube.com/watch?v=s_g4MdZmSac,Extra Flavour,ytmusic,100.0,2026-09-04T01:11:28
Techno,DOTT,Imminent Catrastrophe,yes,bulurZCcgA4,https://music.youtube.com/watch?v=bulurZCcgA4,Imminent Catrastrophe,ytmusic,100.0,2026-09-04T01:11:29
Techno,DOTT,Stalking Merlin,yes,0p0s7iDuLA4,https://music.youtube.com/watch?v=0p0s7iDuLA4,Stalking Merlin,ytmusic,100.0,2026-09-04T01:11:29
Techno,Data Memory Access,Atmosfear,yes,dAUT_NQOqA0,https://music.youtube.com/watch?v=dAUT_NQOqA0,Atmosfear (feat. Giammarco Orsini & Jacopo Latini),ytmusic,100.0,2026-09-04T01:12:34
Techno,Data Memory Access,DR. Esse,yes,dSrho_hv6LI,https://music.youtube.com/watch?v=dSrho_hv6LI,Data Memory Access - DR. Esse,ytmusic,100.0,2026-09-04T01:12:32
Techno,Data Memory Access,Neukölln,yes,GsMGo-oBhJk,https://music.youtube.com/watch?v=GsMGo-oBhJk,Neukölln (Live) (feat. Giammarco Orsini & Jacopo Latini),ytmusic,100.0,2026-09-04T01:13:14
Techno,Data Memory Access,Powah,yes,6Lk6q105F5E,https://music.youtube.com/watch?v=6Lk6q105F5E,Powah (Live) (feat. Giammarco Orsini & Jacopo Latini),ytmusic,100.0,2026-09-04T01:13:12
Techno,Data Memory Access,Reflexion,yes,QHE0-36OuiU,https://music.youtube.com/watch?v=QHE0-36OuiU,Reflexion (Live) (feat. Jacopo Latini & Giammarco Orsini),ytmusic,100.0,2026-09-04T01:13:14
Techno,Data Memory Access,Running Around,yes,5lXogOpz8B4,https://music.youtube.com/watch?v=5lXogOpz8B4,Running Around (feat. Giammarco Orsini & Jacopo Latini),ytmusic,100.0,2026-09-04T01:12:32
Techno,Data Memory Access,Slam Jam,yes,PwvUCRum27E,https://music.youtube.com/watch?v=PwvUCRum27E,Slam Jam (feat. Jacopo Latini & Giammarco Orsini),ytmusic,100.0,2026-09-04T01:12:33
Techno,Data Memory Access,We are,yes,FP7mqei-ipg,https://music.youtube.com/watch?v=FP7mqei-ipg,We Are (Live) (feat. Jacopo Latini & Giammarco Orsini),ytmusic,100.0,2026-09-04T01:13:13
Techno,"Death Before Disco, Scubadevils",Celestial Symphony (Angel Delight Mix),yes,WkXdggtyHzU,https://music.youtube.com/watch?v=WkXdggtyHzU,Scubadevils - Celestial Symphony,ytmusic,96.7741935483871,2026-09-04T01:10:04
Techno,"Death Before Disco, Scubadevils",Ministry (Exploding Plastic Inevitable Mix),yes,HVBY73qfBvM,https://music.youtube.com/watch?v=HVBY73qfBvM,Death Before Disco - Ministry (Exploding Plastic Inevitable Mix),ytmusic,85.49618320610688,2026-09-04T01:10:04
Techno,Depeche Mode,It's No Good (Club 69 Funk Dub),yes,hg-cKc0ija0,https://music.youtube.com/watch?v=hg-cKc0ija0,It's No Good,ytmusic,100.0,2026-09-04T01:10:26
Techno,Depeche Mode,It's No Good (Club 69 Future Dub),yes,hg-cKc0ija0,https://music.youtube.com/watch?v=hg-cKc0ija0,It's No Good,ytmusic,100.0,2026-09-04T01:10:25
Techno,Depeche Mode,It's No Good (Club 69 Future Mix),yes,Xg6g1M1_AdM,https://music.youtube.com/watch?v=Xg6g1M1_AdM,It's No Good (Club 69 Future Mix),ytmusic,100.0,2026-09-04T01:10:24
Techno,Depeche Mode,It's No Good (Hardfloor Mix),yes,S6ymbPfFnRA,https://music.youtube.com/watch?v=S6ymbPfFnRA,It's No Good (Hardfloor Mix),ytmusic,100.0,2026-09-04T01:10:24
Techno,Depeche Mode,It's No Good (Speedy J Mix),yes,K8hSWE8h73E,https://music.youtube.com/watch?v=K8hSWE8h73E,It's No Good (Speedy J Mix),ytmusic,100.0,2026-09-04T01:10:23
Techno,Djinxx,212,yes,EfTHYn6x9PU,https://music.youtube.com/watch?v=EfTHYn6x9PU,212,ytmusic,100.0,2026-09-04T01:10:32
Techno,Djinxx,Electric City,yes,GkjzStwoYk8,https://music.youtube.com/watch?v=GkjzStwoYk8,Djinxx - Electric City,ytmusic,100.0,2026-09-04T01:10:34
Techno,Djinxx,Not Bio,yes,x5oTpZq5J2o,https://music.youtube.com/watch?v=x5oTpZq5J2o,Not Bio,ytmusic,100.0,2026-09-04T01:10:33
Techno,Djinxx,Soul Savana,yes,XL6YDwUvBTc,https://music.youtube.com/watch?v=XL6YDwUvBTc,Soul Savana,ytmusic,100.0,2026-09-04T01:10:34
Techno,Djinxx,The Show,yes,07CvoYvMnZ8,https://music.youtube.com/watch?v=07CvoYvMnZ8,Djinxx - The Show,ytmusic,100.0,2026-09-04T01:10:32
Techno,Donato Dozzy,Back,yes,lcWEODiXT5Q,https://music.youtube.com/watch?v=lcWEODiXT5Q,Back,ytmusic,100.0,2026-09-04T01:11:03
Techno,Donato Dozzy,Duetto,yes,K6UrJMPd6Ts,https://music.youtube.com/watch?v=K6UrJMPd6Ts,Duetto,ytmusic,100.0,2026-09-04T01:11:02
Techno,Donato Dozzy,Filo,yes,Xlfo6qZmBIU,https://music.youtube.com/watch?v=Xlfo6qZmBIU,Filo,ytmusic,100.0,2026-09-04T01:11:00
Techno,Donato Dozzy,Nine O' Three,yes,6vLUN4abXhI,https://music.youtube.com/watch?v=6vLUN4abXhI,Nine O' Three,ytmusic,100.0,2026-09-04T01:11:02
Techno,Donato Dozzy,Rep,yes,-2a5l-zrrqs,https://music.youtube.com/watch?v=-2a5l-zrrqs,REP,ytmusic,100.0,2026-09-04T01:11:05
Techno,Donato Dozzy,Tb Square,yes,3WAkvZR8Dek,https://music.youtube.com/watch?v=3WAkvZR8Dek,TB Square,ytmusic,100.0,2026-09-04T01:11:04
Techno,Donato Dozzy,Vetta,yes,KGtTFPHCbRk,https://music.youtube.com/watch?v=KGtTFPHCbRk,Vetta,ytmusic,100.0,2026-09-04T01:11:01
Techno,Donato Dozzy,Vetta Reprise,yes,5bDwL6sZRCA,https://music.youtube.com/watch?v=5bDwL6sZRCA,Vetta Reprise,ytmusic,100.0,2026-09-04T01:11:03
Techno,Eat Static,Almost Human (Abduction Mix),yes,LE183Akpt-s,https://music.youtube.com/watch?v=LE183Akpt-s,Almost Human,ytmusic,100.0,2026-09-04T01:09:48
Techno,Eat Static,Mother Planet,yes,012h8KzaR9w,https://music.youtube.com/watch?v=012h8KzaR9w,Mother Planet,ytmusic,100.0,2026-09-04T01:09:50
Techno,Eat Static,Pupae (The Locust Song),yes,nbv_R1XcbJs,https://music.youtube.com/watch?v=nbv_R1XcbJs,Pupae,ytmusic,100.0,2026-09-04T01:09:50
Techno,Eat Static,The Fourth Dimension,yes,nysiYpboArI,https://music.youtube.com/watch?v=nysiYpboArI,The Fourth Dimension,ytmusic,100.0,2026-09-04T01:09:49
Techno,Eric OS,Cherry Red,yes,cZHmF_bvQF4,https://music.youtube.com/watch?v=cZHmF_bvQF4,Cherry Red,ytmusic,100.0,2026-09-04T01:13:09
Techno,Eric OS,Electrodreammachine,yes,UcXiWqMyaYk,https://music.youtube.com/watch?v=UcXiWqMyaYk,Electrodreammachine,ytmusic,100.0,2026-09-04T01:13:08
Techno,Eric OS,Elusive,yes,VxWtCrWkmxw,https://music.youtube.com/watch?v=VxWtCrWkmxw,Elusive,ytmusic,100.0,2026-09-04T01:13:07
Techno,Eric OS,Feeling Real,yes,0SuB_Iw5wqw,https://music.youtube.com/watch?v=0SuB_Iw5wqw,Feeling Real,ytmusic,100.0,2026-09-04T01:13:09
Techno,Eric OS,Stereophysical,yes,4Mv8AfV7iKE,https://music.youtube.com/watch?v=4Mv8AfV7iKE,Stereophysical,ytmusic,100.0,2026-09-04T01:13:06
Techno,Eric OS,Underworld,yes,UhPYy_EUVfg,https://music.youtube.com/watch?v=UhPYy_EUVfg,Underworld,ytmusic,100.0,2026-09-04T01:13:06
Techno,Eversines,Affection Towards The Urban Environment,yes,RKc_uJnxEa8,https://music.youtube.com/watch?v=RKc_uJnxEa8,Eversines ─ Affection Towards The Urban Environment [OYSTER54],ytmusic,100.0,2026-09-04T01:12:02
Techno,Eversines,Fast Fall,yes,4hgbU9HvT8c,https://music.youtube.com/watch?v=4hgbU9HvT8c,Fast Fall,ytmusic,100.0,2026-09-04T01:12:02
Techno,Eversines,Gaze,yes,6Z7Zr5jF5xc,https://music.youtube.com/watch?v=6Z7Zr5jF5xc,Gaze,ytmusic,100.0,2026-09-04T01:12:01
Techno,Eversines,Wavedash,yes,i9uC5QVWrOY,https://music.youtube.com/watch?v=i9uC5QVWrOY,Wavedash,ytmusic,100.0,2026-09-04T01:12:03
Techno,"FSK24, Felix Dulac, Nils, Solal Reyes",Gorilla Jam,yes,wbRXvYkLkYg,https://music.youtube.com/watch?v=wbRXvYkLkYg,FSK24 & Felix Dulac - Gorilla Jam [LDDJ003],ytdlp,63.04347826086956,2026-09-04T01:11:19
Techno,"FSK24, Felix Dulac, Nils, Solal Reyes",Hanging Around,yes,lirV4jTWoYs,https://music.youtube.com/watch?v=lirV4jTWoYs,FSK24 & Felix Dulac - Hanging Around [LDDJ003],ytdlp,65.3061224489796,2026-09-04T01:11:17
Techno,"FSK24, Felix Dulac, Nils, Solal Reyes",Luke Skyvodka,yes,NZ7ocMfu9qA,https://music.youtube.com/watch?v=NZ7ocMfu9qA,Solal Reyes & Nils - Luke Skyvodka [LDDJ003],ytmusic,70.0,2026-09-04T01:11:21
Techno,"FSK24, Felix Dulac, Nils, Solal Reyes",The Sea Peoples,no,,,,none,0.0,2026-09-04T01:58:41
Techno,"Film Noir, Princess Julia",Out Of My Box (Accapella),yes,LhCQejWjNb8,https://music.youtube.com/watch?v=LhCQejWjNb8,Out Of My Box,ytmusic,100.0,2026-09-04T01:10:00
Techno,"Film Noir, Princess Julia",Out Of My Box (DJ Antoine's Photomontage),yes,LhCQejWjNb8,https://music.youtube.com/watch?v=LhCQejWjNb8,Out Of My Box,ytmusic,100.0,2026-09-04T01:09:59
Techno,"Film Noir, Princess Julia",Out Of My Box (Director's Cut),yes,mZhHyuDa1pc,https://music.youtube.com/watch?v=mZhHyuDa1pc,Out of My Box (Acapella),ytmusic,83.58208955223881,2026-09-04T01:09:58
Techno,"Film Noir, Princess Julia",Out Of My Box (Physique's Smokescreen Footage),yes,LhCQejWjNb8,https://music.youtube.com/watch?v=LhCQejWjNb8,Out Of My Box,ytmusic,100.0,2026-09-04T01:09:58
Techno,Finitribe,Forevergreen (Forever Egocentric Instrumental Mix),yes,IBI9Xcfugyk,https://music.youtube.com/watch?v=IBI9Xcfugyk,Forevergreen,ytmusic,100.0,2026-09-04T01:10:53
Techno,Finitribe,Forevergreen (Forever Egocentric Vocal Edit),yes,IBI9Xcfugyk,https://music.youtube.com/watch?v=IBI9Xcfugyk,Forevergreen,ytmusic,100.0,2026-09-04T01:10:54
Techno,Finitribe,Forevergreen (Forever Most Excellent Mix),yes,IBI9Xcfugyk,https://music.youtube.com/watch?v=IBI9Xcfugyk,Forevergreen,ytmusic,100.0,2026-09-04T01:10:53
Techno,"Giammarco Orsini, Intheismah",Control You,yes,yo8jA_IQkAI,https://music.youtube.com/watch?v=yo8jA_IQkAI,"Giammarco Orsini, Intheismah - Control You",ytmusic,100.0,2026-09-04T01:12:57
Techno,"Giammarco Orsini, Intheismah",Gift,yes,b21fDPKK0jU,https://music.youtube.com/watch?v=b21fDPKK0jU,"Giammarco Orsini, Intheismah - Gift",ytmusic,100.0,2026-09-04T01:12:57
Techno,"Giammarco Orsini, Intheismah",The Transition,yes,HwsU98ZilFk,https://music.youtube.com/watch?v=HwsU98ZilFk,"Giammarco Orsini, Intheismah - The Transition",ytmusic,100.0,2026-09-04T01:12:59
Techno,"Giammarco Orsini, Intheismah",Wake Up,yes,AG-ZA_F-iY4,https://music.youtube.com/watch?v=AG-ZA_F-iY4,"Giammarco Orsini, Intheismah - Wake Up",ytmusic,100.0,2026-09-04T01:12:58
Techno,Gogo Gadgeto,Electric Spliff,yes,eSFRSrmFF8M,https://music.youtube.com/watch?v=eSFRSrmFF8M,Gogo Gadgeto - Electric Spliff [LMBG15],ytmusic,100.0,2026-09-04T01:12:55
Techno,Gogo Gadgeto,Gadgeto Theme,yes,7f7P2pID7DY,https://music.youtube.com/watch?v=7f7P2pID7DY,Gogo Gadgeto - Gadgeto Theme [LMBG15],ytmusic,100.0,2026-09-04T01:12:54
Techno,Gogo Gadgeto,Spooky Adventure,yes,ljbsR5LqIkg,https://music.youtube.com/watch?v=ljbsR5LqIkg,Gogo Gadgeto - Spooky Adventure,ytmusic,100.0,2026-09-04T01:12:55
Techno,Gogo Gadgeto,Weird Science (Gadgeto Edit),yes,lSXKjMYq8Qc,https://music.youtube.com/watch?v=lSXKjMYq8Qc,Gogo Gadgeto - Weird Science (Gadgeto Edit) [LMBG15],ytmusic,100.0,2026-09-04T01:12:56
Techno,Head Room,How U Feel (Al Faris & Andrew Wooden Rmx),yes,RzYe7T0wppI,https://music.youtube.com/watch?v=RzYe7T0wppI,Head Room - How U Feel (Al Faris & Andrew Wooden Rmx),ytmusic,100.0,2026-09-04T01:10:10
Techno,Head Room,How U Feel (Brooklyn Bounce Rmx),yes,BvWCRJG5dXs,https://music.youtube.com/watch?v=BvWCRJG5dXs,Headroom - How U Feel (Brooklyn Bounce Mix) 1997,ytmusic,78.26086956521739,2026-09-04T01:10:08
Techno,Head Room,How U Feel (Feelmachine Rmx),yes,czda5UyTQvI,https://music.youtube.com/watch?v=czda5UyTQvI,Head Room – How U Feel (Feelmachine Rmx) - Gang Go Music 1997,ytmusic,100.0,2026-09-04T01:10:11
Techno,Head Room,How U Feel (Video Edit),yes,7TpscN7uMBQ,https://music.youtube.com/watch?v=7TpscN7uMBQ,How Would U Feel (Radio Edit),ytmusic,68.42105263157895,2026-09-04T01:10:09
Techno,Hooked,Now I Get My Kicks (Dub),yes,dhQ5v4XPgUI,https://music.youtube.com/watch?v=dhQ5v4XPgUI,Hooked - Now I Get My Kicks (Dub),ytmusic,100.0,2026-09-04T01:10:29
Techno,Hooked,Now I Get My Kicks (Kickcappella),no,,,,none,0.0,2026-09-04T01:58:37
Techno,Hooked,Now I Get My Kicks (Vocal),yes,mUkqb8gSHDg,https://music.youtube.com/watch?v=mUkqb8gSHDg,Hooked feat Kym Brown - Now I Get My Kicks (The Eggheadz Remix),ytmusic,86.20689655172414,2026-09-04T01:10:29
Techno,"Interstellar Funk, Loradeniz",Fly Me In,yes,Tm6YVFuu3Hw,https://music.youtube.com/watch?v=Tm6YVFuu3Hw,Fly Me In,ytmusic,96.1038961038961,2026-09-04T01:11:32
Techno,"Interstellar Funk, Loradeniz",Freefall,yes,T1cyYWrSV3I,https://music.youtube.com/watch?v=T1cyYWrSV3I,Freefall,ytmusic,96.0,2026-09-04T01:11:33
Techno,"Interstellar Funk, Loradeniz",Hidden Tongue,yes,hX3nNx468PU,https://music.youtube.com/watch?v=hX3nNx468PU,Hidden Tongue,ytmusic,96.47058823529412,2026-09-04T01:11:33
Techno,"Interstellar Funk, Loradeniz",Lurking Orange,yes,kCmmfVx90HU,https://music.youtube.com/watch?v=kCmmfVx90HU,Lurking Orange,ytmusic,96.55172413793103,2026-09-04T01:11:35
Techno,"Interstellar Funk, Loradeniz",Situational Lullaby,yes,3OJiTFo1f7E,https://music.youtube.com/watch?v=3OJiTFo1f7E,Situational Lullaby,ytmusic,96.90721649484536,2026-09-04T01:11:34
Techno,J-Zbel,Bertrand Au Mont D'Or,yes,mzCbZ68TqK0,https://music.youtube.com/watch?v=mzCbZ68TqK0,Bertrand au mont d'or,ytmusic,100.0,2026-09-04T01:11:09
Techno,J-Zbel,Check-In,yes,WQQ6BRWU4F8,https://music.youtube.com/watch?v=WQQ6BRWU4F8,Check-In,ytmusic,100.0,2026-09-04T01:11:06
Techno,J-Zbel,Diablo Verde Part. II,yes,MPEexaL-mU0,https://music.youtube.com/watch?v=MPEexaL-mU0,J-Zbel - Diablo Verde Part. II - Dog’s Fart Is So Bad That Cat Throws Up - BFDM020,ytmusic,100.0,2026-09-04T01:11:12
Techno,J-Zbel,Excremangue,yes,4axELLrP4qg,https://music.youtube.com/watch?v=4axELLrP4qg,Excremangue,ytmusic,100.0,2026-09-04T01:11:11
Techno,J-Zbel,Hardcore Jusqu'au PEF,yes,y3JWSsMsIi8,https://music.youtube.com/watch?v=y3JWSsMsIi8,Hardcore jusqu'au PEF,ytmusic,100.0,2026-09-04T01:11:06
Techno,J-Zbel,Le Riddim Du Bardouin,yes,6ywZMaW0czY,https://music.youtube.com/watch?v=6ywZMaW0czY,Le riddim du bardouin,ytmusic,100.0,2026-09-04T01:11:07
Techno,J-Zbel,Mortel Kombat,yes,Zc-SZYm9A5g,https://music.youtube.com/watch?v=Zc-SZYm9A5g,Mortal Kombat,ytmusic,95.0,2026-09-04T01:11:07
Techno,J-Zbel,Pardon Mouloud,yes,ceJAOla07WY,https://music.youtube.com/watch?v=ceJAOla07WY,Pardon mouloud,ytmusic,100.0,2026-09-04T01:11:11
Techno,J-Zbel,Rustie Le Clown,yes,fawH9f_UYrY,https://music.youtube.com/watch?v=fawH9f_UYrY,Rustie le clown,ytmusic,100.0,2026-09-04T01:11:09
Techno,J-Zbel,Sebulba,yes,GaOih2mc5NU,https://music.youtube.com/watch?v=GaOih2mc5NU,Sebulba (feat. Simo Cell),ytmusic,100.0,2026-09-04T01:11:10
Techno,J-Zbel,The J-Zbel Anthem,yes,8bRDvPhU3IY,https://music.youtube.com/watch?v=8bRDvPhU3IY,The J-Zbel Anthem,ytmusic,100.0,2026-09-04T01:11:12
Techno,J-Zbel,Tunnel Vision,yes,MG3TTKmJM1k,https://music.youtube.com/watch?v=MG3TTKmJM1k,Tunnel Vision,ytmusic,100.0,2026-09-04T01:11:08
Techno,Juaan,Arandanos,yes,z8xb6sc8HJA,https://music.youtube.com/watch?v=z8xb6sc8HJA,Juaan - Arandanos [STR001],ytmusic,100.0,2026-09-04T01:12:24
Techno,Juaan,Entre 2,yes,3Bodt20th-Y,https://music.youtube.com/watch?v=3Bodt20th-Y,Juaan - Entre 2 [STR001],ytmusic,100.0,2026-09-04T01:12:24
Techno,Juaan,Maicrofon,yes,TaiekbjmymQ,https://music.youtube.com/watch?v=TaiekbjmymQ,Juaan - Maicrofon [STR001],ytmusic,100.0,2026-09-04T01:12:25
Techno,Juaan,Placer,yes,lCrnd5j1Tdc,https://music.youtube.com/watch?v=lCrnd5j1Tdc,Juaan - Placer [STR001],ytmusic,100.0,2026-09-04T01:12:23
Techno,KiNK,Fantasia (Original Mix),yes,5wOQ_2DnTC0,https://music.youtube.com/watch?v=5wOQ_2DnTC0,Fantasia,ytmusic,100.0,2026-09-04T01:10:55
Techno,KiNK,Fantasia (Truncate Remix),yes,dLFhp1Lbvj8,https://music.youtube.com/watch?v=dLFhp1Lbvj8,Fantasia (Truncate Remix),ytmusic,100.0,2026-09-04T01:10:56
Techno,Kiki,Classix Nouveaux,yes,lEL4ix1GEtk,https://music.youtube.com/watch?v=lEL4ix1GEtk,Classic Nouveaux,ytmusic,95.23809523809524,2026-09-04T01:10:16
Techno,Kiki,Drawing Circles,yes,6v9wkUh03Zs,https://music.youtube.com/watch?v=6v9wkUh03Zs,Drawing Circles,ytmusic,100.0,2026-09-04T01:10:17
Techno,Kiki,Intimacy,yes,92KML01ZaZE,https://music.youtube.com/watch?v=92KML01ZaZE,Intimacy,ytmusic,100.0,2026-09-04T01:10:15
Techno,Kiki,On The 104th Day,yes,nHGauNSaqy8,https://music.youtube.com/watch?v=nHGauNSaqy8,On the 104th Day,ytmusic,100.0,2026-09-04T01:10:19
Techno,Kiki,Run With Me,yes,cREdXFSwdAE,https://music.youtube.com/watch?v=cREdXFSwdAE,Run with Me,ytmusic,100.0,2026-09-04T01:10:14
Techno,Kiki,So Easy To Forget,yes,JhrKTm57At8,https://music.youtube.com/watch?v=JhrKTm57At8,So Easy to Forget,ytmusic,100.0,2026-09-04T01:10:13
Techno,Kiki,The Big Picture,yes,S5c5CCGlnZs,https://music.youtube.com/watch?v=S5c5CCGlnZs,The Big Picture,ytmusic,100.0,2026-09-04T01:10:15
Techno,Kiki,The Calling,yes,1mE7GKf4eSw,https://music.youtube.com/watch?v=1mE7GKf4eSw,The Calling,ytmusic,100.0,2026-09-04T01:10:17
Techno,Kiki,The End Of The World,yes,Bu1CoOX018Q,https://music.youtube.com/watch?v=Bu1CoOX018Q,The End of the World,ytmusic,100.0,2026-09-04T01:10:12
Techno,Kiki,Turn The Lights Down,yes,AZj7K4Au0QM,https://music.youtube.com/watch?v=AZj7K4Au0QM,Turn the Lights Down,ytmusic,100.0,2026-09-04T01:10:19
Techno,Kiki,Up,yes,VA_yeYXyO1c,https://music.youtube.com/watch?v=VA_yeYXyO1c,Up,ytmusic,100.0,2026-09-04T01:10:18
Techno,Kiko,Planet Earth,yes,jJTX5LtzFIw,https://music.youtube.com/watch?v=jJTX5LtzFIw,Kiko - Planet Earth,ytmusic,100.0,2026-09-04T01:10:22
Techno,Kiko,Take A Chance,yes,SG_wTFlqbjs,https://music.youtube.com/watch?v=SG_wTFlqbjs,Take a Chance - Ozyriz,ytmusic,100.0,2026-09-04T01:10:22
Techno,Laurent Garnier,City Sphere (Sax Mix),yes,DLDsfm7Uum4,https://music.youtube.com/watch?v=DLDsfm7Uum4,City Sphere,ytmusic,100.0,2026-09-04T01:09:33
Techno,Laurent Garnier,Crispy Bacon (Jeff Mills Solid Sleep Mix),yes,caqjx5pwrBk,https://music.youtube.com/watch?v=caqjx5pwrBk,Crispy Bacon,ytmusic,100.0,2026-09-04T01:09:43
Techno,Laurent Garnier,Crispy Bacon (Original Mix),yes,LlBnUrsojDo,https://music.youtube.com/watch?v=LlBnUrsojDo,Crispy Bacon,ytmusic,100.0,2026-09-04T01:09:42
Techno,Laurent Garnier,Dangerous Drive,yes,ItZ00OWRnSw,https://music.youtube.com/watch?v=ItZ00OWRnSw,Dangerous Drive,ytmusic,100.0,2026-09-04T01:09:30
Techno,Laurent Garnier,Downfall,yes,VAtmWKbB3a4,https://music.youtube.com/watch?v=VAtmWKbB3a4,Downfall,ytmusic,100.0,2026-09-04T01:09:32
Techno,Laurent Garnier,"Greed 1 (12"" Mix)",yes,S--0Zb3TSeA,https://music.youtube.com/watch?v=S--0Zb3TSeA,Greed,ytmusic,100.0,2026-09-04T01:09:35
Techno,Laurent Garnier,Greed 2 (Long Version),yes,S--0Zb3TSeA,https://music.youtube.com/watch?v=S--0Zb3TSeA,Greed,ytmusic,100.0,2026-09-04T01:09:36
Techno,Laurent Garnier,Last Tribute From The 20th Century,yes,GM5tnTLZvAA,https://music.youtube.com/watch?v=GM5tnTLZvAA,Last Tribute From The 20Th Century,ytmusic,100.0,2026-09-04T01:09:37
Techno,Laurent Garnier,Le Groove De Ta Mère,yes,oOhLsC-ZMSU,https://music.youtube.com/watch?v=oOhLsC-ZMSU,Laurent Garnier -  Le Groove De Ta Mère (2000 - F Communications - F 115 DLP),ytmusic,100.0,2026-09-04T01:09:31
Techno,Laurent Garnier,Smart Move,yes,sBLI7qlaKQ8,https://music.youtube.com/watch?v=sBLI7qlaKQ8,Laurent Garnier - Smart Move,ytmusic,100.0,2026-09-04T01:09:34
Techno,Laurent Garnier,The Man With The Red Face,yes,JjNcukPxxds,https://music.youtube.com/watch?v=JjNcukPxxds,The Man With The Red Face,ytmusic,100.0,2026-09-04T01:09:35
Techno,Laurent Garnier,The Sound Of The Big Babou,yes,Wp9OPpEy9mc,https://music.youtube.com/watch?v=Wp9OPpEy9mc,The Sound Of The Big Babou,ytmusic,100.0,2026-09-04T01:09:32
Techno,Levat,Cali G,yes,zVqnGxx8NC8,https://music.youtube.com/watch?v=zVqnGxx8NC8,Levat - Cali G [USR028],ytmusic,100.0,2026-09-04T01:12:12
Techno,Levat,Greenumb,no,,,,none,0.0,2026-09-04T01:59:14
Techno,Levat,K-Kraze,no,,,,none,0.0,2026-09-04T01:59:16
Techno,Levat,Oddlove,yes,zVqnGxx8NC8,https://music.youtube.com/watch?v=zVqnGxx8NC8,Levat - Cali G [USR028],ytdlp,55.55555555555556,2026-09-04T01:12:16
Techno,Levat,Plazma,yes,B0jSZ6FAFE8,https://music.youtube.com/watch?v=B0jSZ6FAFE8,Levat -- Plazma,ytmusic,100.0,2026-09-04T01:12:14
Techno,Log _In,Like LegoWelt,yes,dY5MXJ-41QY,https://music.youtube.com/watch?v=dY5MXJ-41QY,Like Twin Peaks,ytmusic,76.47058823529412,2026-09-04T01:12:00
Techno,Log _In,Mad Not Sad,yes,pQOWKhmvK9E,https://music.youtube.com/watch?v=pQOWKhmvK9E,Mad Not Sad,ytmusic,78.57142857142857,2026-09-04T01:11:59
Techno,Log _In,Not Brain Damage,yes,Wzw7xYKiD34,https://music.youtube.com/watch?v=Wzw7xYKiD34,Brain Damage,ytmusic,82.75862068965517,2026-09-04T01:11:58
Techno,Log _In,Sound of the South,yes,EEZPZucLTJo,https://music.youtube.com/watch?v=EEZPZucLTJo,Sound of the South,ytmusic,81.81818181818181,2026-09-04T01:12:00
Techno,Manual,In Drums,yes,pggjXnIEDMQ,https://music.youtube.com/watch?v=pggjXnIEDMQ,Manual – In Drums ( Techno 1994 ),ytmusic,100.0,2026-09-04T01:09:47
Techno,Manual,In Sense,yes,eUNUPYU8WRo,https://music.youtube.com/watch?v=eUNUPYU8WRo,Manual  – In Sense,ytmusic,100.0,2026-09-04T01:09:46
Techno,Manual,Untitled,yes,jLf0994Spx8,https://music.youtube.com/watch?v=jLf0994Spx8,Untitled (Live),ytmusic,100.0,2026-09-04T01:09:47
Techno,Matthias,Lazan Beat (Ultra Bass Mix),yes,svkam8X9M_I,https://music.youtube.com/watch?v=svkam8X9M_I,Matthias -- Lazan Beat (Ultra Bass Mix),ytmusic,100.0,2026-09-04T01:11:39
Techno,Matthias,Tube Star,yes,8GS8pwHEsjw,https://music.youtube.com/watch?v=8GS8pwHEsjw,Matthias -- Tube Star,ytmusic,100.0,2026-09-04T01:11:38
Techno,Matthias,Unharmonic,yes,FESMS6fjPtY,https://music.youtube.com/watch?v=FESMS6fjPtY,Matthias - Unharmonic [CKNOWEP47],ytmusic,100.0,2026-09-04T01:11:39
Techno,Matthias,Wires Around My Neck,yes,nDJSzgqymjA,https://music.youtube.com/watch?v=nDJSzgqymjA,Matthias -- Wires Around My Neck,ytmusic,100.0,2026-09-04T01:11:40
Techno,Mimo,Break Yourself (Original),yes,o-HL3uQLuxk,https://music.youtube.com/watch?v=o-HL3uQLuxk,Break Yourself,ytmusic,77.77777777777777,2026-09-04T01:10:39
Techno,Mimo,Break Yourself (Robert Babicz Remix),yes,2h-EPZUcuTc,https://music.youtube.com/watch?v=2h-EPZUcuTc,Moix (Robert Babicz Remix),ytmusic,79.24528301886792,2026-09-04T01:10:40
Techno,Minimal Man,Consexual,yes,BmTK7LtKDIg,https://music.youtube.com/watch?v=BmTK7LtKDIg,Consexual,ytmusic,100.0,2026-09-04T01:10:44
Techno,Minimal Man,Headpin,yes,xZgaSpkqjyk,https://music.youtube.com/watch?v=xZgaSpkqjyk,Minimal Man - Headpin,ytmusic,100.0,2026-09-04T01:10:45
Techno,Minimal Man,Outside The Window (Ian's Remix),yes,DgMUxr-g1No,https://music.youtube.com/watch?v=DgMUxr-g1No,Outside The Window (Ian's Remix),ytmusic,100.0,2026-09-04T01:10:44
Techno,Minimal Man,Outside The Window (Tracks 1232),yes,dfguVcABYWA,https://music.youtube.com/watch?v=dfguVcABYWA,Outside The Window (Tracks 1232),ytmusic,100.0,2026-09-04T01:10:43
Techno,Mirko Felicioli,Aeolus,yes,nzmJuv3CkUo,https://music.youtube.com/watch?v=nzmJuv3CkUo,Mirko Felicioli - Aeolus [CM008],ytmusic,100.0,2026-09-04T01:12:45
Techno,Mirko Felicioli,Air Felix,yes,yAfOG9pGPck,https://music.youtube.com/watch?v=yAfOG9pGPck,Mirko Felicioli - Air Felix [SENTAKU009],ytmusic,100.0,2026-09-04T01:13:11
Techno,Mirko Felicioli,Analong Time,yes,JBGbwYvmq5I,https://music.youtube.com/watch?v=JBGbwYvmq5I,Mirko Felicioli - Analong Time [SENTAKU009],ytmusic,100.0,2026-09-04T01:13:11
Techno,Mirko Felicioli,Fantasy,yes,blFJwZWVM5k,https://music.youtube.com/watch?v=blFJwZWVM5k,Mirko Felicioli - Fantasy [SENTAKU009],ytmusic,100.0,2026-09-04T01:13:12
Techno,Mirko Felicioli,Grave & Weep,yes,bG9jSSVXzvw,https://music.youtube.com/watch?v=bG9jSSVXzvw,A2. Mirko Felicioli - Grave & Weep,ytmusic,100.0,2026-09-04T01:12:44
Techno,Mirko Felicioli,Lava Waves,yes,L7JS1rE_GCo,https://music.youtube.com/watch?v=L7JS1rE_GCo,A1. Mirko Felicioli - Lava Waves,ytmusic,100.0,2026-09-04T01:12:43
Techno,Mirko Felicioli,Touch The Clouds,yes,xFZSUGzL2lg,https://music.youtube.com/watch?v=xFZSUGzL2lg,B3. Mirko Felicioli - Touch The Clouds,ytmusic,100.0,2026-09-04T01:12:46
Techno,Mirko Felicioli,Tsukuyomi,yes,PfnnWKZF2A0,https://music.youtube.com/watch?v=PfnnWKZF2A0,Mirko Felicioli - Tsukuyomi [SENTAKU009],ytmusic,100.0,2026-09-04T01:13:10
Techno,Mirko Felicioli,Vulcanic Ash,yes,_nPISoRHx1M,https://music.youtube.com/watch?v=_nPISoRHx1M,Mirko Felicioli - Volcanic Ash [CM008],ytmusic,80.85106382978724,2026-09-04T01:12:45
Techno,Moby,That's When I Reach For My Revolver (Moby's Mix 1-Edit),yes,zC-ey1am3ao,https://music.youtube.com/watch?v=zC-ey1am3ao,That's When I Reach for My Revolver,ytmusic,100.0,2026-09-04T01:10:02
Techno,Moby,That's When I Reach For My Revolver (Moby's Mix),yes,zC-ey1am3ao,https://music.youtube.com/watch?v=zC-ey1am3ao,That's When I Reach for My Revolver,ytmusic,100.0,2026-09-04T01:10:01
Techno,Moby,That's When I Reach For My Revolver (Psychotic VE-GUN Mix Edit - Vocal Dub),yes,zC-ey1am3ao,https://music.youtube.com/watch?v=zC-ey1am3ao,That's When I Reach for My Revolver,ytmusic,100.0,2026-09-04T01:10:01
Techno,Moby,That's When I Reach For My Revolver (The Rollo & Sister Bliss Vocal Mix),yes,3dBaT4INyj0,https://music.youtube.com/watch?v=3dBaT4INyj0,Moby - That's When I Reach For My Revolver (The Rollo & Sister Bliss Vocal Mix),ytmusic,100.0,2026-09-04T01:10:03
Techno,Montei,Cortes,yes,2mwIir7U56Y,https://music.youtube.com/watch?v=2mwIir7U56Y,Montei ─ Cortes [3MA004],ytmusic,100.0,2026-09-04T01:12:59
Techno,Montei,Gravedad,yes,mgdw-dbLiDg,https://music.youtube.com/watch?v=mgdw-dbLiDg,Montei - Gravedad,ytmusic,100.0,2026-09-04T01:13:00
Techno,Montei,Indistinto,yes,ohyXsq07WvM,https://music.youtube.com/watch?v=ohyXsq07WvM,Montei  - Indistinto,ytmusic,100.0,2026-09-04T01:13:00
Techno,Montei,Rufiàn,yes,78nj3EGnRyY,https://music.youtube.com/watch?v=78nj3EGnRyY,Montei - Rufiàn [3MA004],ytmusic,100.0,2026-09-04T01:13:01
Techno,"Mute:, Metazoo",Saton,yes,XZ-1tWIasWY,https://music.youtube.com/watch?v=XZ-1tWIasWY,Mute: & Metazoo – Saton,ytmusic,78.78787878787878,2026-09-04T01:10:41
Techno,"Mute:, Metazoo",Sigh,yes,Egt9SavocMg,https://music.youtube.com/watch?v=Egt9SavocMg,Mute: & Metazoo – Sigh (2000 And One Remix),ytmusic,77.41935483870968,2026-09-04T01:10:41
Techno,"Mute:, Metazoo",Sigh (2000 And One Remix),yes,Egt9SavocMg,https://music.youtube.com/watch?v=Egt9SavocMg,Mute: & Metazoo – Sigh (2000 And One Remix),ytmusic,90.41095890410959,2026-09-04T01:10:42
Techno,NND,Break the kick,yes,zyH36iyw9xY,https://music.youtube.com/watch?v=zyH36iyw9xY,NND - Break The Kick,ytmusic,100.0,2026-09-04T01:12:51
Techno,NND,I'm coming for you,yes,XwaEcQ8KRKg,https://music.youtube.com/watch?v=XwaEcQ8KRKg,NND - I'm Coming For You,ytmusic,100.0,2026-09-04T01:12:52
Techno,NND,Made in Italy '80,yes,fpK1FSdvj20,https://music.youtube.com/watch?v=fpK1FSdvj20,NND - Made in Italy '80,ytmusic,100.0,2026-09-04T01:12:53
Techno,NND,Spirano Vice,yes,cvXD6UXo3F0,https://music.youtube.com/watch?v=cvXD6UXo3F0,NND - Spirano Vice,ytmusic,100.0,2026-09-04T01:12:52
Techno,OK Rocks,Protein Sequence,yes,6QKns5za0NU,https://music.youtube.com/watch?v=6QKns5za0NU,Sounds of HIV: Protein 5 - Protein 6,ytmusic,78.04878048780488,2026-09-04T01:10:08
Techno,OK Rocks,So High,yes,kbJT6BmL-nI,https://music.youtube.com/watch?v=kbJT6BmL-nI,OK ROCKS - So high - 2004,ytmusic,100.0,2026-09-04T01:10:07
Techno,Oliver Huntemann,Disco Tech (Die Raketen Remix),yes,6AISGcKHabA,https://music.youtube.com/watch?v=6AISGcKHabA,Discotech (Die Raketen Remix),ytmusic,90.69767441860465,2026-09-04T01:10:05
Techno,Oliver Huntemann,Disco Tech (Monika Kruse @ VooDooAmt Remix),yes,POjntl5-K7M,https://music.youtube.com/watch?v=POjntl5-K7M,Discotech (Monika Kruse Remix),ytmusic,85.71428571428571,2026-09-04T01:10:06
Techno,Oliver Huntemann,Disco Tech (Original Mix),yes,l9wJqLtVKM0,https://music.youtube.com/watch?v=l9wJqLtVKM0,Disco Tech,ytmusic,85.0,2026-09-04T01:10:06
Techno,Paramist,Release Me (Instrumental Mix),yes,BW_m9je_tEw,https://music.youtube.com/watch?v=BW_m9je_tEw,B2 - Paramist - Release Me (Instrumental Mix),ytmusic,100.0,2026-09-04T01:09:57
Techno,Paramist,Release Me (Moon Mix),yes,BW_m9je_tEw,https://music.youtube.com/watch?v=BW_m9je_tEw,B2 - Paramist - Release Me (Instrumental Mix),ytmusic,88.88888888888889,2026-09-04T01:09:56
Techno,Paramist,Release Me (Vocal Mix),yes,Q3mj8SKV9N8,https://music.youtube.com/watch?v=Q3mj8SKV9N8,Paramist - Release Me (Vocal Mix),ytmusic,100.0,2026-09-04T01:09:55
Techno,Phantom/Ghost,Nothing Is Written (Accidently Overdosed Remix By Tobias Thomas And Superpitcher),yes,iRIBRWK0toI,https://music.youtube.com/watch?v=iRIBRWK0toI,Nothing Is Written (Accidently Overdosed Remix by Tobias Thomas & Superpitcher),ytmusic,91.48936170212767,2026-09-04T01:10:56
Techno,Phantom/Ghost,Nothing Is Written (Damascene Conversion By Coloma),yes,ZOz-rlrpe9E,https://music.youtube.com/watch?v=ZOz-rlrpe9E,Nothing Is Written (Damascene Conversion by Coloma),ytmusic,90.76923076923077,2026-09-04T01:10:57
Techno,Phantom/Ghost,Nothing Is Written (Part 1),yes,A0A6vgiob8g,https://music.youtube.com/watch?v=A0A6vgiob8g,Nothing Is Written (Part 1),ytmusic,85.36585365853658,2026-09-04T01:10:58
Techno,Praga Khan,Love Me Baby (Eurown Mix),yes,ukexiCevxng,https://music.youtube.com/watch?v=ukexiCevxng,Love Me Baby,ytmusic,100.0,2026-09-04T01:10:35
Techno,Praga Khan,Love Me Baby (London Style Biscuit),yes,ukexiCevxng,https://music.youtube.com/watch?v=ukexiCevxng,Love Me Baby,ytmusic,100.0,2026-09-04T01:10:37
Techno,Praga Khan,Love Me Baby (Midsummer's Gentle Scents),yes,ukexiCevxng,https://music.youtube.com/watch?v=ukexiCevxng,Love Me Baby,ytmusic,100.0,2026-09-04T01:10:35
Techno,Praga Khan,Love Me Baby (The Downtown Flava),yes,ukexiCevxng,https://music.youtube.com/watch?v=ukexiCevxng,Love Me Baby,ytmusic,100.0,2026-09-04T01:10:36
Techno,Praga Khan,Phantasia (Joey Beltram's A Slice Of Heaven Mix),yes,LwEll_vm0Xo,https://music.youtube.com/watch?v=LwEll_vm0Xo,Praga Khan – Phantasia (Joey Beltram's A Slice Of Heaven Mix),ytmusic,100.0,2026-09-04T01:10:39
Techno,Praga Khan,Phantasia (MNO Style),yes,_zl-VBX61cE,https://music.youtube.com/watch?v=_zl-VBX61cE,Praga Khan – Phantasia (MNO Style),ytmusic,100.0,2026-09-04T01:10:38
Techno,Praga Khan,Phantasia (Mental Radio Mix),yes,FZYRRlVz_CE,https://music.youtube.com/watch?v=FZYRRlVz_CE,Praga Khan – Phantasia (Mental Radio Mix),ytmusic,100.0,2026-09-04T01:10:37
Techno,"Public Request, WAS",C'mon,yes,9MApymDDgmg,https://music.youtube.com/watch?v=9MApymDDgmg,C'mon!,ytmusic,69.56521739130434,2026-09-04T01:13:02
Techno,"Public Request, WAS",Ego,no,,,,none,0.0,2026-09-04T01:59:25
Techno,"Public Request, WAS",Spoon My,yes,M7Ea6dy9P8o,https://music.youtube.com/watch?v=M7Ea6dy9P8o,Wild,ytmusic,66.66666666666666,2026-09-04T01:13:03
Techno,"Public Request, WAS",Tunnel,yes,5nMRKasQ27I,https://music.youtube.com/watch?v=5nMRKasQ27I,Tunnel du public,ytmusic,74.28571428571428,2026-09-04T01:13:05
Techno,Punx Soundcheck,Blow Your Speaker,yes,K2TqGRpQV9I,https://music.youtube.com/watch?v=K2TqGRpQV9I,Blow Your Speaker (feat. Kid Robot),ytmusic,100.0,2026-09-04T01:12:36
Techno,Punx Soundcheck,Lifeform,yes,T4yWiGa7c-U,https://music.youtube.com/watch?v=T4yWiGa7c-U,Lifeform (feat. Kid Robot),ytmusic,100.0,2026-09-04T01:12:34
Techno,Punx Soundcheck,Mutant,yes,-9ZdwpkLJtY,https://music.youtube.com/watch?v=-9ZdwpkLJtY,Punx Soundcheck - Mutant [RM 002],ytmusic,100.0,2026-09-04T01:12:37
Techno,Punx Soundcheck,Nano,yes,iCahNdTi3x0,https://music.youtube.com/watch?v=iCahNdTi3x0,Punx Soundcheck -- Nano,ytmusic,100.0,2026-09-04T01:12:35
Techno,Punx Soundcheck,Sonic Playground,yes,MC5EsS1NFvo,https://music.youtube.com/watch?v=MC5EsS1NFvo,Stop,ytmusic,85.71428571428571,2026-09-04T01:12:36
Techno,Red Axes,20 Min,yes,SZxR5ZejCk8,https://music.youtube.com/watch?v=SZxR5ZejCk8,20 Min,ytmusic,100.0,2026-09-04T01:11:31
Techno,Red Axes,Oh My Arp,yes,aSDhg7v9iXA,https://music.youtube.com/watch?v=aSDhg7v9iXA,Oh My Arp,ytmusic,100.0,2026-09-04T01:11:31
Techno,Red Axes,Rhythm Passage,yes,n_wF-KgxAYY,https://music.youtube.com/watch?v=n_wF-KgxAYY,Rhythm Passage,ytmusic,100.0,2026-09-04T01:11:30
Techno,Savas Pascalidis,Raw Mission,yes,hG379Fg_hUI,https://music.youtube.com/watch?v=hG379Fg_hUI,Savas Pascalidis - Raw Mission,ytmusic,100.0,2026-09-04T01:10:27
Techno,Savas Pascalidis,Superman (DJ Naughty Edit),yes,U6zOTel4qq4,https://music.youtube.com/watch?v=U6zOTel4qq4,Superman,ytmusic,100.0,2026-09-04T01:10:27
Techno,Savas Pascalidis,U Can Dance If You Do It,yes,ToAiyyfqCbs,https://music.youtube.com/watch?v=ToAiyyfqCbs,Savas Pascalidis - U can dance if you do it,ytmusic,100.0,2026-09-04T01:10:28
Techno,Scratch Massive,B. Dolly,yes,husXtRpIuxU,https://music.youtube.com/watch?v=husXtRpIuxU,Sunken,ytmusic,81.08108108108108,2026-09-04T01:10:21
Techno,Scratch Massive,Talk Now Mix,yes,iAhEBkvrF58,https://music.youtube.com/watch?v=iAhEBkvrF58,Scratch Massive - Talk Now Mix,ytmusic,100.0,2026-09-04T01:10:20
Techno,Slam,Intensities In-Ten-Cities,yes,sPGCarfLago,https://music.youtube.com/watch?v=sPGCarfLago,Slam - Intensities In-Ten-Cities,ytmusic,100.0,2026-09-04T01:09:29
Techno,Slam,Positive Education,yes,td2gsObDqqA,https://music.youtube.com/watch?v=td2gsObDqqA,Positive Education,ytmusic,100.0,2026-09-04T01:09:29
Techno,Stefan Robbers,Afridisiac (Jumpy Mix),yes,vOxijeUK5cY,https://music.youtube.com/watch?v=vOxijeUK5cY,Stefan Robbers - Afridisiac (Jumpy Mix) (1993),ytmusic,100.0,2026-09-04T01:09:44
Techno,Stefan Robbers,Afridisiac (Jungle Mix),yes,l0KAMgeEjxA,https://music.youtube.com/watch?v=l0KAMgeEjxA,Stefan Robbers - Afridisiac (Jungle mix),ytmusic,100.0,2026-09-04T01:09:43
Techno,Stefan Robbers,Mistified,yes,73TD_-oAKsw,https://music.youtube.com/watch?v=73TD_-oAKsw,Mistified,ytmusic,100.0,2026-09-04T01:09:45
Techno,Stefan Robbers,Some Kind Of Mixture,yes,3ewpc0rqhn4,https://music.youtube.com/watch?v=3ewpc0rqhn4,Stefan Robbers - Some Kind Of Mixture (1993),ytmusic,100.0,2026-09-04T01:09:45
Techno,Steve Bug,Berlinian Rexing,yes,gAdyc1hex10,https://music.youtube.com/watch?v=gAdyc1hex10,Berlinian Rexing,ytmusic,100.0,2026-09-04T01:11:00
Techno,Steve Bug,What's Happened ?,yes,QWo78VzclsU,https://music.youtube.com/watch?v=QWo78VzclsU,What's Happened ?,ytmusic,100.0,2026-09-04T01:10:58
Techno,Steve Bug,What's Happened ? (Rod Remix),yes,0CQxcYxhoYE,https://music.youtube.com/watch?v=0CQxcYxhoYE,What's Happened ? (Rod Remix),ytmusic,100.0,2026-09-04T01:10:59
Techno,The Point,Dance Is The Nu Sex (Angel's Foreplay),yes,avt_72GmlnA,https://music.youtube.com/watch?v=avt_72GmlnA,The Point - Dance Is The Nu Sex (Angel's Foreplay) (1993),ytmusic,100.0,2026-09-04T01:09:41
Techno,The Point,Dance Is The Nu Sex (Dave Angel Vocal),yes,na1cx8zgwdQ,https://music.youtube.com/watch?v=na1cx8zgwdQ,The Point - Dance Is The Nu Sex (Dave Angel Vocal),ytmusic,100.0,2026-09-04T01:09:41
Techno,The Point,Dance Is The Nu Sex (Diss-Cuss Dub),yes,2VYfxPuVCnQ,https://music.youtube.com/watch?v=2VYfxPuVCnQ,The Point - Dance Is The Nu Sex (Diss-Cuss Dub) 1993,ytmusic,100.0,2026-09-04T01:09:40
Techno,The Point,Dance Is The Nu Sex (Diss-Cuss Vocal),yes,A-ha6PCPq3k,https://music.youtube.com/watch?v=A-ha6PCPq3k,The Point - Dance Is The Nu Sex (Diss-Cuss Vocal) 1993,ytmusic,100.0,2026-09-04T01:09:39
Techno,The Shamen,Make It Mine (Club Vocal),yes,sEUREik1DYc,https://music.youtube.com/watch?v=sEUREik1DYc,Make It Mine,ytmusic,100.0,2026-09-04T01:09:51
Techno,The Shamen,Make It Mine (Pro-Gress I Instrumental),yes,sEUREik1DYc,https://music.youtube.com/watch?v=sEUREik1DYc,Make It Mine,ytmusic,100.0,2026-09-04T01:09:54
Techno,The Shamen,Make It Mine (Pro-Gress I Vox),yes,sEUREik1DYc,https://music.youtube.com/watch?v=sEUREik1DYc,Make It Mine,ytmusic,100.0,2026-09-04T01:09:53
Techno,The Shamen,Make It Mine (V 2.1 Make It Minimal),yes,sEUREik1DYc,https://music.youtube.com/watch?v=sEUREik1DYc,Make It Mine,ytmusic,100.0,2026-09-04T01:09:52
Techno,The Shamen,Make It Mine (V 2.4 Micro Minimal),yes,sEUREik1DYc,https://music.youtube.com/watch?v=sEUREik1DYc,Make It Mine,ytmusic,100.0,2026-09-04T01:09:52
Techno,The Shamen,Make It Mine (V1.1 - Lenny D),yes,iFOUKp7qZt4,https://music.youtube.com/watch?v=iFOUKp7qZt4,Make It Mine (V1.1 Lenny D),ytmusic,100.0,2026-09-04T01:09:55
Techno,The Youngsters,Smile (Profil's Mix),yes,u_EaVWXv7GY,https://music.youtube.com/watch?v=u_EaVWXv7GY,Smile,ytmusic,100.0,2026-09-04T01:09:37
Techno,The Youngsters,Smile (Smirky Mix),yes,f95amhBqZE0,https://music.youtube.com/watch?v=f95amhBqZE0,Smile (Smirky Mix),ytmusic,100.0,2026-09-04T01:09:38
Techno,Twin,Easy Peeler,yes,jgB-gIcR3lQ,https://music.youtube.com/watch?v=jgB-gIcR3lQ,Twin - Easy Peeler [PF002],ytmusic,100.0,2026-09-04T01:11:23
Techno,Twin,Easy Peeler (Gaab Remix),yes,kyOFHDFMjrY,https://music.youtube.com/watch?v=kyOFHDFMjrY,Twin - Easy Peeler (Gaab Remix),ytmusic,100.0,2026-09-04T01:11:23
Techno,Twin,F70,yes,hEdQUTrrK98,https://music.youtube.com/watch?v=hEdQUTrrK98,Twin - F70 (PF002),ytmusic,100.0,2026-09-04T01:11:21
Techno,Twin,Mapped,yes,AaEvZstMhPM,https://music.youtube.com/watch?v=AaEvZstMhPM,Twin - Mapped [PF002],ytmusic,100.0,2026-09-04T01:11:22
Techno,Various,A Mezzanotte,yes,AtCGMTIxSIc,https://music.youtube.com/watch?v=AtCGMTIxSIc,OUAH OUAH,ytmusic,80.0,2026-09-04T01:12:06
Techno,Various,Allright (Just A Tribute),yes,qa4vIsVcf-U,https://music.youtube.com/watch?v=qa4vIsVcf-U,Allright (Just A Tribute),ytmusic,86.20689655172414,2026-09-04T01:12:05
Techno,Various,Bahn 25,yes,aIGs5ndRrRU,https://music.youtube.com/watch?v=aIGs5ndRrRU,Bahn 25 - big wall,ytdlp,63.63636363636363,2026-09-04T01:58:40
Techno,Various,Blitz,yes,JNgAsTUT2vY,https://music.youtube.com/watch?v=JNgAsTUT2vY,Warriors,ytmusic,81.48148148148148,2026-09-04T01:12:47
Techno,Various,Broken Needs,yes,jwnAGUb1uxY,https://music.youtube.com/watch?v=jwnAGUb1uxY,Broken Needs,ytmusic,82.75862068965517,2026-09-04T01:12:04
Techno,Various,Cave Ceremony,yes,C93WgQkcoh8,https://music.youtube.com/watch?v=C93WgQkcoh8,Sacred Ceremony in the Cave of Windchimes,ytmusic,76.47058823529412,2026-09-04T01:12:30
Techno,Various,Changgu,no,,,,none,0.0,2026-09-04T01:58:43
Techno,Various,David Lee Goth (JPLS Remix),yes,bVWKTR74m8c,https://music.youtube.com/watch?v=bVWKTR74m8c,David Lee Goth (JPLS Remix),ytmusic,87.09677419354838,2026-09-04T01:10:50
Techno,Various,Ellen,yes,mmjJUv8VPuE,https://music.youtube.com/watch?v=mmjJUv8VPuE,Ellen,ytmusic,71.42857142857143,2026-09-04T01:12:48
Techno,Various,Festichola,yes,s2FNKNSVa9U,https://music.youtube.com/watch?v=s2FNKNSVa9U,Festichola,ytmusic,74.07407407407408,2026-09-04T01:12:20
Techno,Various,Got That Buzz,yes,JyrilPyg_1I,https://music.youtube.com/watch?v=JyrilPyg_1I,Got That Buzz,ytmusic,76.47058823529412,2026-09-04T01:12:31
Techno,Various,House Arrest,yes,WDl7BuaoJqw,https://music.youtube.com/watch?v=WDl7BuaoJqw,Trap,ytmusic,82.75862068965517,2026-09-04T01:11:54
Techno,Various,Icarus,yes,D-w2HwG18vg,https://music.youtube.com/watch?v=D-w2HwG18vg,Icarus,ytmusic,76.92307692307692,2026-09-04T01:11:55
Techno,Various,Interstellar Intercept,yes,dZPWQje1-vY,https://music.youtube.com/watch?v=dZPWQje1-vY,Sweater - Interstellar Intercept [HTP001],ytmusic,84.61538461538461,2026-09-04T01:12:29
Techno,Various,Just Go With the Billow,yes,zxRFJajrSyQ,https://music.youtube.com/watch?v=zxRFJajrSyQ,Poten - Just Go With The Billow [HTP001],ytmusic,85.18518518518519,2026-09-04T01:12:29
Techno,Various,Latetest,no,,,,none,0.0,2026-09-04T01:58:51
Techno,Various,Loop Hole,yes,9OEIRJNPp9I,https://music.youtube.com/watch?v=9OEIRJNPp9I,Loop Hole,ytmusic,78.26086956521739,2026-09-04T01:12:19
Techno,Various,Luna (Shanti Celeste Remix),yes,zBvKkZEJsho,https://music.youtube.com/watch?v=zBvKkZEJsho,Luna (Shanti Celeste Remix),ytmusic,87.09677419354838,2026-09-04T01:12:04
Techno,Various,Mindener,yes,7DeAVCh3Xxg,https://music.youtube.com/watch?v=7DeAVCh3Xxg,Various Mind,ytmusic,73.17073170731707,2026-09-04T01:12:07
Techno,Various,Noodle Soup,yes,zPfgvGPtYsE,https://music.youtube.com/watch?v=zPfgvGPtYsE,Noodle Soup,ytmusic,75.86206896551724,2026-09-04T01:10:45
Techno,Various,Rising Down,yes,NscoHuEJdbQ,https://music.youtube.com/watch?v=NscoHuEJdbQ,Rising Down,ytmusic,78.57142857142857,2026-09-04T01:12:21
Techno,Various,Sinodia,yes,EBSOY-wmFb4,https://music.youtube.com/watch?v=EBSOY-wmFb4,Nativo - Sinodia,ytdlp,70.96774193548387,2026-09-04T01:12:11
Techno,Various,Spotlight,yes,16zh_hf5H-s,https://music.youtube.com/watch?v=16zh_hf5H-s,Spotlight,ytmusic,100.0,2026-09-04T01:11:55
Techno,Various,Technological Choose,yes,C5_vEcxJNfg,https://music.youtube.com/watch?v=C5_vEcxJNfg,Two Opposites - Technological Choose,ytmusic,83.33333333333333,2026-09-04T01:12:07
Techno,Various,"The Sky, The Sea",no,,,,none,0.0,2026-09-04T01:59:24
Techno,Various,Touch Me,yes,-FjiUfTR3fs,https://music.youtube.com/watch?v=-FjiUfTR3fs,Touch Me,ytmusic,77.41935483870968,2026-09-04T01:12:50
Techno,Various,What's What She Said...,no,,,,none,0.0,2026-09-04T01:58:39
Techno,Various,You Are,yes,iyHDHYrdWPs,https://music.youtube.com/watch?v=iyHDHYrdWPs,All the things you are - Backing Track,ytdlp,63.63636363636363,2026-09-04T01:12:22
Techno,Wedding Acid Group,City Gate Funk,yes,eZG6HOEq43k,https://music.youtube.com/watch?v=eZG6HOEq43k,Wedding Acid Group -- City Gate Funk,ytmusic,100.0,2026-09-04T01:11:52
Techno,Wedding Acid Group,Colombo Acid,yes,aE7SDnVv5CI,https://music.youtube.com/watch?v=aE7SDnVv5CI,Wedding Acid Group -- Colombo Acid,ytmusic,100.0,2026-09-04T01:11:48
Techno,Wedding Acid Group,Dog Park Memories,yes,dlitH46rTdg,https://music.youtube.com/watch?v=dlitH46rTdg,Wedding Acid Group  -- Dog Park Memories,ytmusic,100.0,2026-09-04T01:11:51
Techno,Wedding Acid Group,Lost Memory FM,yes,d_9LzXchABY,https://music.youtube.com/watch?v=d_9LzXchABY,Wedding Acid Group -- Lost Memory Fm,ytmusic,100.0,2026-09-04T01:11:49
Techno,Wedding Acid Group,Low Moisture Acid,yes,BJvwYpfu4U8,https://music.youtube.com/watch?v=BJvwYpfu4U8,Wedding Acid Group - Low Moisture Acid [USR027],ytmusic,100.0,2026-09-04T01:11:48
Techno,Wedding Acid Group,Optimistic Acid,yes,1VXR1VyI3eU,https://music.youtube.com/watch?v=1VXR1VyI3eU,Wedding Acid Group -- Optimistic Acid,ytmusic,100.0,2026-09-04T01:11:50
Techno,Wedding Acid Group,Sunday Circles,yes,TenxTel3_9Y,https://music.youtube.com/watch?v=TenxTel3_9Y,Wedding Acid Group -- Sunday Circles,ytmusic,100.0,2026-09-04T01:11:51
Techno,Wedding Acid Group,Toy Story,yes,dr4b-a0zt8E,https://music.youtube.com/watch?v=dr4b-a0zt8E,Wedding Acid Group -- Toy Story,ytmusic,100.0,2026-09-04T01:11:47
Techno,Woody McBride,Bonus Flight,yes,lGYD5LzG7Lw,https://music.youtube.com/watch?v=lGYD5LzG7Lw,Hidden,ytmusic,78.78787878787878,2026-09-04T01:10:52
Techno,Woody McBride,Flights Departing  (Nee & Shreve Remix),yes,-M4ksLomRV0,https://music.youtube.com/watch?v=-M4ksLomRV0,Pulled,ytmusic,78.78787878787878,2026-09-04T01:10:52
Techno,Woody McBride,Flights Departing  (Soultek Remix),yes,YevVDw75-Wo,https://music.youtube.com/watch?v=YevVDw75-Wo,Onda,ytmusic,83.87096774193549,2026-09-04T01:10:51
Techno,Woody McBride,Flights Departing (Original),yes,yDX5PqYumL0,https://music.youtube.com/watch?v=yDX5PqYumL0,Woody McBride ESP - Flights Departing (Original Mix),ytmusic,84.93150684931507,2026-09-04T01:10:50
Techno,tINI,2020,yes,JcJYzL_JooM,https://music.youtube.com/watch?v=JcJYzL_JooM,TINI TINI TINI - Show live Completo Esclusivo (Claro Session) 2020,ytmusic,100.0,2026-09-04T01:12:28
Techno,tINI,EX-PECT,yes,5_fW5bZA5Ag,https://music.youtube.com/watch?v=5_fW5bZA5Ag,tINI - EX-PECT,ytmusic,100.0,2026-09-04T01:12:26
Techno,tINI,Welcome Luz,yes,UP8rPb1RU7I,https://music.youtube.com/watch?v=UP8rPb1RU7I,tINI - a1. Welcome Luz,ytmusic,100.0,2026-09-04T01:12:26
Techno,tINI,What's Her Name?,yes,_uHgupjMf8w,https://music.youtube.com/watch?v=_uHgupjMf8w,tINI ~ What's Her Name? ~  Mood Waves ~ 2024,ytmusic,100.0,2026-09-04T01:12:27
Trance,"Alfred Czital, Ayū",Body High,yes,0zm8bzMywYg,https://music.youtube.com/watch?v=0zm8bzMywYg,Body High,ytmusic,100.0,2026-09-04T01:12:39
Trance,"Alfred Czital, Ayū",In The End,yes,BkTq-nJYH2k,https://music.youtube.com/watch?v=BkTq-nJYH2k,Ayū - In The End [HARMONY013],ytmusic,65.11627906976744,2026-09-04T01:12:39
Trance,"Alfred Czital, Ayū",Midnight Picnic,yes,6JRpJmIIQDE,https://music.youtube.com/watch?v=6JRpJmIIQDE,Alfred Czital - Midnight Picnic [HARMONY013],ytmusic,78.57142857142857,2026-09-04T01:12:40
Trance,"Alfred Czital, Ayū",The Robbery,yes,VW-a-mUtPMU,https://music.youtube.com/watch?v=VW-a-mUtPMU,The Robbery,ytmusic,100.0,2026-09-04T01:12:38
Trance,Alien Signal,Jupiter Come,yes,P8F6eJ4WUzQ,https://music.youtube.com/watch?v=P8F6eJ4WUzQ,Alien Signal - Jupiter Come,ytmusic,100.0,2026-09-04T01:15:36
Trance,Alien Signal,Nebula III,yes,Nl92mE3tJaY,https://music.youtube.com/watch?v=Nl92mE3tJaY,Alien Signal Focus,ytmusic,90.47619047619048,2026-09-04T01:15:35
Trance,Alien Signal,Souvien Tois (Electro Trip),yes,q9FPigJsrug,https://music.youtube.com/watch?v=q9FPigJsrug,Alien Signal - Souvien Tois (Elektro Trip),ytmusic,87.32394366197182,2026-09-04T01:15:37
Trance,Alien Signal,Uranus,yes,JlMzhcd8LZ0,https://music.youtube.com/watch?v=JlMzhcd8LZ0,Uranus,ytmusic,85.71428571428571,2026-09-04T01:15:36
Trance,Amount,Glossar,yes,oQw54k5M_dc,https://music.youtube.com/watch?v=oQw54k5M_dc,Amount - Glossar,ytmusic,100.0,2026-09-04T01:15:29
Trance,Amount,Source Direct,yes,n2FEfJzsI88,https://music.youtube.com/watch?v=n2FEfJzsI88,Amount - Source Direct,ytmusic,100.0,2026-09-04T01:15:29
Trance,Amount,Stompin,yes,k5wKQufL6c8,https://music.youtube.com/watch?v=k5wKQufL6c8,Amount - Stompin,ytmusic,100.0,2026-09-04T01:15:28
Trance,Asphalt DJ,2 De Wave,yes,d-K0I0JJzk0,https://music.youtube.com/watch?v=d-K0I0JJzk0,Asphalt DJ - 2 De Wave [HAWS023],ytmusic,100.0,2026-09-04T01:15:04
Trance,Asphalt DJ,Eternal Flower,yes,wFQBSeJoTlg,https://music.youtube.com/watch?v=wFQBSeJoTlg,Asphalt DJ - Eternal Flower,ytmusic,100.0,2026-09-04T01:15:04
Trance,Asphalt DJ,In My Mind,yes,e0fslXBxnok,https://music.youtube.com/watch?v=e0fslXBxnok,Asphalt DJ - In My Mind,ytmusic,100.0,2026-09-04T01:15:03
Trance,Asphalt DJ,Sonic Endeavour,yes,KoTv3Yj8nTo,https://music.youtube.com/watch?v=KoTv3Yj8nTo,Asphalt DJ - Sonic Endeavour [HAWS023],ytmusic,100.0,2026-09-04T01:15:05
Trance,Deep Piece,Torwart,yes,kNHlo7qceFI,https://music.youtube.com/watch?v=kNHlo7qceFI,Torwart (Loud Bass Mix),ytmusic,100.0,2026-09-04T01:13:35
Trance,Deep Piece,Torwart (Backroom Mix),yes,ej90_ERs-cw,https://music.youtube.com/watch?v=ej90_ERs-cw,Deep Piece ‎- Torwart (Backroom Mix),ytmusic,100.0,2026-09-04T01:13:37
Trance,Deep Piece,Torwart (Dub),yes,5zPaf44wIB8,https://music.youtube.com/watch?v=5zPaf44wIB8,Deep Piece - Torwart (Dub) (1994),ytmusic,100.0,2026-09-04T01:13:36
Trance,Dos Piratas,Sonrisas (Original Mix),yes,E3nPQfXgf8M,https://music.youtube.com/watch?v=E3nPQfXgf8M,Dos Piratas - Sonrisas (Original Mix) - 1997 [VYNL] - (2 of 2).,ytmusic,100.0,2026-09-04T01:14:21
Trance,Dos Piratas,Sonrisas (Phoenix Remix),yes,U67Osd0mNSQ,https://music.youtube.com/watch?v=U67Osd0mNSQ,Dos Piratas - Sonrisas (Phoenix Re-Mix) - 1997 - VYNL - [1 of 2].,ytmusic,89.23076923076923,2026-09-04T01:14:22
Trance,Eat Static,Almost Human (Abduction Mix),yes,LE183Akpt-s,https://music.youtube.com/watch?v=LE183Akpt-s,Almost Human,ytmusic,100.0,2026-09-04T01:09:48
Trance,Eat Static,Mother Planet,yes,012h8KzaR9w,https://music.youtube.com/watch?v=012h8KzaR9w,Mother Planet,ytmusic,100.0,2026-09-04T01:09:50
Trance,Eat Static,Pupae (The Locust Song),yes,nbv_R1XcbJs,https://music.youtube.com/watch?v=nbv_R1XcbJs,Pupae,ytmusic,100.0,2026-09-04T01:09:50
Trance,Eat Static,The Fourth Dimension,yes,nysiYpboArI,https://music.youtube.com/watch?v=nysiYpboArI,The Fourth Dimension,ytmusic,100.0,2026-09-04T01:09:49
Trance,Head Room,How U Feel (Al Faris & Andrew Wooden Rmx),yes,RzYe7T0wppI,https://music.youtube.com/watch?v=RzYe7T0wppI,Head Room - How U Feel (Al Faris & Andrew Wooden Rmx),ytmusic,100.0,2026-09-04T01:10:10
Trance,Head Room,How U Feel (Brooklyn Bounce Rmx),yes,BvWCRJG5dXs,https://music.youtube.com/watch?v=BvWCRJG5dXs,Headroom - How U Feel (Brooklyn Bounce Mix) 1997,ytmusic,78.26086956521739,2026-09-04T01:10:08
Trance,Head Room,How U Feel (Feelmachine Rmx),yes,czda5UyTQvI,https://music.youtube.com/watch?v=czda5UyTQvI,Head Room – How U Feel (Feelmachine Rmx) - Gang Go Music 1997,ytmusic,100.0,2026-09-04T01:10:11
Trance,Head Room,How U Feel (Video Edit),yes,7TpscN7uMBQ,https://music.youtube.com/watch?v=7TpscN7uMBQ,How Would U Feel (Radio Edit),ytmusic,68.42105263157895,2026-09-04T01:10:09
Trance,Hydra,Butterflies (Heliotropic Mix),yes,lJbGNHmAwas,https://music.youtube.com/watch?v=lJbGNHmAwas,Hydra - Butterflies (Heliotropic Mix),ytmusic,100.0,2026-09-04T01:13:57
Trance,Hydra,Butterflies (Hermaphrodite Main Mix),yes,iJhX9ez0Wws,https://music.youtube.com/watch?v=iJhX9ez0Wws,HYDRA - BUTTERFLIES (HERMAPHRODITE MAIN MIX),ytmusic,100.0,2026-09-04T01:13:58
Trance,Hydra,Butterflies (Original Mix),yes,nkdzuvda5qY,https://music.youtube.com/watch?v=nkdzuvda5qY,Hydra - Butterflies (Original Mix),ytmusic,100.0,2026-09-04T01:13:59
Trance,Hydra,Butterflies (The Light Remix),yes,hPvv0W29jts,https://music.youtube.com/watch?v=hPvv0W29jts,Hydra - Butterflies (The Light Remix),ytmusic,100.0,2026-09-04T01:13:59
Trance,"Neil Arthur, The Grid",I Love I Hate (2.45... Nuttall Street),yes,QveQKGZE7oQ,https://music.youtube.com/watch?v=QveQKGZE7oQ,Neil Arthur & The Grid – I Love I Hate (2.45... Nuttall Street) (1994),ytmusic,92.5925925925926,2026-09-04T01:14:40
Trance,"Neil Arthur, The Grid",I Love I Hate (The Excalibur Mix),yes,kmGMfo1TspQ,https://music.youtube.com/watch?v=kmGMfo1TspQ,I Love I Hate,ytmusic,82.05128205128204,2026-09-04T01:14:38
Trance,"Neil Arthur, The Grid",I Love I Hate (The Riverside Ambient Mix),yes,OnRWPJOvc8g,https://music.youtube.com/watch?v=OnRWPJOvc8g,Neil Arthur & The Grid -- I Love I Hate (The Riverside Ambient Mix),ytmusic,92.98245614035088,2026-09-04T01:14:41
Trance,"Neil Arthur, The Grid",I Love I Hate (The Roundtable Dub),yes,kmGMfo1TspQ,https://music.youtube.com/watch?v=kmGMfo1TspQ,I Love I Hate,ytmusic,82.05128205128204,2026-09-04T01:14:39
Trance,Overground Werx,Gonna Lose My Love (Prototype Remix),yes,Ss4q0YyTYcA,https://music.youtube.com/watch?v=Ss4q0YyTYcA,Overground Werx - Gonna Love My Love (Prototype Remix),ytmusic,94.94949494949495,2026-09-04T01:15:33
Trance,Overground Werx,Gonna Lose My Love (Sundance Vocal Remix),yes,KX7TJrlq8xI,https://music.youtube.com/watch?v=KX7TJrlq8xI,Overground Werx - Gonna Lose My Love (Sundance Vocal Mix),ytmusic,93.45794392523365,2026-09-04T01:15:34
Trance,Overground Werx,Gonna Lose My Love (The Generator Remix),yes,P8zS8_85gOU,https://music.youtube.com/watch?v=P8zS8_85gOU,Overground Werx - Gonna Lose My Love (Sundance Dub Mix),ytmusic,76.8,2026-09-04T01:15:34
Trance,Sedona,Pulsation (Ascending),yes,OiiUf0FrEaY,https://music.youtube.com/watch?v=OiiUf0FrEaY,Pulsation (Ascending),ytmusic,100.0,2026-09-04T01:15:18
Trance,Sedona,Pulsation (Naone Ice Breaker Remix),yes,AbK1q1y-J5Y,https://music.youtube.com/watch?v=AbK1q1y-J5Y,Pulsation (Naone Ice Breaker Remix),ytmusic,100.0,2026-09-04T01:15:19
Trance,Sedona,Pulsation (Sinister),yes,SUaWMG4YkT0,https://music.youtube.com/watch?v=SUaWMG4YkT0,Sedona - Pulsation (Sinister)  [1995],ytmusic,100.0,2026-09-04T01:15:20
Trance,Sedona,Pulsation (Test Tube),yes,SC-d5F543lA,https://music.youtube.com/watch?v=SC-d5F543lA,Pulsation (Test Tube),ytmusic,100.0,2026-09-04T01:15:19
Trance,Stereogen,Hi-Q (Clubheroes / Amorph Mix),no,,,,none,0.0,2026-09-04T01:59:30
Trance,Stereogen,Hi-Q (House Of Usher / Non Eric Mix),yes,ta8IPlMJziw,https://music.youtube.com/watch?v=ta8IPlMJziw,Flybaby - You Must Admit (House Of Usher / Non Eric Remix),ytmusic,72.22222222222223,2026-09-04T01:15:31
Trance,Stereogen,Hi-Q (Original Mix),yes,RNNcvjizCng,https://music.youtube.com/watch?v=RNNcvjizCng,Stereogen - Hi-Q (Original Mix),ytmusic,100.0,2026-09-04T01:15:30
Trance,Tenth Chapter,Prologue (Initial Dub Mix),yes,BOfe99gbf8U,https://music.youtube.com/watch?v=BOfe99gbf8U,Prologue (Initial Dub Mix),ytmusic,100.0,2026-09-04T01:15:26
Trance,Tenth Chapter,Prologue (Lisa Loud Mix),yes,BW1lEPW-ZUA,https://music.youtube.com/watch?v=BW1lEPW-ZUA,Prologue (Lisa Loud Mix),ytmusic,100.0,2026-09-04T01:15:26
Trance,Tenth Chapter,Prologue (Loud & Proud Dub),yes,aE5yg3VW_u8,https://music.youtube.com/watch?v=aE5yg3VW_u8,Prologue (Loud & Proud Dub),ytmusic,100.0,2026-09-04T01:15:27
Trance,Terraflow,5 am Gillian House,yes,epxVm2pZIOY,https://music.youtube.com/watch?v=epxVm2pZIOY,Terraflow -- 5am Gillian House,ytmusic,90.19607843137254,2026-09-04T01:15:17
Trance,Terraflow,Clay,yes,i0MJw-rKEsM,https://music.youtube.com/watch?v=i0MJw-rKEsM,Terraflow -- Clay,ytmusic,100.0,2026-09-04T01:15:16
Trance,Terraflow,Dysania,yes,PHr4JPkzgPc,https://music.youtube.com/watch?v=PHr4JPkzgPc,Terraflow -- Dysania,ytmusic,100.0,2026-09-04T01:15:16
Trance,Terraflow,Intergalactic Space Time Travel,yes,Gn7J7Vmk0dM,https://music.youtube.com/watch?v=Gn7J7Vmk0dM,Terraflow -- Intergalactic Space Time Travel,ytmusic,100.0,2026-09-04T01:15:17
Trance,The Point,Dance Is The Nu Sex (Angel's Foreplay),yes,avt_72GmlnA,https://music.youtube.com/watch?v=avt_72GmlnA,The Point - Dance Is The Nu Sex (Angel's Foreplay) (1993),ytmusic,100.0,2026-09-04T01:09:41
Trance,The Point,Dance Is The Nu Sex (Dave Angel Vocal),yes,na1cx8zgwdQ,https://music.youtube.com/watch?v=na1cx8zgwdQ,The Point - Dance Is The Nu Sex (Dave Angel Vocal),ytmusic,100.0,2026-09-04T01:09:41
Trance,The Point,Dance Is The Nu Sex (Diss-Cuss Dub),yes,2VYfxPuVCnQ,https://music.youtube.com/watch?v=2VYfxPuVCnQ,The Point - Dance Is The Nu Sex (Diss-Cuss Dub) 1993,ytmusic,100.0,2026-09-04T01:09:40
Trance,The Point,Dance Is The Nu Sex (Diss-Cuss Vocal),yes,A-ha6PCPq3k,https://music.youtube.com/watch?v=A-ha6PCPq3k,The Point - Dance Is The Nu Sex (Diss-Cuss Vocal) 1993,ytmusic,100.0,2026-09-04T01:09:39
Tribal,DJ Chus,Get Funky (Kadoc Remix),yes,X8C_G8YP3cw,https://music.youtube.com/watch?v=X8C_G8YP3cw,DJ Chus - Get Funky (Kadoc Remix) (1997),ytmusic,100.0,2026-09-04T01:15:51
Tribal,DJ Chus,Get Funky (Original Disko Influence),yes,INmkDRT48LY,https://music.youtube.com/watch?v=INmkDRT48LY,KADOC Featuring Dj Chus - Get Funky (Original Disko Influence) - 1997,ytmusic,100.0,2026-09-04T01:15:50
Tribal,DJ Chus,Get Funky (Polaris Tribe Attack),yes,1NpbVKFKyu0,https://music.youtube.com/watch?v=1NpbVKFKyu0,Get Get Funky,ytmusic,82.75862068965517,2026-09-04T01:15:52
Tribal,Dauwd,SpaceSamba (Huerta Remix),yes,cb2xkHE45II,https://music.youtube.com/watch?v=cb2xkHE45II,SpaceSamba (Huerta Remix),ytmusic,100.0,2026-09-04T01:17:34
Tribal,Dauwd,SpaceSamba (Live Mix),yes,LvF_qdbzKos,https://music.youtube.com/watch?v=LvF_qdbzKos,SpaceSamba,ytmusic,100.0,2026-09-04T01:17:33
Tribal,Dauwd,The Yuzer (Aubrey's Solid Groove Mix),yes,6k8FG0QQG3s,https://music.youtube.com/watch?v=6k8FG0QQG3s,The Yuzer,ytmusic,100.0,2026-09-04T01:17:35
Tribal,Dauwd,The Yuzer (DJ Plead),yes,6k8FG0QQG3s,https://music.youtube.com/watch?v=6k8FG0QQG3s,The Yuzer,ytmusic,100.0,2026-09-04T01:17:32
Tribal,Dauwd,The Yuzer (Dub Mix),yes,6k8FG0QQG3s,https://music.youtube.com/watch?v=6k8FG0QQG3s,The Yuzer,ytmusic,100.0,2026-09-04T01:17:34
Tribal,Dr. Kucho!,Electric Woman,yes,GwzGOLVlu6U,https://music.youtube.com/watch?v=GwzGOLVlu6U,Electric Woman,ytmusic,100.0,2026-09-04T01:14:15
Tribal,Dr. Kucho!,Tribal Adventure,yes,-dSPiRhioWA,https://music.youtube.com/watch?v=-dSPiRhioWA,Tribal Adventure,ytmusic,100.0,2026-09-04T01:14:16
Tribal,Eat Static,Almost Human (Abduction Mix),yes,LE183Akpt-s,https://music.youtube.com/watch?v=LE183Akpt-s,Almost Human,ytmusic,100.0,2026-09-04T01:09:48
Tribal,Eat Static,Mother Planet,yes,012h8KzaR9w,https://music.youtube.com/watch?v=012h8KzaR9w,Mother Planet,ytmusic,100.0,2026-09-04T01:09:50
Tribal,Eat Static,Pupae (The Locust Song),yes,nbv_R1XcbJs,https://music.youtube.com/watch?v=nbv_R1XcbJs,Pupae,ytmusic,100.0,2026-09-04T01:09:50
Tribal,Eat Static,The Fourth Dimension,yes,nysiYpboArI,https://music.youtube.com/watch?v=nysiYpboArI,The Fourth Dimension,ytmusic,100.0,2026-09-04T01:09:49
Tribal,"Film Noir, Princess Julia",Out Of My Box (Accapella),yes,LhCQejWjNb8,https://music.youtube.com/watch?v=LhCQejWjNb8,Out Of My Box,ytmusic,100.0,2026-09-04T01:10:00
Tribal,"Film Noir, Princess Julia",Out Of My Box (DJ Antoine's Photomontage),yes,LhCQejWjNb8,https://music.youtube.com/watch?v=LhCQejWjNb8,Out Of My Box,ytmusic,100.0,2026-09-04T01:09:59
Tribal,"Film Noir, Princess Julia",Out Of My Box (Director's Cut),yes,mZhHyuDa1pc,https://music.youtube.com/watch?v=mZhHyuDa1pc,Out of My Box (Acapella),ytmusic,83.58208955223881,2026-09-04T01:09:58
Tribal,"Film Noir, Princess Julia",Out Of My Box (Physique's Smokescreen Footage),yes,LhCQejWjNb8,https://music.youtube.com/watch?v=LhCQejWjNb8,Out Of My Box,ytmusic,100.0,2026-09-04T01:09:58
Tribal,Science Friction,Dirty Den,yes,crPehSjLqYw,https://music.youtube.com/watch?v=crPehSjLqYw,Science Friction,ytmusic,88.88888888888889,2026-09-04T01:16:15
Tribal,Science Friction,Hooked,yes,87W0KM5QLKg,https://music.youtube.com/watch?v=87W0KM5QLKg,Science Friction - Hooked [SE12 019],ytmusic,100.0,2026-09-04T01:16:15
Tribal House,Angel Moraes,Tribal Function (Peter Bailey Final Remix),yes,TjIPnGeSfks,https://music.youtube.com/watch?v=TjIPnGeSfks,Angel Moraes - Tribal Function (Peter Bailey Final Remix),ytmusic,100.0,2026-09-04T01:16:49
Tribal House,Angel Moraes,Tribal Function (That Kid Chris Remix),yes,KIWTumgx7jo,https://music.youtube.com/watch?v=KIWTumgx7jo,Angel Moraes - A1 Tribal Function (That Kid Chris Remix)  (Tribal Function (Remixes) EP),ytmusic,100.0,2026-09-04T01:16:49
Tribal House,Black Traxx,Dance Forever,yes,6unCx5U6hcY,https://music.youtube.com/watch?v=6unCx5U6hcY,Black Traxx - Dance Forever,ytmusic,100.0,2026-09-04T01:17:02
Tribal House,Black Traxx,Doctor's Housecall,yes,UJb28J4ByJk,https://music.youtube.com/watch?v=UJb28J4ByJk,Doctor's Housecall,ytmusic,100.0,2026-09-04T01:16:59
Tribal House,Black Traxx,Everything,yes,_5CXdeuDZ8U,https://music.youtube.com/watch?v=_5CXdeuDZ8U,Black Traxx 3 - Everything - 1992,ytmusic,100.0,2026-09-04T01:16:59
Tribal House,Black Traxx,Nite Dance,yes,pX_iBz8_g0Y,https://music.youtube.com/watch?v=pX_iBz8_g0Y,Black Traxx 3 - Nite Dance,ytmusic,100.0,2026-09-04T01:17:01
Tribal House,Black Traxx,S.A.D. (Tribal Mix),yes,C8sbmUKoJfY,https://music.youtube.com/watch?v=C8sbmUKoJfY,Black Traxx ‎– S.A.D. (Tribal Mix),ytmusic,100.0,2026-09-04T01:17:03
Tribal House,Black Traxx,Your Mind Is So Crazy,yes,XSUlVf050ZI,https://music.youtube.com/watch?v=XSUlVf050ZI,Your Mind Is So Crazy (Extended Mix),ytmusic,100.0,2026-09-04T01:17:00
Tribal House,Live Element,Broken Soul,yes,elEHxtXhb-0,https://music.youtube.com/watch?v=elEHxtXhb-0,Live Element - Broken Soul,ytmusic,100.0,2026-09-04T01:15:43
Tribal House,Live Element,Broken Tribal Beats,yes,xc5vhRvZIM4,https://music.youtube.com/watch?v=xc5vhRvZIM4,Broken,ytmusic,100.0,2026-09-04T01:15:44
Tribal House,Live Element,Get Away!,yes,wmA6qC5Oyxg,https://music.youtube.com/watch?v=wmA6qC5Oyxg,Live Element - Get Away!,ytmusic,100.0,2026-09-04T01:15:45
Tribal House,Live Element,I Can't Understand,yes,K3Ivtl5atyQ,https://music.youtube.com/watch?v=K3Ivtl5atyQ,Live Element - I Can't Understand,ytmusic,100.0,2026-09-04T01:15:45
Trip Hop,Depeche Mode,It's No Good (Club 69 Funk Dub),yes,hg-cKc0ija0,https://music.youtube.com/watch?v=hg-cKc0ija0,It's No Good,ytmusic,100.0,2026-09-04T01:10:26
Trip Hop,Depeche Mode,It's No Good (Club 69 Future Dub),yes,hg-cKc0ija0,https://music.youtube.com/watch?v=hg-cKc0ija0,It's No Good,ytmusic,100.0,2026-09-04T01:10:25
Trip Hop,Depeche Mode,It's No Good (Club 69 Future Mix),yes,Xg6g1M1_AdM,https://music.youtube.com/watch?v=Xg6g1M1_AdM,It's No Good (Club 69 Future Mix),ytmusic,100.0,2026-09-04T01:10:24
Trip Hop,Depeche Mode,It's No Good (Hardfloor Mix),yes,S6ymbPfFnRA,https://music.youtube.com/watch?v=S6ymbPfFnRA,It's No Good (Hardfloor Mix),ytmusic,100.0,2026-09-04T01:10:24
Trip Hop,Depeche Mode,It's No Good (Speedy J Mix),yes,K8hSWE8h73E,https://music.youtube.com/watch?v=K8hSWE8h73E,It's No Good (Speedy J Mix),ytmusic,100.0,2026-09-04T01:10:23
UK Garage,"Antonio (2), Crazy Bank",Hyperfunk (Original),yes,bOdofQDUrKs,https://music.youtube.com/watch?v=bOdofQDUrKs,Hyperfunk,ytmusic,100.0,2026-09-04T01:22:12
UK Garage,"Antonio (2), Crazy Bank",Your Love (Original),yes,BNbhburEDyY,https://music.youtube.com/watch?v=BNbhburEDyY,Your Love,ytmusic,100.0,2026-09-04T01:22:12
UK Garage,Double 99,Ripgroove (Riphousz Mix),yes,yvLuZEh5PWs,https://music.youtube.com/watch?v=yvLuZEh5PWs,Ripgroove,ytmusic,100.0,2026-09-04T01:22:10
UK Garage,Double 99,Up With You,yes,U1ehSPCA0IA,https://music.youtube.com/watch?v=U1ehSPCA0IA,Double 99 Up With You,ytmusic,100.0,2026-09-04T01:22:11
UK Garage,Oxide & Neutrino,Foot 2 Da Floor,yes,zU7rdggJST4,https://music.youtube.com/watch?v=zU7rdggJST4,Foot 2 Da Floor,ytmusic,100.0,2026-09-04T01:20:43
UK Garage,Oxide & Neutrino,Only Wanna Know U Cos Ure Famous (Instrumental),yes,Gkdt6WjpOhY,https://music.youtube.com/watch?v=Gkdt6WjpOhY,Oxide & Neutrino - Only wanna know u cos ure famous (remix) [UNCUT],ytmusic,86.72566371681415,2026-09-04T01:20:43
UK Garage,Various,Acid Pop,yes,TdUAN18xsXM,https://music.youtube.com/watch?v=TdUAN18xsXM,Various - Acid Dreams. Sixties. Album Vinyl 2010,ytmusic,85.71428571428571,2026-09-04T01:18:57
UK Garage,Various,Ali Bei,yes,jjZVAcBG3Vc,https://music.youtube.com/watch?v=jjZVAcBG3Vc,"Lieder, Op. 16: No. 1, Ali Bei",ytdlp,63.63636363636363,2026-09-04T01:59:51
UK Garage,Various,Around,yes,JVuuatjHGnY,https://music.youtube.com/watch?v=JVuuatjHGnY,Lisa Stansfield - All Around the World,ytdlp,60.0,2026-09-04T01:19:00
UK Garage,Various,The House of Boppulus Toppulus,yes,PK7Nzv_VomA,https://music.youtube.com/watch?v=PK7Nzv_VomA,Papolious Jones - The House Of Boppulus Toppulus (-3%),ytmusic,88.23529411764706,2026-09-04T01:18:56
